solid OpenSCAD_Model
  facet normal 0.595669 0.80323 -0
    outer loop
      vertex 84.207 53.1152 0
      vertex 83.9067 53.3379 8
      vertex 84.207 53.1152 8
    endloop
  endfacet
  facet normal 0.595669 0.80323 0
    outer loop
      vertex 83.9067 53.3379 8
      vertex 84.207 53.1152 0
      vertex 83.9067 53.3379 0
    endloop
  endfacet
  facet normal 0.04906 -0.998796 0
    outer loop
      vertex 81.79 1.90735e-06 0
      vertex 82.1634 0.018343 8
      vertex 81.79 1.90735e-06 8
    endloop
  endfacet
  facet normal 0.04906 -0.998796 0
    outer loop
      vertex 82.1634 0.018343 8
      vertex 81.79 1.90735e-06 0
      vertex 82.1634 0.018343 0
    endloop
  endfacet
  facet normal 0 1 0
    outer loop
      vertex 81.79 53.98 8
      vertex 70.5 53.98 2
      vertex 70.5 53.98 8
    endloop
  endfacet
  facet normal 0 1 0
    outer loop
      vertex 70.5 53.98 2
      vertex 81.79 53.98 0
      vertex 39.53 53.98 2
    endloop
  endfacet
  facet normal 0 1 -0
    outer loop
      vertex 81.79 53.98 0
      vertex 70.5 53.98 2
      vertex 81.79 53.98 8
    endloop
  endfacet
  facet normal 0 1 0
    outer loop
      vertex 39.53 53.98 8
      vertex 18.78 53.98 3.5
      vertex 18.78 53.98 8
    endloop
  endfacet
  facet normal 0 1 0
    outer loop
      vertex 3.81 53.98 0
      vertex 18.78 53.98 3.5
      vertex 39.53 53.98 2
    endloop
  endfacet
  facet normal 0 1 -0
    outer loop
      vertex 39.53 53.98 2
      vertex 18.78 53.98 3.5
      vertex 39.53 53.98 8
    endloop
  endfacet
  facet normal 0 1 -0
    outer loop
      vertex 11.78 53.98 3.5
      vertex 3.81 53.98 8
      vertex 11.78 53.98 8
    endloop
  endfacet
  facet normal 0 1 0
    outer loop
      vertex 11.78 53.98 3.5
      vertex 3.81 53.98 0
      vertex 3.81 53.98 8
    endloop
  endfacet
  facet normal 0 1 0
    outer loop
      vertex 18.78 53.98 3.5
      vertex 3.81 53.98 0
      vertex 11.78 53.98 3.5
    endloop
  endfacet
  facet normal 0 1 0
    outer loop
      vertex 3.81 53.98 0
      vertex 39.53 53.98 2
      vertex 81.79 53.98 0
    endloop
  endfacet
  facet normal -0.857717 0.514122 0
    outer loop
      vertex 0.449877 51.966 0
      vertex 0.642107 52.2867 8
      vertex 0.642107 52.2867 0
    endloop
  endfacet
  facet normal -0.857717 0.514122 0
    outer loop
      vertex 0.642107 52.2867 8
      vertex 0.449877 51.966 0
      vertex 0.449877 51.966 8
    endloop
  endfacet
  facet normal -0.998796 0.04906 0
    outer loop
      vertex 1.90735e-06 50.17 0
      vertex 0.018343 50.5434 8
      vertex 0.018343 50.5434 0
    endloop
  endfacet
  facet normal -0.998796 0.04906 0
    outer loop
      vertex 0.018343 50.5434 8
      vertex 1.90735e-06 50.17 0
      vertex 1.90735e-06 50.17 8
    endloop
  endfacet
  facet normal 0.80323 0.595669 0
    outer loop
      vertex 84.9579 52.2867 8
      vertex 84.7352 52.587 0
      vertex 84.7352 52.587 8
    endloop
  endfacet
  facet normal 0.80323 0.595669 0
    outer loop
      vertex 84.7352 52.587 0
      vertex 84.9579 52.2867 8
      vertex 84.9579 52.2867 0
    endloop
  endfacet
  facet normal -0.0492119 0.998788 0
    outer loop
      vertex 3.81 53.98 0
      vertex 3.43656 53.9616 8
      vertex 3.81 53.98 8
    endloop
  endfacet
  facet normal -0.0492119 0.998788 0
    outer loop
      vertex 3.43656 53.9616 8
      vertex 3.81 53.98 0
      vertex 3.43656 53.9616 0
    endloop
  endfacet
  facet normal 0.427531 -0.904001 0
    outer loop
      vertex 83.248 0.290026 0
      vertex 83.586 0.449877 8
      vertex 83.248 0.290026 8
    endloop
  endfacet
  facet normal 0.427531 -0.904001 0
    outer loop
      vertex 83.586 0.449877 8
      vertex 83.248 0.290026 0
      vertex 83.586 0.449877 0
    endloop
  endfacet
  facet normal 0.336777 0.941584 -0
    outer loop
      vertex 83.248 53.69 0
      vertex 82.896 53.8159 8
      vertex 83.248 53.69 8
    endloop
  endfacet
  facet normal 0.336777 0.941584 0
    outer loop
      vertex 82.896 53.8159 8
      vertex 83.248 53.69 0
      vertex 82.896 53.8159 0
    endloop
  endfacet
  facet normal -1 0 0
    outer loop
      vertex 1.90735e-06 3.81 0
      vertex 1.90735e-06 50.17 8
      vertex 1.90735e-06 50.17 0
    endloop
  endfacet
  facet normal -1 -0 0
    outer loop
      vertex 1.90735e-06 50.17 8
      vertex 1.90735e-06 3.81 0
      vertex 1.90735e-06 3.81 8
    endloop
  endfacet
  facet normal 0 -1 0
    outer loop
      vertex 3.81 1.90735e-06 0
      vertex 81.79 1.90735e-06 8
      vertex 3.81 1.90735e-06 8
    endloop
  endfacet
  facet normal 0 -1 -0
    outer loop
      vertex 81.79 1.90735e-06 8
      vertex 3.81 1.90735e-06 0
      vertex 81.79 1.90735e-06 0
    endloop
  endfacet
  facet normal -0.146749 -0.989174 0
    outer loop
      vertex 3.0667 0.0732136 0
      vertex 3.43656 0.018343 8
      vertex 3.0667 0.0732136 8
    endloop
  endfacet
  facet normal -0.146749 -0.989174 -0
    outer loop
      vertex 3.43656 0.018343 8
      vertex 3.0667 0.0732136 0
      vertex 3.43656 0.018343 0
    endloop
  endfacet
  facet normal 0.671487 0.741016 -0
    outer loop
      vertex 84.4841 52.8641 0
      vertex 84.207 53.1152 8
      vertex 84.4841 52.8641 8
    endloop
  endfacet
  facet normal 0.671487 0.741016 0
    outer loop
      vertex 84.207 53.1152 8
      vertex 84.4841 52.8641 0
      vertex 84.207 53.1152 0
    endloop
  endfacet
  facet normal -0.146564 0.989201 0
    outer loop
      vertex 3.43656 53.9616 0
      vertex 3.0667 53.9068 8
      vertex 3.43656 53.9616 8
    endloop
  endfacet
  facet normal -0.146564 0.989201 0
    outer loop
      vertex 3.0667 53.9068 8
      vertex 3.43656 53.9616 0
      vertex 3.0667 53.9068 0
    endloop
  endfacet
  facet normal -0.0490548 -0.998796 0
    outer loop
      vertex 3.43656 0.018343 0
      vertex 3.81 1.90735e-06 8
      vertex 3.43656 0.018343 8
    endloop
  endfacet
  facet normal -0.0490548 -0.998796 -0
    outer loop
      vertex 3.81 1.90735e-06 8
      vertex 3.43656 0.018343 0
      vertex 3.81 1.90735e-06 0
    endloop
  endfacet
  facet normal 0 0 -1
    outer loop
      vertex 81.79 1.90735e-06 0
      vertex 85.6 3.81 0
      vertex 85.5816 3.43656 0
    endloop
  endfacet
  facet normal -0 0 -1
    outer loop
      vertex 85.6 3.81 0
      vertex 81.79 1.90735e-06 0
      vertex 85.6 50.17 0
    endloop
  endfacet
  facet normal 0 0 -1
    outer loop
      vertex 81.79 1.90735e-06 0
      vertex 85.5816 3.43656 0
      vertex 85.5268 3.0667 0
    endloop
  endfacet
  facet normal 0 0 -1
    outer loop
      vertex 81.79 53.98 0
      vertex 85.6 50.17 0
      vertex 81.79 1.90735e-06 0
    endloop
  endfacet
  facet normal 0 0 -1
    outer loop
      vertex 81.79 1.90735e-06 0
      vertex 85.5268 3.0667 0
      vertex 85.4359 2.70401 0
    endloop
  endfacet
  facet normal 0 0 -1
    outer loop
      vertex 85.6 50.17 0
      vertex 81.79 53.98 0
      vertex 85.5816 50.5434 0
    endloop
  endfacet
  facet normal 0 0 -1
    outer loop
      vertex 81.79 1.90735e-06 0
      vertex 85.4359 2.70401 0
      vertex 85.31 2.35198 0
    endloop
  endfacet
  facet normal 0 0 -1
    outer loop
      vertex 85.5816 50.5434 0
      vertex 81.79 53.98 0
      vertex 85.5268 50.9133 0
    endloop
  endfacet
  facet normal 0 0 -1
    outer loop
      vertex 81.79 1.90735e-06 0
      vertex 85.31 2.35198 0
      vertex 85.1501 2.01398 0
    endloop
  endfacet
  facet normal 0 0 -1
    outer loop
      vertex 85.5268 50.9133 0
      vertex 81.79 53.98 0
      vertex 85.4359 51.276 0
    endloop
  endfacet
  facet normal 0 0 -1
    outer loop
      vertex 81.79 1.90735e-06 0
      vertex 85.1501 2.01398 0
      vertex 84.9579 1.69327 0
    endloop
  endfacet
  facet normal 0 0 -1
    outer loop
      vertex 85.4359 51.276 0
      vertex 81.79 53.98 0
      vertex 85.31 51.628 0
    endloop
  endfacet
  facet normal 0 0 -1
    outer loop
      vertex 81.79 1.90735e-06 0
      vertex 84.9579 1.69327 0
      vertex 84.7352 1.39296 0
    endloop
  endfacet
  facet normal 0 0 -1
    outer loop
      vertex 85.31 51.628 0
      vertex 81.79 53.98 0
      vertex 85.1501 51.966 0
    endloop
  endfacet
  facet normal 0 0 -1
    outer loop
      vertex 81.79 1.90735e-06 0
      vertex 84.7352 1.39296 0
      vertex 84.4841 1.11592 0
    endloop
  endfacet
  facet normal 0 0 -1
    outer loop
      vertex 85.1501 51.966 0
      vertex 81.79 53.98 0
      vertex 84.9579 52.2867 0
    endloop
  endfacet
  facet normal 0 0 -1
    outer loop
      vertex 81.79 1.90735e-06 0
      vertex 84.4841 1.11592 0
      vertex 84.207 0.864824 0
    endloop
  endfacet
  facet normal 0 0 -1
    outer loop
      vertex 84.9579 52.2867 0
      vertex 81.79 53.98 0
      vertex 84.7352 52.587 0
    endloop
  endfacet
  facet normal 0 0 -1
    outer loop
      vertex 81.79 1.90735e-06 0
      vertex 84.207 0.864824 0
      vertex 83.9067 0.642107 0
    endloop
  endfacet
  facet normal 0 0 -1
    outer loop
      vertex 84.7352 52.587 0
      vertex 81.79 53.98 0
      vertex 84.4841 52.8641 0
    endloop
  endfacet
  facet normal 0 0 -1
    outer loop
      vertex 81.79 1.90735e-06 0
      vertex 83.9067 0.642107 0
      vertex 83.586 0.449877 0
    endloop
  endfacet
  facet normal 0 0 -1
    outer loop
      vertex 84.4841 52.8641 0
      vertex 81.79 53.98 0
      vertex 84.207 53.1152 0
    endloop
  endfacet
  facet normal 0 0 -1
    outer loop
      vertex 81.79 1.90735e-06 0
      vertex 83.586 0.449877 0
      vertex 83.248 0.290026 0
    endloop
  endfacet
  facet normal 0 0 -1
    outer loop
      vertex 84.207 53.1152 0
      vertex 81.79 53.98 0
      vertex 83.9067 53.3379 0
    endloop
  endfacet
  facet normal 0 0 -1
    outer loop
      vertex 81.79 1.90735e-06 0
      vertex 83.248 0.290026 0
      vertex 82.896 0.164064 0
    endloop
  endfacet
  facet normal 0 0 -1
    outer loop
      vertex 83.9067 53.3379 0
      vertex 81.79 53.98 0
      vertex 83.586 53.5301 0
    endloop
  endfacet
  facet normal 0 0 -1
    outer loop
      vertex 81.79 1.90735e-06 0
      vertex 82.896 0.164064 0
      vertex 82.5333 0.0732136 0
    endloop
  endfacet
  facet normal 0 0 -1
    outer loop
      vertex 83.586 53.5301 0
      vertex 81.79 53.98 0
      vertex 83.248 53.69 0
    endloop
  endfacet
  facet normal 0 0 -1
    outer loop
      vertex 81.79 1.90735e-06 0
      vertex 82.5333 0.0732136 0
      vertex 82.1634 0.018343 0
    endloop
  endfacet
  facet normal 0 0 -1
    outer loop
      vertex 83.248 53.69 0
      vertex 81.79 53.98 0
      vertex 82.896 53.8159 0
    endloop
  endfacet
  facet normal 0 0 -1
    outer loop
      vertex 82.896 53.8159 0
      vertex 81.79 53.98 0
      vertex 82.5333 53.9068 0
    endloop
  endfacet
  facet normal 0 0 -1
    outer loop
      vertex 82.5333 53.9068 0
      vertex 81.79 53.98 0
      vertex 82.1634 53.9616 0
    endloop
  endfacet
  facet normal 0 0 -1
    outer loop
      vertex 3.81 1.90735e-06 0
      vertex 81.79 53.98 0
      vertex 81.79 1.90735e-06 0
    endloop
  endfacet
  facet normal 0 0 -1
    outer loop
      vertex 3.81 1.90735e-06 0
      vertex 3.81 53.98 0
      vertex 81.79 53.98 0
    endloop
  endfacet
  facet normal 0 0 -1
    outer loop
      vertex 1.90735e-06 3.81 0
      vertex 3.81 1.90735e-06 0
      vertex 3.43656 0.018343 0
    endloop
  endfacet
  facet normal 0 0 -1
    outer loop
      vertex 3.81 1.90735e-06 0
      vertex 1.90735e-06 3.81 0
      vertex 3.81 53.98 0
    endloop
  endfacet
  facet normal 0 0 -1
    outer loop
      vertex 1.90735e-06 3.81 0
      vertex 3.43656 0.018343 0
      vertex 3.0667 0.0732136 0
    endloop
  endfacet
  facet normal 0 0 -1
    outer loop
      vertex 1.90735e-06 50.17 0
      vertex 3.81 53.98 0
      vertex 1.90735e-06 3.81 0
    endloop
  endfacet
  facet normal 0 0 -1
    outer loop
      vertex 1.90735e-06 3.81 0
      vertex 3.0667 0.0732136 0
      vertex 2.70401 0.164064 0
    endloop
  endfacet
  facet normal 0 0 -1
    outer loop
      vertex 3.81 53.98 0
      vertex 1.90735e-06 50.17 0
      vertex 3.43656 53.9616 0
    endloop
  endfacet
  facet normal 0 0 -1
    outer loop
      vertex 1.90735e-06 3.81 0
      vertex 2.70401 0.164064 0
      vertex 2.35198 0.290026 0
    endloop
  endfacet
  facet normal 0 0 -1
    outer loop
      vertex 3.43656 53.9616 0
      vertex 1.90735e-06 50.17 0
      vertex 3.0667 53.9068 0
    endloop
  endfacet
  facet normal 0 0 -1
    outer loop
      vertex 1.90735e-06 3.81 0
      vertex 2.35198 0.290026 0
      vertex 2.01398 0.449877 0
    endloop
  endfacet
  facet normal 0 0 -1
    outer loop
      vertex 3.0667 53.9068 0
      vertex 1.90735e-06 50.17 0
      vertex 2.70401 53.8159 0
    endloop
  endfacet
  facet normal 0 0 -1
    outer loop
      vertex 1.90735e-06 3.81 0
      vertex 2.01398 0.449877 0
      vertex 1.69327 0.642107 0
    endloop
  endfacet
  facet normal 0 0 -1
    outer loop
      vertex 2.70401 53.8159 0
      vertex 1.90735e-06 50.17 0
      vertex 2.35198 53.69 0
    endloop
  endfacet
  facet normal 0 0 -1
    outer loop
      vertex 1.90735e-06 3.81 0
      vertex 1.69327 0.642107 0
      vertex 1.39296 0.864824 0
    endloop
  endfacet
  facet normal 0 0 -1
    outer loop
      vertex 2.35198 53.69 0
      vertex 1.90735e-06 50.17 0
      vertex 2.01398 53.5301 0
    endloop
  endfacet
  facet normal 0 0 -1
    outer loop
      vertex 1.90735e-06 3.81 0
      vertex 1.39296 0.864824 0
      vertex 1.11592 1.11592 0
    endloop
  endfacet
  facet normal 0 0 -1
    outer loop
      vertex 2.01398 53.5301 0
      vertex 1.90735e-06 50.17 0
      vertex 1.69327 53.3379 0
    endloop
  endfacet
  facet normal 0 0 -1
    outer loop
      vertex 1.90735e-06 3.81 0
      vertex 1.11592 1.11592 0
      vertex 0.864824 1.39296 0
    endloop
  endfacet
  facet normal 0 0 -1
    outer loop
      vertex 1.69327 53.3379 0
      vertex 1.90735e-06 50.17 0
      vertex 1.39296 53.1152 0
    endloop
  endfacet
  facet normal 0 0 -1
    outer loop
      vertex 1.90735e-06 3.81 0
      vertex 0.864824 1.39296 0
      vertex 0.642107 1.69327 0
    endloop
  endfacet
  facet normal 0 0 -1
    outer loop
      vertex 1.39296 53.1152 0
      vertex 1.90735e-06 50.17 0
      vertex 1.11592 52.8641 0
    endloop
  endfacet
  facet normal 0 0 -1
    outer loop
      vertex 1.90735e-06 3.81 0
      vertex 0.642107 1.69327 0
      vertex 0.449877 2.01398 0
    endloop
  endfacet
  facet normal 0 0 -1
    outer loop
      vertex 1.11592 52.8641 0
      vertex 1.90735e-06 50.17 0
      vertex 0.864824 52.587 0
    endloop
  endfacet
  facet normal 0 0 -1
    outer loop
      vertex 1.90735e-06 3.81 0
      vertex 0.449877 2.01398 0
      vertex 0.290026 2.35198 0
    endloop
  endfacet
  facet normal 0 0 -1
    outer loop
      vertex 0.864824 52.587 0
      vertex 1.90735e-06 50.17 0
      vertex 0.642107 52.2867 0
    endloop
  endfacet
  facet normal 0 0 -1
    outer loop
      vertex 1.90735e-06 3.81 0
      vertex 0.290026 2.35198 0
      vertex 0.164064 2.70401 0
    endloop
  endfacet
  facet normal 0 0 -1
    outer loop
      vertex 0.642107 52.2867 0
      vertex 1.90735e-06 50.17 0
      vertex 0.449877 51.966 0
    endloop
  endfacet
  facet normal 0 0 -1
    outer loop
      vertex 1.90735e-06 3.81 0
      vertex 0.164064 2.70401 0
      vertex 0.0732136 3.0667 0
    endloop
  endfacet
  facet normal 0 0 -1
    outer loop
      vertex 0.449877 51.966 0
      vertex 1.90735e-06 50.17 0
      vertex 0.290026 51.628 0
    endloop
  endfacet
  facet normal 0 0 -1
    outer loop
      vertex 1.90735e-06 3.81 0
      vertex 0.0732136 3.0667 0
      vertex 0.018343 3.43656 0
    endloop
  endfacet
  facet normal 0 0 -1
    outer loop
      vertex 0.290026 51.628 0
      vertex 1.90735e-06 50.17 0
      vertex 0.164064 51.276 0
    endloop
  endfacet
  facet normal 0 0 -1
    outer loop
      vertex 0.164064 51.276 0
      vertex 1.90735e-06 50.17 0
      vertex 0.0732136 50.9133 0
    endloop
  endfacet
  facet normal 0 0 -1
    outer loop
      vertex 0.0732136 50.9133 0
      vertex 1.90735e-06 50.17 0
      vertex 0.018343 50.5434 0
    endloop
  endfacet
  facet normal 0.146549 0.989203 -0
    outer loop
      vertex 82.5333 53.9068 0
      vertex 82.1634 53.9616 8
      vertex 82.5333 53.9068 8
    endloop
  endfacet
  facet normal 0.146549 0.989203 0
    outer loop
      vertex 82.1634 53.9616 8
      vertex 82.5333 53.9068 0
      vertex 82.1634 53.9616 0
    endloop
  endfacet
  facet normal -0.989176 0.146733 0
    outer loop
      vertex 0.018343 50.5434 0
      vertex 0.0732136 50.9133 8
      vertex 0.0732136 50.9133 0
    endloop
  endfacet
  facet normal -0.989176 0.146733 0
    outer loop
      vertex 0.0732136 50.9133 8
      vertex 0.018343 50.5434 0
      vertex 0.018343 50.5434 8
    endloop
  endfacet
  facet normal -0.671567 0.740944 0
    outer loop
      vertex 1.39296 53.1152 0
      vertex 1.11592 52.8641 8
      vertex 1.39296 53.1152 8
    endloop
  endfacet
  facet normal -0.671567 0.740944 0
    outer loop
      vertex 1.11592 52.8641 8
      vertex 1.39296 53.1152 0
      vertex 1.11592 52.8641 0
    endloop
  endfacet
  facet normal -0.51411 -0.857724 0
    outer loop
      vertex 1.69327 0.642107 0
      vertex 2.01398 0.449877 8
      vertex 1.69327 0.642107 8
    endloop
  endfacet
  facet normal -0.51411 -0.857724 -0
    outer loop
      vertex 2.01398 0.449877 8
      vertex 1.69327 0.642107 0
      vertex 2.01398 0.449877 0
    endloop
  endfacet
  facet normal -0.427638 0.90395 0
    outer loop
      vertex 2.35198 53.69 0
      vertex 2.01398 53.5301 8
      vertex 2.35198 53.69 8
    endloop
  endfacet
  facet normal -0.427638 0.90395 0
    outer loop
      vertex 2.01398 53.5301 8
      vertex 2.35198 53.69 0
      vertex 2.01398 53.5301 0
    endloop
  endfacet
  facet normal 0.0492172 0.998788 -0
    outer loop
      vertex 82.1634 53.9616 0
      vertex 81.79 53.98 8
      vertex 82.1634 53.9616 8
    endloop
  endfacet
  facet normal 0.0492172 0.998788 0
    outer loop
      vertex 81.79 53.98 8
      vertex 82.1634 53.9616 0
      vertex 81.79 53.98 0
    endloop
  endfacet
  facet normal 0.595698 -0.803208 0
    outer loop
      vertex 83.9067 0.642107 0
      vertex 84.207 0.864824 8
      vertex 83.9067 0.642107 8
    endloop
  endfacet
  facet normal 0.595698 -0.803208 0
    outer loop
      vertex 84.207 0.864824 8
      vertex 83.9067 0.642107 0
      vertex 84.207 0.864824 0
    endloop
  endfacet
  facet normal 0.998788 0.0492172 0
    outer loop
      vertex 85.6 50.17 8
      vertex 85.5816 50.5434 0
      vertex 85.5816 50.5434 8
    endloop
  endfacet
  facet normal 0.998788 0.0492172 0
    outer loop
      vertex 85.5816 50.5434 0
      vertex 85.6 50.17 8
      vertex 85.6 50.17 0
    endloop
  endfacet
  facet normal -0.514051 0.857759 0
    outer loop
      vertex 2.01398 53.5301 0
      vertex 1.69327 53.3379 8
      vertex 2.01398 53.5301 8
    endloop
  endfacet
  facet normal -0.514051 0.857759 0
    outer loop
      vertex 1.69327 53.3379 8
      vertex 2.01398 53.5301 0
      vertex 1.69327 53.3379 0
    endloop
  endfacet
  facet normal 0.514063 0.857752 -0
    outer loop
      vertex 83.9067 53.3379 0
      vertex 83.586 53.5301 8
      vertex 83.9067 53.3379 8
    endloop
  endfacet
  facet normal 0.514063 0.857752 0
    outer loop
      vertex 83.586 53.5301 8
      vertex 83.9067 53.3379 0
      vertex 83.586 53.5301 0
    endloop
  endfacet
  facet normal 0.941594 -0.336751 0
    outer loop
      vertex 85.31 2.35198 8
      vertex 85.4359 2.70401 0
      vertex 85.4359 2.70401 8
    endloop
  endfacet
  facet normal 0.941594 -0.336751 0
    outer loop
      vertex 85.4359 2.70401 0
      vertex 85.31 2.35198 8
      vertex 85.31 2.35198 0
    endloop
  endfacet
  facet normal -0.741021 0.671481 0
    outer loop
      vertex 0.864824 52.587 0
      vertex 1.11592 52.8641 8
      vertex 1.11592 52.8641 0
    endloop
  endfacet
  facet normal -0.741021 0.671481 0
    outer loop
      vertex 1.11592 52.8641 8
      vertex 0.864824 52.587 0
      vertex 0.864824 52.587 8
    endloop
  endfacet
  facet normal -0.242983 -0.97003 0
    outer loop
      vertex 2.70401 0.164064 0
      vertex 3.0667 0.0732136 8
      vertex 2.70401 0.164064 8
    endloop
  endfacet
  facet normal -0.242983 -0.97003 -0
    outer loop
      vertex 3.0667 0.0732136 8
      vertex 2.70401 0.164064 0
      vertex 3.0667 0.0732136 0
    endloop
  endfacet
  facet normal 1 -0 0
    outer loop
      vertex 85.6 3.81 8
      vertex 85.6 50.17 0
      vertex 85.6 50.17 8
    endloop
  endfacet
  facet normal 1 0 0
    outer loop
      vertex 85.6 50.17 0
      vertex 85.6 3.81 8
      vertex 85.6 3.81 0
    endloop
  endfacet
  facet normal -0.595656 0.80324 0
    outer loop
      vertex 1.69327 53.3379 0
      vertex 1.39296 53.1152 8
      vertex 1.69327 53.3379 8
    endloop
  endfacet
  facet normal -0.595656 0.80324 0
    outer loop
      vertex 1.39296 53.1152 8
      vertex 1.69327 53.3379 0
      vertex 1.39296 53.1152 0
    endloop
  endfacet
  facet normal 0.80324 -0.595656 0
    outer loop
      vertex 84.7352 1.39296 8
      vertex 84.9579 1.69327 0
      vertex 84.9579 1.69327 8
    endloop
  endfacet
  facet normal 0.80324 -0.595656 0
    outer loop
      vertex 84.9579 1.69327 0
      vertex 84.7352 1.39296 8
      vertex 84.7352 1.39296 0
    endloop
  endfacet
  facet normal -0.243108 0.969999 0
    outer loop
      vertex 3.0667 53.9068 0
      vertex 2.70401 53.8159 8
      vertex 3.0667 53.9068 8
    endloop
  endfacet
  facet normal -0.243108 0.969999 0
    outer loop
      vertex 2.70401 53.8159 8
      vertex 3.0667 53.9068 0
      vertex 2.70401 53.8159 0
    endloop
  endfacet
  facet normal -0.998796 -0.0490548 0
    outer loop
      vertex 0.018343 3.43656 0
      vertex 1.90735e-06 3.81 8
      vertex 1.90735e-06 3.81 0
    endloop
  endfacet
  facet normal -0.998796 -0.0490548 0
    outer loop
      vertex 1.90735e-06 3.81 8
      vertex 0.018343 3.43656 0
      vertex 0.018343 3.43656 8
    endloop
  endfacet
  facet normal 0.998788 -0.0492119 0
    outer loop
      vertex 85.5816 3.43656 8
      vertex 85.6 3.81 0
      vertex 85.6 3.81 8
    endloop
  endfacet
  facet normal 0.998788 -0.0492119 0
    outer loop
      vertex 85.6 3.81 0
      vertex 85.5816 3.43656 8
      vertex 85.5816 3.43656 0
    endloop
  endfacet
  facet normal -0.336751 0.941594 0
    outer loop
      vertex 2.70401 53.8159 0
      vertex 2.35198 53.69 8
      vertex 2.70401 53.8159 8
    endloop
  endfacet
  facet normal -0.336751 0.941594 0
    outer loop
      vertex 2.35198 53.69 8
      vertex 2.70401 53.8159 0
      vertex 2.35198 53.69 0
    endloop
  endfacet
  facet normal 0.427638 0.90395 -0
    outer loop
      vertex 83.586 53.5301 0
      vertex 83.248 53.69 8
      vertex 83.586 53.5301 8
    endloop
  endfacet
  facet normal 0.427638 0.90395 0
    outer loop
      vertex 83.248 53.69 8
      vertex 83.586 53.5301 0
      vertex 83.248 53.69 0
    endloop
  endfacet
  facet normal -0.427531 -0.904001 0
    outer loop
      vertex 2.01398 0.449877 0
      vertex 2.35198 0.290026 8
      vertex 2.01398 0.449877 8
    endloop
  endfacet
  facet normal -0.427531 -0.904001 -0
    outer loop
      vertex 2.35198 0.290026 8
      vertex 2.01398 0.449877 0
      vertex 2.35198 0.290026 0
    endloop
  endfacet
  facet normal -0.336899 -0.941541 0
    outer loop
      vertex 2.35198 0.290026 0
      vertex 2.70401 0.164064 8
      vertex 2.35198 0.290026 8
    endloop
  endfacet
  facet normal -0.336899 -0.941541 -0
    outer loop
      vertex 2.70401 0.164064 8
      vertex 2.35198 0.290026 0
      vertex 2.70401 0.164064 0
    endloop
  endfacet
  facet normal -0.941532 0.336924 0
    outer loop
      vertex 0.164064 51.276 0
      vertex 0.290026 51.628 8
      vertex 0.290026 51.628 0
    endloop
  endfacet
  facet normal -0.941532 0.336924 0
    outer loop
      vertex 0.290026 51.628 8
      vertex 0.164064 51.276 0
      vertex 0.164064 51.276 8
    endloop
  endfacet
  facet normal 0.242977 -0.970032 0
    outer loop
      vertex 82.5333 0.0732136 0
      vertex 82.896 0.164064 8
      vertex 82.5333 0.0732136 8
    endloop
  endfacet
  facet normal 0.242977 -0.970032 0
    outer loop
      vertex 82.896 0.164064 8
      vertex 82.5333 0.0732136 0
      vertex 82.896 0.164064 0
    endloop
  endfacet
  facet normal -0.970032 0.242977 0
    outer loop
      vertex 0.0732136 50.9133 0
      vertex 0.164064 51.276 8
      vertex 0.164064 51.276 0
    endloop
  endfacet
  facet normal -0.970032 0.242977 0
    outer loop
      vertex 0.164064 51.276 8
      vertex 0.0732136 50.9133 0
      vertex 0.0732136 50.9133 8
    endloop
  endfacet
  facet normal 0.741016 0.671487 0
    outer loop
      vertex 84.7352 52.587 8
      vertex 84.4841 52.8641 0
      vertex 84.4841 52.8641 8
    endloop
  endfacet
  facet normal 0.741016 0.671487 0
    outer loop
      vertex 84.4841 52.8641 0
      vertex 84.7352 52.587 8
      vertex 84.7352 52.587 0
    endloop
  endfacet
  facet normal -0.989174 -0.146749 0
    outer loop
      vertex 0.0732136 3.0667 0
      vertex 0.018343 3.43656 8
      vertex 0.018343 3.43656 0
    endloop
  endfacet
  facet normal -0.989174 -0.146749 0
    outer loop
      vertex 0.018343 3.43656 8
      vertex 0.0732136 3.0667 0
      vertex 0.0732136 3.0667 8
    endloop
  endfacet
  facet normal 0.970001 0.243102 0
    outer loop
      vertex 85.5268 50.9133 8
      vertex 85.4359 51.276 0
      vertex 85.4359 51.276 8
    endloop
  endfacet
  facet normal 0.970001 0.243102 0
    outer loop
      vertex 85.4359 51.276 0
      vertex 85.5268 50.9133 8
      vertex 85.5268 50.9133 0
    endloop
  endfacet
  facet normal -0.671561 -0.740949 0
    outer loop
      vertex 1.11592 1.11592 0
      vertex 1.39296 0.864824 8
      vertex 1.11592 1.11592 8
    endloop
  endfacet
  facet normal -0.671561 -0.740949 -0
    outer loop
      vertex 1.39296 0.864824 8
      vertex 1.11592 1.11592 0
      vertex 1.39296 0.864824 0
    endloop
  endfacet
  facet normal 0.989203 0.146549 0
    outer loop
      vertex 85.5816 50.5434 8
      vertex 85.5268 50.9133 0
      vertex 85.5268 50.9133 8
    endloop
  endfacet
  facet normal 0.989203 0.146549 0
    outer loop
      vertex 85.5268 50.9133 0
      vertex 85.5816 50.5434 8
      vertex 85.5816 50.5434 0
    endloop
  endfacet
  facet normal -0.941541 -0.336899 0
    outer loop
      vertex 0.290026 2.35198 0
      vertex 0.164064 2.70401 8
      vertex 0.164064 2.70401 0
    endloop
  endfacet
  facet normal -0.941541 -0.336899 0
    outer loop
      vertex 0.164064 2.70401 8
      vertex 0.290026 2.35198 0
      vertex 0.290026 2.35198 8
    endloop
  endfacet
  facet normal 0.243102 0.970001 -0
    outer loop
      vertex 82.896 53.8159 0
      vertex 82.5333 53.9068 8
      vertex 82.896 53.8159 8
    endloop
  endfacet
  facet normal 0.243102 0.970001 0
    outer loop
      vertex 82.5333 53.9068 8
      vertex 82.896 53.8159 0
      vertex 82.5333 53.9068 0
    endloop
  endfacet
  facet normal 0 0 1
    outer loop
      vertex 7.555 4.45 8
      vertex 8.33 4.45 8
      vertex 8.31435 4.76855 8
    endloop
  endfacet
  facet normal 0 0 1
    outer loop
      vertex 7.54308 4.69259 8
      vertex 8.31435 4.76855 8
      vertex 8.26755 5.08404 8
    endloop
  endfacet
  facet normal 0 0 1
    outer loop
      vertex 8.33 4.45 8
      vertex 7.555 4.45 8
      vertex 8.31435 4.13144 8
    endloop
  endfacet
  facet normal 0 0 1
    outer loop
      vertex 7.50744 4.93285 8
      vertex 8.26755 5.08404 8
      vertex 8.19006 5.39342 8
    endloop
  endfacet
  facet normal -0 0 1
    outer loop
      vertex 7.54308 4.20741 8
      vertex 8.31435 4.13144 8
      vertex 7.555 4.45 8
    endloop
  endfacet
  facet normal 0 0 1
    outer loop
      vertex 7.44843 5.16845 8
      vertex 8.19006 5.39342 8
      vertex 8.08261 5.69372 8
    endloop
  endfacet
  facet normal 0 0 1
    outer loop
      vertex 8.31435 4.13144 8
      vertex 7.54308 4.20741 8
      vertex 8.26755 3.81596 8
    endloop
  endfacet
  facet normal 0 0 1
    outer loop
      vertex 7.3666 5.39714 8
      vertex 8.08261 5.69372 8
      vertex 7.94624 5.98204 8
    endloop
  endfacet
  facet normal -0 0 1
    outer loop
      vertex 7.50744 3.96715 8
      vertex 8.26755 3.81596 8
      vertex 7.54308 4.20741 8
    endloop
  endfacet
  facet normal 0 0 1
    outer loop
      vertex 7.26275 5.61671 8
      vertex 7.94624 5.98204 8
      vertex 7.78228 6.2556 8
    endloop
  endfacet
  facet normal 0 0 1
    outer loop
      vertex 8.26755 3.81596 8
      vertex 7.50744 3.96715 8
      vertex 8.19006 3.50657 8
    endloop
  endfacet
  facet normal 0 0 1
    outer loop
      vertex 7.13789 5.82504 8
      vertex 7.78228 6.2556 8
      vertex 7.59228 6.51178 8
    endloop
  endfacet
  facet normal -0 0 1
    outer loop
      vertex 7.44843 3.73155 8
      vertex 8.19006 3.50657 8
      vertex 7.50744 3.96715 8
    endloop
  endfacet
  facet normal 0 0 1
    outer loop
      vertex 8.19006 3.50657 8
      vertex 7.44843 3.73155 8
      vertex 8.08261 3.20628 8
    endloop
  endfacet
  facet normal 0 0 1
    outer loop
      vertex 8.31435 4.76855 8
      vertex 7.54308 4.69259 8
      vertex 7.555 4.45 8
    endloop
  endfacet
  facet normal 0 0 1
    outer loop
      vertex 8.26755 5.08404 8
      vertex 7.50744 4.93285 8
      vertex 7.54308 4.69259 8
    endloop
  endfacet
  facet normal 0 0 1
    outer loop
      vertex 8.19006 5.39342 8
      vertex 7.44843 5.16845 8
      vertex 7.50744 4.93285 8
    endloop
  endfacet
  facet normal 0 0 1
    outer loop
      vertex 6.9932 6.02012 8
      vertex 7.59228 6.51178 8
      vertex 7.3781 6.7481 8
    endloop
  endfacet
  facet normal 0 0 1
    outer loop
      vertex 8.08261 5.69372 8
      vertex 7.3666 5.39714 8
      vertex 7.44843 5.16845 8
    endloop
  endfacet
  facet normal 0 0 1
    outer loop
      vertex 7.94624 5.98204 8
      vertex 7.26275 5.61671 8
      vertex 7.3666 5.39714 8
    endloop
  endfacet
  facet normal 0 0 1
    outer loop
      vertex 6.83009 6.20009 8
      vertex 7.3781 6.7481 8
      vertex 7.14178 6.96228 8
    endloop
  endfacet
  facet normal 0 0 1
    outer loop
      vertex 7.78228 6.2556 8
      vertex 7.13789 5.82504 8
      vertex 7.26275 5.61671 8
    endloop
  endfacet
  facet normal 0 0 1
    outer loop
      vertex 7.59228 6.51178 8
      vertex 6.9932 6.02012 8
      vertex 7.13789 5.82504 8
    endloop
  endfacet
  facet normal 0 0 1
    outer loop
      vertex 6.65012 6.3632 8
      vertex 7.14178 6.96228 8
      vertex 6.8856 7.15228 8
    endloop
  endfacet
  facet normal 0 0 1
    outer loop
      vertex 7.3781 6.7481 8
      vertex 6.83009 6.20009 8
      vertex 6.9932 6.02012 8
    endloop
  endfacet
  facet normal 0 0 1
    outer loop
      vertex 7.14178 6.96228 8
      vertex 6.65012 6.3632 8
      vertex 6.83009 6.20009 8
    endloop
  endfacet
  facet normal 0 0 1
    outer loop
      vertex 6.45504 6.50789 8
      vertex 6.8856 7.15228 8
      vertex 6.61204 7.31624 8
    endloop
  endfacet
  facet normal 0 0 1
    outer loop
      vertex 6.8856 7.15228 8
      vertex 6.45504 6.50789 8
      vertex 6.65012 6.3632 8
    endloop
  endfacet
  facet normal 0 0 1
    outer loop
      vertex 6.24671 6.63275 8
      vertex 6.61204 7.31624 8
      vertex 6.32372 7.45261 8
    endloop
  endfacet
  facet normal 0 0 1
    outer loop
      vertex 6.61204 7.31624 8
      vertex 6.24671 6.63275 8
      vertex 6.45504 6.50789 8
    endloop
  endfacet
  facet normal 0 0 1
    outer loop
      vertex 6.32372 7.45261 8
      vertex 6.02714 6.7366 8
      vertex 6.24671 6.63275 8
    endloop
  endfacet
  facet normal 0 0 1
    outer loop
      vertex 6.02343 7.56006 8
      vertex 6.02714 6.7366 8
      vertex 6.32372 7.45261 8
    endloop
  endfacet
  facet normal 0 0 1
    outer loop
      vertex 6.02343 7.56006 8
      vertex 5.79845 6.81843 8
      vertex 6.02714 6.7366 8
    endloop
  endfacet
  facet normal 0 0 1
    outer loop
      vertex 5.71404 7.63755 8
      vertex 5.79845 6.81843 8
      vertex 6.02343 7.56006 8
    endloop
  endfacet
  facet normal 0 0 1
    outer loop
      vertex 5.71404 7.63755 8
      vertex 5.56285 6.87744 8
      vertex 5.79845 6.81843 8
    endloop
  endfacet
  facet normal 0 0 1
    outer loop
      vertex 5.39855 7.68435 8
      vertex 5.56285 6.87744 8
      vertex 5.71404 7.63755 8
    endloop
  endfacet
  facet normal 0 0 1
    outer loop
      vertex 5.39855 7.68435 8
      vertex 5.32259 6.91308 8
      vertex 5.56285 6.87744 8
    endloop
  endfacet
  facet normal 0 0 1
    outer loop
      vertex 5.08 7.7 8
      vertex 5.32259 6.91308 8
      vertex 5.39855 7.68435 8
    endloop
  endfacet
  facet normal 0 0 1
    outer loop
      vertex 5.08 7.7 8
      vertex 5.08 6.925 8
      vertex 5.32259 6.91308 8
    endloop
  endfacet
  facet normal 0 0 1
    outer loop
      vertex 5.08 7.7 8
      vertex 4.83741 6.91308 8
      vertex 5.08 6.925 8
    endloop
  endfacet
  facet normal -0 0 1
    outer loop
      vertex 4.76145 7.68435 8
      vertex 4.83741 6.91308 8
      vertex 5.08 7.7 8
    endloop
  endfacet
  facet normal 0 0 1
    outer loop
      vertex 4.76145 7.68435 8
      vertex 4.59715 6.87744 8
      vertex 4.83741 6.91308 8
    endloop
  endfacet
  facet normal -0 0 1
    outer loop
      vertex 4.44596 7.63755 8
      vertex 4.59715 6.87744 8
      vertex 4.76145 7.68435 8
    endloop
  endfacet
  facet normal 0 0 1
    outer loop
      vertex 4.44596 7.63755 8
      vertex 4.36155 6.81843 8
      vertex 4.59715 6.87744 8
    endloop
  endfacet
  facet normal -0 0 1
    outer loop
      vertex 4.13657 7.56006 8
      vertex 4.36155 6.81843 8
      vertex 4.44596 7.63755 8
    endloop
  endfacet
  facet normal 0 0 1
    outer loop
      vertex 4.13657 7.56006 8
      vertex 4.13286 6.7366 8
      vertex 4.36155 6.81843 8
    endloop
  endfacet
  facet normal -0 0 1
    outer loop
      vertex 3.83628 7.45261 8
      vertex 4.13286 6.7366 8
      vertex 4.13657 7.56006 8
    endloop
  endfacet
  facet normal 0 0 1
    outer loop
      vertex 4.13286 6.7366 8
      vertex 3.83628 7.45261 8
      vertex 3.91329 6.63275 8
    endloop
  endfacet
  facet normal -0 0 1
    outer loop
      vertex 3.54796 7.31624 8
      vertex 3.91329 6.63275 8
      vertex 3.83628 7.45261 8
    endloop
  endfacet
  facet normal 0 0 1
    outer loop
      vertex 3.91329 6.63275 8
      vertex 3.54796 7.31624 8
      vertex 3.70496 6.50789 8
    endloop
  endfacet
  facet normal -0 0 1
    outer loop
      vertex 3.2744 7.15228 8
      vertex 3.70496 6.50789 8
      vertex 3.54796 7.31624 8
    endloop
  endfacet
  facet normal 0 0 1
    outer loop
      vertex 3.70496 6.50789 8
      vertex 3.2744 7.15228 8
      vertex 3.50988 6.3632 8
    endloop
  endfacet
  facet normal -0 0 1
    outer loop
      vertex 3.01822 6.96228 8
      vertex 3.50988 6.3632 8
      vertex 3.2744 7.15228 8
    endloop
  endfacet
  facet normal 0 0 1
    outer loop
      vertex 3.50988 6.3632 8
      vertex 3.01822 6.96228 8
      vertex 3.32991 6.20009 8
    endloop
  endfacet
  facet normal -0 0 1
    outer loop
      vertex 2.7819 6.7481 8
      vertex 3.32991 6.20009 8
      vertex 3.01822 6.96228 8
    endloop
  endfacet
  facet normal 0 0 1
    outer loop
      vertex 3.32991 6.20009 8
      vertex 2.7819 6.7481 8
      vertex 3.1668 6.02012 8
    endloop
  endfacet
  facet normal -0 0 1
    outer loop
      vertex 2.56772 6.51178 8
      vertex 3.1668 6.02012 8
      vertex 2.7819 6.7481 8
    endloop
  endfacet
  facet normal 0 0 1
    outer loop
      vertex 3.1668 6.02012 8
      vertex 2.56772 6.51178 8
      vertex 3.02211 5.82504 8
    endloop
  endfacet
  facet normal -0 0 1
    outer loop
      vertex 2.37772 6.2556 8
      vertex 3.02211 5.82504 8
      vertex 2.56772 6.51178 8
    endloop
  endfacet
  facet normal 0 0 1
    outer loop
      vertex 3.02211 5.82504 8
      vertex 2.37772 6.2556 8
      vertex 2.89725 5.61671 8
    endloop
  endfacet
  facet normal -0 0 1
    outer loop
      vertex 2.21376 5.98204 8
      vertex 2.89725 5.61671 8
      vertex 2.37772 6.2556 8
    endloop
  endfacet
  facet normal 0 0 1
    outer loop
      vertex 2.89725 5.61671 8
      vertex 2.21376 5.98204 8
      vertex 2.7934 5.39714 8
    endloop
  endfacet
  facet normal -0 0 1
    outer loop
      vertex 2 5.47743 8
      vertex 2.7934 5.39714 8
      vertex 2.07739 5.69372 8
    endloop
  endfacet
  facet normal -0 0 1
    outer loop
      vertex 2.07739 5.69372 8
      vertex 2.7934 5.39714 8
      vertex 2.21376 5.98204 8
    endloop
  endfacet
  facet normal -0 0 1
    outer loop
      vertex 7.3666 3.50286 8
      vertex 8.08261 3.20628 8
      vertex 7.44843 3.73155 8
    endloop
  endfacet
  facet normal 0 0 1
    outer loop
      vertex 8.08261 3.20628 8
      vertex 7.3666 3.50286 8
      vertex 7.94624 2.91796 8
    endloop
  endfacet
  facet normal -0 0 1
    outer loop
      vertex 7.26275 3.28329 8
      vertex 7.94624 2.91796 8
      vertex 7.3666 3.50286 8
    endloop
  endfacet
  facet normal 0 0 1
    outer loop
      vertex 7.94624 2.91796 8
      vertex 7.26275 3.28329 8
      vertex 7.78228 2.6444 8
    endloop
  endfacet
  facet normal -0 0 1
    outer loop
      vertex 7.13789 3.07496 8
      vertex 7.78228 2.6444 8
      vertex 7.26275 3.28329 8
    endloop
  endfacet
  facet normal 0 0 1
    outer loop
      vertex 7.78228 2.6444 8
      vertex 7.13789 3.07496 8
      vertex 7.59228 2.38822 8
    endloop
  endfacet
  facet normal -0 0 1
    outer loop
      vertex 6.9932 2.87988 8
      vertex 7.59228 2.38822 8
      vertex 7.13789 3.07496 8
    endloop
  endfacet
  facet normal 0 0 1
    outer loop
      vertex 7.59228 2.38822 8
      vertex 6.9932 2.87988 8
      vertex 7.3781 2.1519 8
    endloop
  endfacet
  facet normal 0 0 1
    outer loop
      vertex 11.78 53.98 8
      vertex 6.10748 51.98 8
      vertex 11.78 51.98 8
    endloop
  endfacet
  facet normal 0 0 1
    outer loop
      vertex 6.10748 51.98 8
      vertex 5.79845 51.2684 8
      vertex 6.02714 51.1866 8
    endloop
  endfacet
  facet normal 0 0 1
    outer loop
      vertex 6.10748 51.98 8
      vertex 5.56285 51.3274 8
      vertex 5.79845 51.2684 8
    endloop
  endfacet
  facet normal 0 0 1
    outer loop
      vertex 6.10748 51.98 8
      vertex 5.32259 51.3631 8
      vertex 5.56285 51.3274 8
    endloop
  endfacet
  facet normal 0 0 1
    outer loop
      vertex 6.10748 51.98 8
      vertex 5.08 51.375 8
      vertex 5.32259 51.3631 8
    endloop
  endfacet
  facet normal -0 0 1
    outer loop
      vertex 4.05253 51.98 8
      vertex 5.08 51.375 8
      vertex 6.10748 51.98 8
    endloop
  endfacet
  facet normal 0 0 1
    outer loop
      vertex 5.08 51.375 8
      vertex 4.05253 51.98 8
      vertex 4.83741 51.3631 8
    endloop
  endfacet
  facet normal 0 0 1
    outer loop
      vertex 4.83741 51.3631 8
      vertex 4.05253 51.98 8
      vertex 4.59715 51.3274 8
    endloop
  endfacet
  facet normal 0 0 1
    outer loop
      vertex 4.59715 51.3274 8
      vertex 4.05253 51.98 8
      vertex 4.36155 51.2684 8
    endloop
  endfacet
  facet normal 0 0 1
    outer loop
      vertex 4.36155 51.2684 8
      vertex 4.05253 51.98 8
      vertex 4.13286 51.1866 8
    endloop
  endfacet
  facet normal -0 0 1
    outer loop
      vertex 3.81 53.98 8
      vertex 6.10748 51.98 8
      vertex 11.78 53.98 8
    endloop
  endfacet
  facet normal 0 0 1
    outer loop
      vertex 6.10748 51.98 8
      vertex 3.81 53.98 8
      vertex 4.05253 51.98 8
    endloop
  endfacet
  facet normal 0 0 1
    outer loop
      vertex 3.81 53.98 8
      vertex 3.81 51.98 8
      vertex 4.05253 51.98 8
    endloop
  endfacet
  facet normal 0 0 1
    outer loop
      vertex 3.81 53.98 8
      vertex 3.63259 51.9713 8
      vertex 3.81 51.98 8
    endloop
  endfacet
  facet normal -0 0 1
    outer loop
      vertex 3.43656 53.9616 8
      vertex 3.63259 51.9713 8
      vertex 3.81 53.98 8
    endloop
  endfacet
  facet normal 0 0 1
    outer loop
      vertex 3.63259 51.9713 8
      vertex 3.43656 53.9616 8
      vertex 3.45688 51.9452 8
    endloop
  endfacet
  facet normal -0 0 1
    outer loop
      vertex 3.0667 53.9068 8
      vertex 3.45688 51.9452 8
      vertex 3.43656 53.9616 8
    endloop
  endfacet
  facet normal 0 0 1
    outer loop
      vertex 3.45688 51.9452 8
      vertex 3.0667 53.9068 8
      vertex 3.28458 51.902 8
    endloop
  endfacet
  facet normal -0 0 1
    outer loop
      vertex 2.70401 53.8159 8
      vertex 3.28458 51.902 8
      vertex 3.0667 53.9068 8
    endloop
  endfacet
  facet normal 0 0 1
    outer loop
      vertex 3.28458 51.902 8
      vertex 2.70401 53.8159 8
      vertex 3.11734 51.8422 8
    endloop
  endfacet
  facet normal -0 0 1
    outer loop
      vertex 2.35198 53.69 8
      vertex 3.11734 51.8422 8
      vertex 2.70401 53.8159 8
    endloop
  endfacet
  facet normal 0 0 1
    outer loop
      vertex 3.11734 51.8422 8
      vertex 2.35198 53.69 8
      vertex 2.95677 51.7663 8
    endloop
  endfacet
  facet normal -0 0 1
    outer loop
      vertex 2.01398 53.5301 8
      vertex 2.95677 51.7663 8
      vertex 2.35198 53.69 8
    endloop
  endfacet
  facet normal 0 0 1
    outer loop
      vertex 2.95677 51.7663 8
      vertex 2.01398 53.5301 8
      vertex 2.80441 51.6749 8
    endloop
  endfacet
  facet normal -0 0 1
    outer loop
      vertex 1.69327 53.3379 8
      vertex 2.80441 51.6749 8
      vertex 2.01398 53.5301 8
    endloop
  endfacet
  facet normal 0 0 1
    outer loop
      vertex 2.80441 51.6749 8
      vertex 1.69327 53.3379 8
      vertex 2.66175 51.5691 8
    endloop
  endfacet
  facet normal -0 0 1
    outer loop
      vertex 1.39296 53.1152 8
      vertex 2.66175 51.5691 8
      vertex 1.69327 53.3379 8
    endloop
  endfacet
  facet normal 0 0 1
    outer loop
      vertex 2.66175 51.5691 8
      vertex 1.39296 53.1152 8
      vertex 2.53014 51.4498 8
    endloop
  endfacet
  facet normal -0 0 1
    outer loop
      vertex 1.11592 52.8641 8
      vertex 2.53014 51.4498 8
      vertex 1.39296 53.1152 8
    endloop
  endfacet
  facet normal 0 0 1
    outer loop
      vertex 2.53014 51.4498 8
      vertex 1.11592 52.8641 8
      vertex 2.41084 51.3182 8
    endloop
  endfacet
  facet normal -0 0 1
    outer loop
      vertex 0.864824 52.587 8
      vertex 2.41084 51.3182 8
      vertex 1.11592 52.8641 8
    endloop
  endfacet
  facet normal 0 0 1
    outer loop
      vertex 2.41084 51.3182 8
      vertex 0.864824 52.587 8
      vertex 2.30504 51.1756 8
    endloop
  endfacet
  facet normal -0 0 1
    outer loop
      vertex 0.642107 52.2867 8
      vertex 2.30504 51.1756 8
      vertex 0.864824 52.587 8
    endloop
  endfacet
  facet normal 0 0 1
    outer loop
      vertex 2.30504 51.1756 8
      vertex 0.642107 52.2867 8
      vertex 2.21372 51.0232 8
    endloop
  endfacet
  facet normal -0 0 1
    outer loop
      vertex 1.90735e-06 50.17 8
      vertex 2 49.9274 8
      vertex 2 50.17 8
    endloop
  endfacet
  facet normal 0 0 1
    outer loop
      vertex 2 49.9274 8
      vertex 1.90735e-06 50.17 8
      vertex 2 47.8726 8
    endloop
  endfacet
  facet normal 0 0 1
    outer loop
      vertex 2.21372 51.0232 8
      vertex 0.449877 51.966 8
      vertex 2.13777 50.8626 8
    endloop
  endfacet
  facet normal -0 0 1
    outer loop
      vertex 0.449877 51.966 8
      vertex 2.21372 51.0232 8
      vertex 0.642107 52.2867 8
    endloop
  endfacet
  facet normal 0 0 1
    outer loop
      vertex 7.555 48.9 8
      vertex 8.33 48.9 8
      vertex 8.31435 49.2186 8
    endloop
  endfacet
  facet normal 0 0 1
    outer loop
      vertex 7.54308 49.1426 8
      vertex 8.31435 49.2186 8
      vertex 8.26755 49.534 8
    endloop
  endfacet
  facet normal 0 0 1
    outer loop
      vertex 8.33 48.9 8
      vertex 7.555 48.9 8
      vertex 8.31435 48.5814 8
    endloop
  endfacet
  facet normal 0 0 1
    outer loop
      vertex 7.50744 49.3828 8
      vertex 8.26755 49.534 8
      vertex 8.19006 49.8434 8
    endloop
  endfacet
  facet normal -0 0 1
    outer loop
      vertex 7.54308 48.6574 8
      vertex 8.31435 48.5814 8
      vertex 7.555 48.9 8
    endloop
  endfacet
  facet normal 0 0 1
    outer loop
      vertex 7.44843 49.6185 8
      vertex 8.19006 49.8434 8
      vertex 8.08261 50.1437 8
    endloop
  endfacet
  facet normal 0 0 1
    outer loop
      vertex 8.31435 48.5814 8
      vertex 7.54308 48.6574 8
      vertex 8.26755 48.266 8
    endloop
  endfacet
  facet normal 0 0 1
    outer loop
      vertex 7.3666 49.8471 8
      vertex 8.08261 50.1437 8
      vertex 7.94624 50.432 8
    endloop
  endfacet
  facet normal -0 0 1
    outer loop
      vertex 7.50744 48.4172 8
      vertex 8.26755 48.266 8
      vertex 7.54308 48.6574 8
    endloop
  endfacet
  facet normal 0 0 1
    outer loop
      vertex 7.26275 50.0667 8
      vertex 7.94624 50.432 8
      vertex 7.78228 50.7056 8
    endloop
  endfacet
  facet normal 0 0 1
    outer loop
      vertex 8.26755 48.266 8
      vertex 7.50744 48.4172 8
      vertex 8.19006 47.9566 8
    endloop
  endfacet
  facet normal 0 0 1
    outer loop
      vertex 7.13789 50.275 8
      vertex 7.78228 50.7056 8
      vertex 7.59228 50.9618 8
    endloop
  endfacet
  facet normal -0 0 1
    outer loop
      vertex 7.44843 48.1815 8
      vertex 8.19006 47.9566 8
      vertex 7.50744 48.4172 8
    endloop
  endfacet
  facet normal 0 0 1
    outer loop
      vertex 8.19006 47.9566 8
      vertex 7.44843 48.1815 8
      vertex 8.08261 47.6563 8
    endloop
  endfacet
  facet normal 0 0 1
    outer loop
      vertex 8.31435 49.2186 8
      vertex 7.54308 49.1426 8
      vertex 7.555 48.9 8
    endloop
  endfacet
  facet normal 0 0 1
    outer loop
      vertex 8.26755 49.534 8
      vertex 7.50744 49.3828 8
      vertex 7.54308 49.1426 8
    endloop
  endfacet
  facet normal 0 0 1
    outer loop
      vertex 8.19006 49.8434 8
      vertex 7.44843 49.6185 8
      vertex 7.50744 49.3828 8
    endloop
  endfacet
  facet normal 0 0 1
    outer loop
      vertex 6.9932 50.4701 8
      vertex 7.59228 50.9618 8
      vertex 7.3781 51.1981 8
    endloop
  endfacet
  facet normal 0 0 1
    outer loop
      vertex 8.08261 50.1437 8
      vertex 7.3666 49.8471 8
      vertex 7.44843 49.6185 8
    endloop
  endfacet
  facet normal 0 0 1
    outer loop
      vertex 7.94624 50.432 8
      vertex 7.26275 50.0667 8
      vertex 7.3666 49.8471 8
    endloop
  endfacet
  facet normal 0 0 1
    outer loop
      vertex 6.83009 50.6501 8
      vertex 7.3781 51.1981 8
      vertex 7.14178 51.4123 8
    endloop
  endfacet
  facet normal 0 0 1
    outer loop
      vertex 7.78228 50.7056 8
      vertex 7.13789 50.275 8
      vertex 7.26275 50.0667 8
    endloop
  endfacet
  facet normal 0 0 1
    outer loop
      vertex 7.59228 50.9618 8
      vertex 6.9932 50.4701 8
      vertex 7.13789 50.275 8
    endloop
  endfacet
  facet normal 0 0 1
    outer loop
      vertex 6.65012 50.8132 8
      vertex 7.14178 51.4123 8
      vertex 6.8856 51.6023 8
    endloop
  endfacet
  facet normal 0 0 1
    outer loop
      vertex 7.3781 51.1981 8
      vertex 6.83009 50.6501 8
      vertex 6.9932 50.4701 8
    endloop
  endfacet
  facet normal 0 0 1
    outer loop
      vertex 7.14178 51.4123 8
      vertex 6.65012 50.8132 8
      vertex 6.83009 50.6501 8
    endloop
  endfacet
  facet normal 0 0 1
    outer loop
      vertex 6.45504 50.9579 8
      vertex 6.8856 51.6023 8
      vertex 6.61204 51.7662 8
    endloop
  endfacet
  facet normal 0 0 1
    outer loop
      vertex 6.8856 51.6023 8
      vertex 6.45504 50.9579 8
      vertex 6.65012 50.8132 8
    endloop
  endfacet
  facet normal 0 0 1
    outer loop
      vertex 6.24671 51.0828 8
      vertex 6.61204 51.7662 8
      vertex 6.32372 51.9026 8
    endloop
  endfacet
  facet normal 0 0 1
    outer loop
      vertex 6.61204 51.7662 8
      vertex 6.24671 51.0828 8
      vertex 6.45504 50.9579 8
    endloop
  endfacet
  facet normal 0 0 1
    outer loop
      vertex 6.02714 51.1866 8
      vertex 6.32372 51.9026 8
      vertex 6.10748 51.98 8
    endloop
  endfacet
  facet normal 0 0 1
    outer loop
      vertex 6.32372 51.9026 8
      vertex 6.02714 51.1866 8
      vertex 6.24671 51.0828 8
    endloop
  endfacet
  facet normal -0 0 1
    outer loop
      vertex 7.3666 47.9529 8
      vertex 8.08261 47.6563 8
      vertex 7.44843 48.1815 8
    endloop
  endfacet
  facet normal 0 0 1
    outer loop
      vertex 8.08261 47.6563 8
      vertex 7.3666 47.9529 8
      vertex 7.94624 47.368 8
    endloop
  endfacet
  facet normal -0 0 1
    outer loop
      vertex 7.26275 47.7333 8
      vertex 7.94624 47.368 8
      vertex 7.3666 47.9529 8
    endloop
  endfacet
  facet normal 0 0 1
    outer loop
      vertex 7.94624 47.368 8
      vertex 7.26275 47.7333 8
      vertex 7.78228 47.0944 8
    endloop
  endfacet
  facet normal -0 0 1
    outer loop
      vertex 7.13789 47.525 8
      vertex 7.78228 47.0944 8
      vertex 7.26275 47.7333 8
    endloop
  endfacet
  facet normal 0 0 1
    outer loop
      vertex 7.78228 47.0944 8
      vertex 7.13789 47.525 8
      vertex 7.59228 46.8382 8
    endloop
  endfacet
  facet normal -0 0 1
    outer loop
      vertex 6.9932 47.3299 8
      vertex 7.59228 46.8382 8
      vertex 7.13789 47.525 8
    endloop
  endfacet
  facet normal 0 0 1
    outer loop
      vertex 7.59228 46.8382 8
      vertex 6.9932 47.3299 8
      vertex 7.3781 46.6019 8
    endloop
  endfacet
  facet normal -0 0 1
    outer loop
      vertex 6.83009 47.1499 8
      vertex 7.3781 46.6019 8
      vertex 6.9932 47.3299 8
    endloop
  endfacet
  facet normal 0 0 1
    outer loop
      vertex 7.3781 46.6019 8
      vertex 6.83009 47.1499 8
      vertex 7.14178 46.3877 8
    endloop
  endfacet
  facet normal -0 0 1
    outer loop
      vertex 6.65012 46.9868 8
      vertex 7.14178 46.3877 8
      vertex 6.83009 47.1499 8
    endloop
  endfacet
  facet normal 0 0 1
    outer loop
      vertex 7.14178 46.3877 8
      vertex 6.65012 46.9868 8
      vertex 6.8856 46.1977 8
    endloop
  endfacet
  facet normal -0 0 1
    outer loop
      vertex 6.45504 46.8421 8
      vertex 6.8856 46.1977 8
      vertex 6.65012 46.9868 8
    endloop
  endfacet
  facet normal 0 0 1
    outer loop
      vertex 6.8856 46.1977 8
      vertex 6.45504 46.8421 8
      vertex 6.61204 46.0338 8
    endloop
  endfacet
  facet normal -0 0 1
    outer loop
      vertex 6.24671 46.7172 8
      vertex 6.61204 46.0338 8
      vertex 6.45504 46.8421 8
    endloop
  endfacet
  facet normal 0 0 1
    outer loop
      vertex 6.61204 46.0338 8
      vertex 6.24671 46.7172 8
      vertex 6.32372 45.8974 8
    endloop
  endfacet
  facet normal -0 0 1
    outer loop
      vertex 6.02714 46.6134 8
      vertex 6.32372 45.8974 8
      vertex 6.24671 46.7172 8
    endloop
  endfacet
  facet normal 0 0 1
    outer loop
      vertex 6.02714 46.6134 8
      vertex 6.02343 45.7899 8
      vertex 6.32372 45.8974 8
    endloop
  endfacet
  facet normal -0 0 1
    outer loop
      vertex 5.79845 46.5316 8
      vertex 6.02343 45.7899 8
      vertex 6.02714 46.6134 8
    endloop
  endfacet
  facet normal 0 0 1
    outer loop
      vertex 5.79845 46.5316 8
      vertex 5.71404 45.7124 8
      vertex 6.02343 45.7899 8
    endloop
  endfacet
  facet normal -0 0 1
    outer loop
      vertex 5.56285 46.4726 8
      vertex 5.71404 45.7124 8
      vertex 5.79845 46.5316 8
    endloop
  endfacet
  facet normal 0 0 1
    outer loop
      vertex 5.56285 46.4726 8
      vertex 5.39855 45.6656 8
      vertex 5.71404 45.7124 8
    endloop
  endfacet
  facet normal -0 0 1
    outer loop
      vertex 5.32259 46.4369 8
      vertex 5.39855 45.6656 8
      vertex 5.56285 46.4726 8
    endloop
  endfacet
  facet normal -0 0 1
    outer loop
      vertex 5.08 46.425 8
      vertex 5.39855 45.6656 8
      vertex 5.32259 46.4369 8
    endloop
  endfacet
  facet normal 0 0 1
    outer loop
      vertex 5.08 46.425 8
      vertex 5.08 45.65 8
      vertex 5.39855 45.6656 8
    endloop
  endfacet
  facet normal 0 0 1
    outer loop
      vertex 4.83741 46.4369 8
      vertex 5.08 45.65 8
      vertex 5.08 46.425 8
    endloop
  endfacet
  facet normal 0 0 1
    outer loop
      vertex 4.83741 46.4369 8
      vertex 4.76145 45.6656 8
      vertex 5.08 45.65 8
    endloop
  endfacet
  facet normal 0 0 1
    outer loop
      vertex 4.59715 46.4726 8
      vertex 4.76145 45.6656 8
      vertex 4.83741 46.4369 8
    endloop
  endfacet
  facet normal 0 0 1
    outer loop
      vertex 4.59715 46.4726 8
      vertex 4.44596 45.7124 8
      vertex 4.76145 45.6656 8
    endloop
  endfacet
  facet normal 0 0 1
    outer loop
      vertex 4.36155 46.5316 8
      vertex 4.44596 45.7124 8
      vertex 4.59715 46.4726 8
    endloop
  endfacet
  facet normal 0 0 1
    outer loop
      vertex 4.36155 46.5316 8
      vertex 4.13657 45.7899 8
      vertex 4.44596 45.7124 8
    endloop
  endfacet
  facet normal 0 0 1
    outer loop
      vertex 4.13286 46.6134 8
      vertex 4.13657 45.7899 8
      vertex 4.36155 46.5316 8
    endloop
  endfacet
  facet normal 0 0 1
    outer loop
      vertex 3.83628 45.8974 8
      vertex 4.13286 46.6134 8
      vertex 3.91329 46.7172 8
    endloop
  endfacet
  facet normal 0 0 1
    outer loop
      vertex 4.13286 46.6134 8
      vertex 3.83628 45.8974 8
      vertex 4.13657 45.7899 8
    endloop
  endfacet
  facet normal 0 0 1
    outer loop
      vertex 3.54796 46.0338 8
      vertex 3.91329 46.7172 8
      vertex 3.70496 46.8421 8
    endloop
  endfacet
  facet normal 0 0 1
    outer loop
      vertex 3.91329 46.7172 8
      vertex 3.54796 46.0338 8
      vertex 3.83628 45.8974 8
    endloop
  endfacet
  facet normal 0 0 1
    outer loop
      vertex 3.2744 46.1977 8
      vertex 3.70496 46.8421 8
      vertex 3.50988 46.9868 8
    endloop
  endfacet
  facet normal 0 0 1
    outer loop
      vertex 3.01822 46.3877 8
      vertex 3.50988 46.9868 8
      vertex 3.32991 47.1499 8
    endloop
  endfacet
  facet normal 0 0 1
    outer loop
      vertex 3.70496 46.8421 8
      vertex 3.2744 46.1977 8
      vertex 3.54796 46.0338 8
    endloop
  endfacet
  facet normal 0 0 1
    outer loop
      vertex 2.7819 46.6019 8
      vertex 3.32991 47.1499 8
      vertex 3.1668 47.3299 8
    endloop
  endfacet
  facet normal 0 0 1
    outer loop
      vertex 2.56772 46.8382 8
      vertex 3.1668 47.3299 8
      vertex 3.02211 47.525 8
    endloop
  endfacet
  facet normal 0 0 1
    outer loop
      vertex 3.50988 46.9868 8
      vertex 3.01822 46.3877 8
      vertex 3.2744 46.1977 8
    endloop
  endfacet
  facet normal 0 0 1
    outer loop
      vertex 2.37772 47.0944 8
      vertex 3.02211 47.525 8
      vertex 2.89725 47.7333 8
    endloop
  endfacet
  facet normal 0 0 1
    outer loop
      vertex 2.21376 47.368 8
      vertex 2.89725 47.7333 8
      vertex 2.7934 47.9529 8
    endloop
  endfacet
  facet normal 0 0 1
    outer loop
      vertex 3.32991 47.1499 8
      vertex 2.7819 46.6019 8
      vertex 3.01822 46.3877 8
    endloop
  endfacet
  facet normal 0 0 1
    outer loop
      vertex 2 47.8726 8
      vertex 2.7934 47.9529 8
      vertex 2.71157 48.1815 8
    endloop
  endfacet
  facet normal 0 0 1
    outer loop
      vertex 2 47.8726 8
      vertex 2.71157 48.1815 8
      vertex 2.65256 48.4172 8
    endloop
  endfacet
  facet normal 0 0 1
    outer loop
      vertex 2 47.8726 8
      vertex 2.65256 48.4172 8
      vertex 2.61692 48.6574 8
    endloop
  endfacet
  facet normal 0 0 1
    outer loop
      vertex 3.1668 47.3299 8
      vertex 2.56772 46.8382 8
      vertex 2.7819 46.6019 8
    endloop
  endfacet
  facet normal 0 0 1
    outer loop
      vertex 2 47.8726 8
      vertex 2.61692 48.6574 8
      vertex 2.605 48.9 8
    endloop
  endfacet
  facet normal 0 0 1
    outer loop
      vertex 2.7934 49.8471 8
      vertex 2 49.9274 8
      vertex 2.71157 49.6185 8
    endloop
  endfacet
  facet normal 0 0 1
    outer loop
      vertex 2.71157 49.6185 8
      vertex 2 49.9274 8
      vertex 2.65256 49.3828 8
    endloop
  endfacet
  facet normal 0 0 1
    outer loop
      vertex 3.02211 47.525 8
      vertex 2.37772 47.0944 8
      vertex 2.56772 46.8382 8
    endloop
  endfacet
  facet normal 0 0 1
    outer loop
      vertex 2.65256 49.3828 8
      vertex 2 49.9274 8
      vertex 2.61692 49.1426 8
    endloop
  endfacet
  facet normal 0 0 1
    outer loop
      vertex 2.89725 47.7333 8
      vertex 2.21376 47.368 8
      vertex 2.37772 47.0944 8
    endloop
  endfacet
  facet normal 0 0 1
    outer loop
      vertex 2.61692 49.1426 8
      vertex 2 49.9274 8
      vertex 2.605 48.9 8
    endloop
  endfacet
  facet normal 0 0 1
    outer loop
      vertex 2 47.8726 8
      vertex 2.605 48.9 8
      vertex 2 49.9274 8
    endloop
  endfacet
  facet normal 0 0 1
    outer loop
      vertex 2.7934 47.9529 8
      vertex 2 47.8726 8
      vertex 2.07739 47.6563 8
    endloop
  endfacet
  facet normal 0 0 1
    outer loop
      vertex 2.7934 47.9529 8
      vertex 2.07739 47.6563 8
      vertex 2.21376 47.368 8
    endloop
  endfacet
  facet normal -0 0 1
    outer loop
      vertex 3.83628 51.9026 8
      vertex 4.13286 51.1866 8
      vertex 4.05253 51.98 8
    endloop
  endfacet
  facet normal 0 0 1
    outer loop
      vertex 4.13286 51.1866 8
      vertex 3.83628 51.9026 8
      vertex 3.91329 51.0828 8
    endloop
  endfacet
  facet normal -0 0 1
    outer loop
      vertex 3.54796 51.7662 8
      vertex 3.91329 51.0828 8
      vertex 3.83628 51.9026 8
    endloop
  endfacet
  facet normal 0 0 1
    outer loop
      vertex 3.91329 51.0828 8
      vertex 3.54796 51.7662 8
      vertex 3.70496 50.9579 8
    endloop
  endfacet
  facet normal -0 0 1
    outer loop
      vertex 3.2744 51.6023 8
      vertex 3.70496 50.9579 8
      vertex 3.54796 51.7662 8
    endloop
  endfacet
  facet normal 0 0 1
    outer loop
      vertex 3.70496 50.9579 8
      vertex 3.2744 51.6023 8
      vertex 3.50988 50.8132 8
    endloop
  endfacet
  facet normal -0 0 1
    outer loop
      vertex 3.01822 51.4123 8
      vertex 3.50988 50.8132 8
      vertex 3.2744 51.6023 8
    endloop
  endfacet
  facet normal 0 0 1
    outer loop
      vertex 3.50988 50.8132 8
      vertex 3.01822 51.4123 8
      vertex 3.32991 50.6501 8
    endloop
  endfacet
  facet normal -0 0 1
    outer loop
      vertex 2.7819 51.1981 8
      vertex 3.32991 50.6501 8
      vertex 3.01822 51.4123 8
    endloop
  endfacet
  facet normal 0 0 1
    outer loop
      vertex 3.32991 50.6501 8
      vertex 2.7819 51.1981 8
      vertex 3.1668 50.4701 8
    endloop
  endfacet
  facet normal -0 0 1
    outer loop
      vertex 2.56772 50.9618 8
      vertex 3.1668 50.4701 8
      vertex 2.7819 51.1981 8
    endloop
  endfacet
  facet normal 0 0 1
    outer loop
      vertex 3.1668 50.4701 8
      vertex 2.56772 50.9618 8
      vertex 3.02211 50.275 8
    endloop
  endfacet
  facet normal -0 0 1
    outer loop
      vertex 2.37772 50.7056 8
      vertex 3.02211 50.275 8
      vertex 2.56772 50.9618 8
    endloop
  endfacet
  facet normal 0 0 1
    outer loop
      vertex 3.02211 50.275 8
      vertex 2.37772 50.7056 8
      vertex 2.89725 50.0667 8
    endloop
  endfacet
  facet normal -0 0 1
    outer loop
      vertex 2.21376 50.432 8
      vertex 2.89725 50.0667 8
      vertex 2.37772 50.7056 8
    endloop
  endfacet
  facet normal 0 0 1
    outer loop
      vertex 2.89725 50.0667 8
      vertex 2.21376 50.432 8
      vertex 2.7934 49.8471 8
    endloop
  endfacet
  facet normal -0 0 1
    outer loop
      vertex 2 49.9274 8
      vertex 2.7934 49.8471 8
      vertex 2.07739 50.1437 8
    endloop
  endfacet
  facet normal -0 0 1
    outer loop
      vertex 2.07739 50.1437 8
      vertex 2.7934 49.8471 8
      vertex 2.21376 50.432 8
    endloop
  endfacet
  facet normal 0 0 1
    outer loop
      vertex 78.5777 2.6444 8
      vertex 79.2221 3.07496 8
      vertex 79.0972 3.28329 8
    endloop
  endfacet
  facet normal 0 0 1
    outer loop
      vertex 78.4138 2.91796 8
      vertex 79.0972 3.28329 8
      vertex 78.9934 3.50286 8
    endloop
  endfacet
  facet normal 0 0 1
    outer loop
      vertex 79.2221 3.07496 8
      vertex 78.9819 2.1519 8
      vertex 79.1495 2 8
    endloop
  endfacet
  facet normal 0 0 1
    outer loop
      vertex 78.2774 3.20628 8
      vertex 78.9934 3.50286 8
      vertex 78.9116 3.73155 8
    endloop
  endfacet
  facet normal 0 0 1
    outer loop
      vertex 78.1699 3.50657 8
      vertex 78.9116 3.73155 8
      vertex 78.8526 3.96715 8
    endloop
  endfacet
  facet normal 0 0 1
    outer loop
      vertex 78.0924 3.81596 8
      vertex 78.8526 3.96715 8
      vertex 78.8169 4.20741 8
    endloop
  endfacet
  facet normal 0 0 1
    outer loop
      vertex 79.2221 3.07496 8
      vertex 78.7677 2.38822 8
      vertex 78.9819 2.1519 8
    endloop
  endfacet
  facet normal 0 0 1
    outer loop
      vertex 78.0456 4.13144 8
      vertex 78.8169 4.20741 8
      vertex 78.805 4.45 8
    endloop
  endfacet
  facet normal -0 0 1
    outer loop
      vertex 78.1699 5.39342 8
      vertex 78.9116 5.16845 8
      vertex 78.2774 5.69372 8
    endloop
  endfacet
  facet normal 0 0 1
    outer loop
      vertex 78.9116 5.16845 8
      vertex 78.1699 5.39342 8
      vertex 78.8526 4.93285 8
    endloop
  endfacet
  facet normal 0 0 1
    outer loop
      vertex 79.2221 3.07496 8
      vertex 78.5777 2.6444 8
      vertex 78.7677 2.38822 8
    endloop
  endfacet
  facet normal -0 0 1
    outer loop
      vertex 78.0924 5.08404 8
      vertex 78.8526 4.93285 8
      vertex 78.1699 5.39342 8
    endloop
  endfacet
  facet normal 0 0 1
    outer loop
      vertex 79.0972 3.28329 8
      vertex 78.4138 2.91796 8
      vertex 78.5777 2.6444 8
    endloop
  endfacet
  facet normal 0 0 1
    outer loop
      vertex 78.8526 4.93285 8
      vertex 78.0924 5.08404 8
      vertex 78.8169 4.69259 8
    endloop
  endfacet
  facet normal 0 0 1
    outer loop
      vertex 78.9934 3.50286 8
      vertex 78.2774 3.20628 8
      vertex 78.4138 2.91796 8
    endloop
  endfacet
  facet normal -0 0 1
    outer loop
      vertex 78.0456 4.76855 8
      vertex 78.8169 4.69259 8
      vertex 78.0924 5.08404 8
    endloop
  endfacet
  facet normal 0 0 1
    outer loop
      vertex 78.9116 3.73155 8
      vertex 78.1699 3.50657 8
      vertex 78.2774 3.20628 8
    endloop
  endfacet
  facet normal 0 0 1
    outer loop
      vertex 78.8169 4.69259 8
      vertex 78.0456 4.76855 8
      vertex 78.805 4.45 8
    endloop
  endfacet
  facet normal 0 0 1
    outer loop
      vertex 78.8526 3.96715 8
      vertex 78.0924 3.81596 8
      vertex 78.1699 3.50657 8
    endloop
  endfacet
  facet normal 0 0 1
    outer loop
      vertex 78.03 4.45 8
      vertex 78.805 4.45 8
      vertex 78.0456 4.76855 8
    endloop
  endfacet
  facet normal 0 0 1
    outer loop
      vertex 78.8169 4.20741 8
      vertex 78.0456 4.13144 8
      vertex 78.0924 3.81596 8
    endloop
  endfacet
  facet normal 0 0 1
    outer loop
      vertex 78.805 4.45 8
      vertex 78.03 4.45 8
      vertex 78.0456 4.13144 8
    endloop
  endfacet
  facet normal 0 0 1
    outer loop
      vertex 85.6 50.17 8
      vertex 83.6 46.6261 8
      vertex 85.6 3.81 8
    endloop
  endfacet
  facet normal 0 0 1
    outer loop
      vertex 85.6 3.81 8
      vertex 83.7431 4.69259 8
      vertex 83.755 4.45 8
    endloop
  endfacet
  facet normal 0 0 1
    outer loop
      vertex 83.6 46.6261 8
      vertex 83.7431 48.6574 8
      vertex 83.7074 48.4172 8
    endloop
  endfacet
  facet normal -0 0 1
    outer loop
      vertex 83.6 6.72394 8
      vertex 85.6 3.81 8
      vertex 83.6 46.6261 8
    endloop
  endfacet
  facet normal 0 0 1
    outer loop
      vertex 83.6 46.6261 8
      vertex 83.7074 48.4172 8
      vertex 83.6484 48.1815 8
    endloop
  endfacet
  facet normal -0 -0 1
    outer loop
      vertex 83.6484 5.16845 8
      vertex 85.6 3.81 8
      vertex 83.6 6.72394 8
    endloop
  endfacet
  facet normal 0 0 1
    outer loop
      vertex 85.6 3.81 8
      vertex 83.7074 4.93285 8
      vertex 83.7431 4.69259 8
    endloop
  endfacet
  facet normal -0 0 1
    outer loop
      vertex 83.5666 47.9529 8
      vertex 83.6 46.6261 8
      vertex 83.6484 48.1815 8
    endloop
  endfacet
  facet normal -0 0 1
    outer loop
      vertex 83.4628 47.7333 8
      vertex 83.6 46.6261 8
      vertex 83.5666 47.9529 8
    endloop
  endfacet
  facet normal -0 0 1
    outer loop
      vertex 83.3379 47.525 8
      vertex 83.6 46.6261 8
      vertex 83.4628 47.7333 8
    endloop
  endfacet
  facet normal -0 0 1
    outer loop
      vertex 83.1932 47.3299 8
      vertex 83.6 46.6261 8
      vertex 83.3379 47.525 8
    endloop
  endfacet
  facet normal -0 0 1
    outer loop
      vertex 83.0301 47.1499 8
      vertex 83.6 46.6261 8
      vertex 83.1932 47.3299 8
    endloop
  endfacet
  facet normal 0 0 1
    outer loop
      vertex 83.6 46.6261 8
      vertex 83.0301 47.1499 8
      vertex 83.5781 46.6019 8
    endloop
  endfacet
  facet normal 0 0 1
    outer loop
      vertex 83.5781 46.6019 8
      vertex 83.0301 47.1499 8
      vertex 83.3418 46.3877 8
    endloop
  endfacet
  facet normal -0 0 1
    outer loop
      vertex 82.8501 46.9868 8
      vertex 83.3418 46.3877 8
      vertex 83.0301 47.1499 8
    endloop
  endfacet
  facet normal 0 0 1
    outer loop
      vertex 83.3418 46.3877 8
      vertex 82.8501 46.9868 8
      vertex 83.0856 46.1977 8
    endloop
  endfacet
  facet normal -0 0 1
    outer loop
      vertex 82.655 46.8421 8
      vertex 83.0856 46.1977 8
      vertex 82.8501 46.9868 8
    endloop
  endfacet
  facet normal 0 0 1
    outer loop
      vertex 83.0856 46.1977 8
      vertex 82.655 46.8421 8
      vertex 82.812 46.0338 8
    endloop
  endfacet
  facet normal -0 0 1
    outer loop
      vertex 82.4467 46.7172 8
      vertex 82.812 46.0338 8
      vertex 82.655 46.8421 8
    endloop
  endfacet
  facet normal 0 0 1
    outer loop
      vertex 82.812 46.0338 8
      vertex 82.4467 46.7172 8
      vertex 82.5237 45.8974 8
    endloop
  endfacet
  facet normal -0 0 1
    outer loop
      vertex 82.2271 46.6134 8
      vertex 82.5237 45.8974 8
      vertex 82.4467 46.7172 8
    endloop
  endfacet
  facet normal 0 0 1
    outer loop
      vertex 82.2271 46.6134 8
      vertex 82.2234 45.7899 8
      vertex 82.5237 45.8974 8
    endloop
  endfacet
  facet normal -0 0 1
    outer loop
      vertex 81.9985 46.5316 8
      vertex 82.2234 45.7899 8
      vertex 82.2271 46.6134 8
    endloop
  endfacet
  facet normal 0 0 1
    outer loop
      vertex 81.9985 46.5316 8
      vertex 81.914 45.7124 8
      vertex 82.2234 45.7899 8
    endloop
  endfacet
  facet normal -0 0 1
    outer loop
      vertex 81.7628 46.4726 8
      vertex 81.914 45.7124 8
      vertex 81.9985 46.5316 8
    endloop
  endfacet
  facet normal 0 0 1
    outer loop
      vertex 81.7628 46.4726 8
      vertex 81.5986 45.6656 8
      vertex 81.914 45.7124 8
    endloop
  endfacet
  facet normal -0 0 1
    outer loop
      vertex 81.5226 46.4369 8
      vertex 81.5986 45.6656 8
      vertex 81.7628 46.4726 8
    endloop
  endfacet
  facet normal -0 0 1
    outer loop
      vertex 81.28 46.425 8
      vertex 81.5986 45.6656 8
      vertex 81.5226 46.4369 8
    endloop
  endfacet
  facet normal 0 0 1
    outer loop
      vertex 81.28 46.425 8
      vertex 81.28 45.65 8
      vertex 81.5986 45.6656 8
    endloop
  endfacet
  facet normal 0 0 1
    outer loop
      vertex 81.0374 46.4369 8
      vertex 81.28 45.65 8
      vertex 81.28 46.425 8
    endloop
  endfacet
  facet normal 0 0 1
    outer loop
      vertex 81.0374 46.4369 8
      vertex 80.9614 45.6656 8
      vertex 81.28 45.65 8
    endloop
  endfacet
  facet normal 0 0 1
    outer loop
      vertex 80.7971 46.4726 8
      vertex 80.9614 45.6656 8
      vertex 81.0374 46.4369 8
    endloop
  endfacet
  facet normal 0 0 1
    outer loop
      vertex 80.7971 46.4726 8
      vertex 80.646 45.7124 8
      vertex 80.9614 45.6656 8
    endloop
  endfacet
  facet normal 0 0 1
    outer loop
      vertex 80.5615 46.5316 8
      vertex 80.646 45.7124 8
      vertex 80.7971 46.4726 8
    endloop
  endfacet
  facet normal 0 0 1
    outer loop
      vertex 80.5615 46.5316 8
      vertex 80.3366 45.7899 8
      vertex 80.646 45.7124 8
    endloop
  endfacet
  facet normal 0 0 1
    outer loop
      vertex 80.3329 46.6134 8
      vertex 80.3366 45.7899 8
      vertex 80.5615 46.5316 8
    endloop
  endfacet
  facet normal 0 0 1
    outer loop
      vertex 80.0363 45.8974 8
      vertex 80.3329 46.6134 8
      vertex 80.1133 46.7172 8
    endloop
  endfacet
  facet normal 0 0 1
    outer loop
      vertex 80.3329 46.6134 8
      vertex 80.0363 45.8974 8
      vertex 80.3366 45.7899 8
    endloop
  endfacet
  facet normal 0 0 1
    outer loop
      vertex 79.748 46.0338 8
      vertex 80.1133 46.7172 8
      vertex 79.905 46.8421 8
    endloop
  endfacet
  facet normal 0 0 1
    outer loop
      vertex 80.1133 46.7172 8
      vertex 79.748 46.0338 8
      vertex 80.0363 45.8974 8
    endloop
  endfacet
  facet normal 0 0 1
    outer loop
      vertex 79.4744 46.1977 8
      vertex 79.905 46.8421 8
      vertex 79.7099 46.9868 8
    endloop
  endfacet
  facet normal 0 0 1
    outer loop
      vertex 79.2182 46.3877 8
      vertex 79.7099 46.9868 8
      vertex 79.5299 47.1499 8
    endloop
  endfacet
  facet normal 0 0 1
    outer loop
      vertex 79.905 46.8421 8
      vertex 79.4744 46.1977 8
      vertex 79.748 46.0338 8
    endloop
  endfacet
  facet normal 0 0 1
    outer loop
      vertex 78.9819 46.6019 8
      vertex 79.5299 47.1499 8
      vertex 79.3668 47.3299 8
    endloop
  endfacet
  facet normal 0 0 1
    outer loop
      vertex 78.7677 46.8382 8
      vertex 79.3668 47.3299 8
      vertex 79.2221 47.525 8
    endloop
  endfacet
  facet normal 0 0 1
    outer loop
      vertex 79.7099 46.9868 8
      vertex 79.2182 46.3877 8
      vertex 79.4744 46.1977 8
    endloop
  endfacet
  facet normal 0 0 1
    outer loop
      vertex 78.5777 47.0944 8
      vertex 79.2221 47.525 8
      vertex 79.0972 47.7333 8
    endloop
  endfacet
  facet normal 0 0 1
    outer loop
      vertex 78.4138 47.368 8
      vertex 79.0972 47.7333 8
      vertex 78.9934 47.9529 8
    endloop
  endfacet
  facet normal 0 0 1
    outer loop
      vertex 79.5299 47.1499 8
      vertex 78.9819 46.6019 8
      vertex 79.2182 46.3877 8
    endloop
  endfacet
  facet normal 0 0 1
    outer loop
      vertex 78.2774 47.6563 8
      vertex 78.9934 47.9529 8
      vertex 78.9116 48.1815 8
    endloop
  endfacet
  facet normal 0 0 1
    outer loop
      vertex 78.1699 47.9566 8
      vertex 78.9116 48.1815 8
      vertex 78.8526 48.4172 8
    endloop
  endfacet
  facet normal 0 0 1
    outer loop
      vertex 78.0924 48.266 8
      vertex 78.8526 48.4172 8
      vertex 78.8169 48.6574 8
    endloop
  endfacet
  facet normal 0 0 1
    outer loop
      vertex 79.3668 47.3299 8
      vertex 78.7677 46.8382 8
      vertex 78.9819 46.6019 8
    endloop
  endfacet
  facet normal 0 0 1
    outer loop
      vertex 78.0456 48.5814 8
      vertex 78.8169 48.6574 8
      vertex 78.805 48.9 8
    endloop
  endfacet
  facet normal -0 0 1
    outer loop
      vertex 78.1699 49.8434 8
      vertex 78.9116 49.6185 8
      vertex 78.2774 50.1437 8
    endloop
  endfacet
  facet normal 0 0 1
    outer loop
      vertex 78.9116 49.6185 8
      vertex 78.1699 49.8434 8
      vertex 78.8526 49.3828 8
    endloop
  endfacet
  facet normal 0 0 1
    outer loop
      vertex 79.2221 47.525 8
      vertex 78.5777 47.0944 8
      vertex 78.7677 46.8382 8
    endloop
  endfacet
  facet normal -0 0 1
    outer loop
      vertex 78.0924 49.534 8
      vertex 78.8526 49.3828 8
      vertex 78.1699 49.8434 8
    endloop
  endfacet
  facet normal 0 0 1
    outer loop
      vertex 79.0972 47.7333 8
      vertex 78.4138 47.368 8
      vertex 78.5777 47.0944 8
    endloop
  endfacet
  facet normal 0 0 1
    outer loop
      vertex 78.8526 49.3828 8
      vertex 78.0924 49.534 8
      vertex 78.8169 49.1426 8
    endloop
  endfacet
  facet normal 0 0 1
    outer loop
      vertex 78.9934 47.9529 8
      vertex 78.2774 47.6563 8
      vertex 78.4138 47.368 8
    endloop
  endfacet
  facet normal -0 0 1
    outer loop
      vertex 78.0456 49.2186 8
      vertex 78.8169 49.1426 8
      vertex 78.0924 49.534 8
    endloop
  endfacet
  facet normal 0 0 1
    outer loop
      vertex 78.9116 48.1815 8
      vertex 78.1699 47.9566 8
      vertex 78.2774 47.6563 8
    endloop
  endfacet
  facet normal 0 0 1
    outer loop
      vertex 78.8169 49.1426 8
      vertex 78.0456 49.2186 8
      vertex 78.805 48.9 8
    endloop
  endfacet
  facet normal 0 0 1
    outer loop
      vertex 78.8526 48.4172 8
      vertex 78.0924 48.266 8
      vertex 78.1699 47.9566 8
    endloop
  endfacet
  facet normal 0 0 1
    outer loop
      vertex 78.03 48.9 8
      vertex 78.805 48.9 8
      vertex 78.0456 49.2186 8
    endloop
  endfacet
  facet normal 0 0 1
    outer loop
      vertex 78.8169 48.6574 8
      vertex 78.0456 48.5814 8
      vertex 78.0924 48.266 8
    endloop
  endfacet
  facet normal 0 0 1
    outer loop
      vertex 78.805 48.9 8
      vertex 78.03 48.9 8
      vertex 78.0456 48.5814 8
    endloop
  endfacet
  facet normal 0 0 1
    outer loop
      vertex 83.5666 49.8471 8
      vertex 85.6 50.17 8
      vertex 85.5816 50.5434 8
    endloop
  endfacet
  facet normal 0 0 1
    outer loop
      vertex 83.7431 48.6574 8
      vertex 85.6 50.17 8
      vertex 83.755 48.9 8
    endloop
  endfacet
  facet normal 0 0 1
    outer loop
      vertex 83.4628 50.0667 8
      vertex 85.5816 50.5434 8
      vertex 85.5268 50.9133 8
    endloop
  endfacet
  facet normal 0 0 1
    outer loop
      vertex 83.6 46.6261 8
      vertex 85.6 50.17 8
      vertex 83.7431 48.6574 8
    endloop
  endfacet
  facet normal 0 0 1
    outer loop
      vertex 83.3379 50.275 8
      vertex 85.5268 50.9133 8
      vertex 85.4359 51.276 8
    endloop
  endfacet
  facet normal -0 0 1
    outer loop
      vertex 83.7431 4.20741 8
      vertex 85.6 3.81 8
      vertex 83.755 4.45 8
    endloop
  endfacet
  facet normal 0 0 1
    outer loop
      vertex 83.3379 50.275 8
      vertex 85.4359 51.276 8
      vertex 85.31 51.628 8
    endloop
  endfacet
  facet normal -0 0 1
    outer loop
      vertex 83.7074 3.96715 8
      vertex 85.6 3.81 8
      vertex 83.7431 4.20741 8
    endloop
  endfacet
  facet normal 0 0 1
    outer loop
      vertex 83.1932 50.4701 8
      vertex 85.31 51.628 8
      vertex 85.1501 51.966 8
    endloop
  endfacet
  facet normal 0 0 1
    outer loop
      vertex 85.6 3.81 8
      vertex 83.7074 3.96715 8
      vertex 85.5816 3.43656 8
    endloop
  endfacet
  facet normal 0 0 1
    outer loop
      vertex 83.0301 50.6501 8
      vertex 85.1501 51.966 8
      vertex 84.9579 52.2867 8
    endloop
  endfacet
  facet normal -0 0 1
    outer loop
      vertex 83.6484 3.73155 8
      vertex 85.5816 3.43656 8
      vertex 83.7074 3.96715 8
    endloop
  endfacet
  facet normal 0 0 1
    outer loop
      vertex 83.0301 50.6501 8
      vertex 84.9579 52.2867 8
      vertex 84.7352 52.587 8
    endloop
  endfacet
  facet normal 0 0 1
    outer loop
      vertex 85.5816 3.43656 8
      vertex 83.6484 3.73155 8
      vertex 85.5268 3.0667 8
    endloop
  endfacet
  facet normal 0 0 1
    outer loop
      vertex 82.8501 50.8132 8
      vertex 84.7352 52.587 8
      vertex 84.4841 52.8641 8
    endloop
  endfacet
  facet normal -0 0 1
    outer loop
      vertex 83.5666 3.50286 8
      vertex 85.5268 3.0667 8
      vertex 83.6484 3.73155 8
    endloop
  endfacet
  facet normal 0 0 1
    outer loop
      vertex 82.655 50.9579 8
      vertex 84.4841 52.8641 8
      vertex 84.207 53.1152 8
    endloop
  endfacet
  facet normal 0 0 1
    outer loop
      vertex 85.5268 3.0667 8
      vertex 83.5666 3.50286 8
      vertex 85.4359 2.70401 8
    endloop
  endfacet
  facet normal 0 0 1
    outer loop
      vertex 82.655 50.9579 8
      vertex 84.207 53.1152 8
      vertex 83.9067 53.3379 8
    endloop
  endfacet
  facet normal -0 0 1
    outer loop
      vertex 83.4628 3.28329 8
      vertex 85.4359 2.70401 8
      vertex 83.5666 3.50286 8
    endloop
  endfacet
  facet normal 0 0 1
    outer loop
      vertex 85.4359 2.70401 8
      vertex 83.4628 3.28329 8
      vertex 85.31 2.35198 8
    endloop
  endfacet
  facet normal 0 0 1
    outer loop
      vertex 85.6 50.17 8
      vertex 83.7431 49.1426 8
      vertex 83.755 48.9 8
    endloop
  endfacet
  facet normal 0 0 1
    outer loop
      vertex 85.6 50.17 8
      vertex 83.7074 49.3828 8
      vertex 83.7431 49.1426 8
    endloop
  endfacet
  facet normal 0 0 1
    outer loop
      vertex 85.6 50.17 8
      vertex 83.6484 49.6185 8
      vertex 83.7074 49.3828 8
    endloop
  endfacet
  facet normal 0 0 1
    outer loop
      vertex 82.4467 51.0828 8
      vertex 83.9067 53.3379 8
      vertex 83.586 53.5301 8
    endloop
  endfacet
  facet normal 0 0 1
    outer loop
      vertex 85.6 50.17 8
      vertex 83.5666 49.8471 8
      vertex 83.6484 49.6185 8
    endloop
  endfacet
  facet normal 0 0 1
    outer loop
      vertex 85.5816 50.5434 8
      vertex 83.4628 50.0667 8
      vertex 83.5666 49.8471 8
    endloop
  endfacet
  facet normal 0 0 1
    outer loop
      vertex 85.5268 50.9133 8
      vertex 83.3379 50.275 8
      vertex 83.4628 50.0667 8
    endloop
  endfacet
  facet normal 0 0 1
    outer loop
      vertex 82.2271 51.1866 8
      vertex 83.586 53.5301 8
      vertex 83.248 53.69 8
    endloop
  endfacet
  facet normal 0 0 1
    outer loop
      vertex 85.31 51.628 8
      vertex 83.1932 50.4701 8
      vertex 83.3379 50.275 8
    endloop
  endfacet
  facet normal 0 0 1
    outer loop
      vertex 85.1501 51.966 8
      vertex 83.0301 50.6501 8
      vertex 83.1932 50.4701 8
    endloop
  endfacet
  facet normal 0 0 1
    outer loop
      vertex 82.2271 51.1866 8
      vertex 83.248 53.69 8
      vertex 82.896 53.8159 8
    endloop
  endfacet
  facet normal 0 0 1
    outer loop
      vertex 84.7352 52.587 8
      vertex 82.8501 50.8132 8
      vertex 83.0301 50.6501 8
    endloop
  endfacet
  facet normal 0 0 1
    outer loop
      vertex 84.4841 52.8641 8
      vertex 82.655 50.9579 8
      vertex 82.8501 50.8132 8
    endloop
  endfacet
  facet normal 0 0 1
    outer loop
      vertex 81.9985 51.2684 8
      vertex 82.896 53.8159 8
      vertex 82.5333 53.9068 8
    endloop
  endfacet
  facet normal 0 0 1
    outer loop
      vertex 83.9067 53.3379 8
      vertex 82.4467 51.0828 8
      vertex 82.655 50.9579 8
    endloop
  endfacet
  facet normal 0 0 1
    outer loop
      vertex 83.586 53.5301 8
      vertex 82.2271 51.1866 8
      vertex 82.4467 51.0828 8
    endloop
  endfacet
  facet normal 0 0 1
    outer loop
      vertex 81.7628 51.3274 8
      vertex 82.5333 53.9068 8
      vertex 82.1634 53.9616 8
    endloop
  endfacet
  facet normal 0 0 1
    outer loop
      vertex 82.896 53.8159 8
      vertex 81.9985 51.2684 8
      vertex 82.2271 51.1866 8
    endloop
  endfacet
  facet normal 0 0 1
    outer loop
      vertex 81.7628 51.3274 8
      vertex 82.1634 53.9616 8
      vertex 81.79 53.98 8
    endloop
  endfacet
  facet normal 0 0 1
    outer loop
      vertex 82.5333 53.9068 8
      vertex 81.7628 51.3274 8
      vertex 81.9985 51.2684 8
    endloop
  endfacet
  facet normal 0 0 1
    outer loop
      vertex 81.79 53.98 8
      vertex 81.5226 51.3631 8
      vertex 81.7628 51.3274 8
    endloop
  endfacet
  facet normal 0 0 1
    outer loop
      vertex 81.79 53.98 8
      vertex 81.28 51.375 8
      vertex 81.5226 51.3631 8
    endloop
  endfacet
  facet normal -0 0 1
    outer loop
      vertex 80.2525 51.98 8
      vertex 81.28 51.375 8
      vertex 81.79 53.98 8
    endloop
  endfacet
  facet normal 0 0 1
    outer loop
      vertex 81.28 51.375 8
      vertex 80.2525 51.98 8
      vertex 81.0374 51.3631 8
    endloop
  endfacet
  facet normal 0 0 1
    outer loop
      vertex 81.0374 51.3631 8
      vertex 80.2525 51.98 8
      vertex 80.7971 51.3274 8
    endloop
  endfacet
  facet normal 0 0 1
    outer loop
      vertex 80.7971 51.3274 8
      vertex 80.2525 51.98 8
      vertex 80.5615 51.2684 8
    endloop
  endfacet
  facet normal 0 0 1
    outer loop
      vertex 80.5615 51.2684 8
      vertex 80.2525 51.98 8
      vertex 80.3329 51.1866 8
    endloop
  endfacet
  facet normal -0 0 1
    outer loop
      vertex 70.5 53.98 8
      vertex 80.2525 51.98 8
      vertex 81.79 53.98 8
    endloop
  endfacet
  facet normal 0 0 1
    outer loop
      vertex 80.2525 51.98 8
      vertex 70.5 53.98 8
      vertex 70.5 51.98 8
    endloop
  endfacet
  facet normal -0 0 1
    outer loop
      vertex 83.3379 3.07496 8
      vertex 85.31 2.35198 8
      vertex 83.4628 3.28329 8
    endloop
  endfacet
  facet normal 0 0 1
    outer loop
      vertex 85.31 2.35198 8
      vertex 83.3379 3.07496 8
      vertex 85.1501 2.01398 8
    endloop
  endfacet
  facet normal 0 0 1
    outer loop
      vertex 85.1501 2.01398 8
      vertex 83.3379 3.07496 8
      vertex 84.9579 1.69327 8
    endloop
  endfacet
  facet normal -0 0 1
    outer loop
      vertex 83.1932 2.87988 8
      vertex 84.9579 1.69327 8
      vertex 83.3379 3.07496 8
    endloop
  endfacet
  facet normal 0 0 1
    outer loop
      vertex 84.9579 1.69327 8
      vertex 83.1932 2.87988 8
      vertex 84.7352 1.39296 8
    endloop
  endfacet
  facet normal -0 0 1
    outer loop
      vertex 83.0301 2.69991 8
      vertex 84.7352 1.39296 8
      vertex 83.1932 2.87988 8
    endloop
  endfacet
  facet normal 0 0 1
    outer loop
      vertex 84.7352 1.39296 8
      vertex 83.0301 2.69991 8
      vertex 84.4841 1.11592 8
    endloop
  endfacet
  facet normal -0 0 1
    outer loop
      vertex 82.8501 2.5368 8
      vertex 84.4841 1.11592 8
      vertex 83.0301 2.69991 8
    endloop
  endfacet
  facet normal 0 0 1
    outer loop
      vertex 84.4841 1.11592 8
      vertex 82.8501 2.5368 8
      vertex 84.207 0.864824 8
    endloop
  endfacet
  facet normal 0 0 1
    outer loop
      vertex 84.207 0.864824 8
      vertex 82.8501 2.5368 8
      vertex 83.9067 0.642107 8
    endloop
  endfacet
  facet normal -0 0 1
    outer loop
      vertex 82.655 2.39211 8
      vertex 83.9067 0.642107 8
      vertex 82.8501 2.5368 8
    endloop
  endfacet
  facet normal 0 0 1
    outer loop
      vertex 83.9067 0.642107 8
      vertex 82.655 2.39211 8
      vertex 83.586 0.449877 8
    endloop
  endfacet
  facet normal -0 0 1
    outer loop
      vertex 82.4467 2.26725 8
      vertex 83.586 0.449877 8
      vertex 82.655 2.39211 8
    endloop
  endfacet
  facet normal 0 0 1
    outer loop
      vertex 83.586 0.449877 8
      vertex 82.4467 2.26725 8
      vertex 83.248 0.290026 8
    endloop
  endfacet
  facet normal -0 0 1
    outer loop
      vertex 82.2271 2.1634 8
      vertex 83.248 0.290026 8
      vertex 82.4467 2.26725 8
    endloop
  endfacet
  facet normal 0 0 1
    outer loop
      vertex 83.248 0.290026 8
      vertex 82.2271 2.1634 8
      vertex 82.896 0.164064 8
    endloop
  endfacet
  facet normal 0 0 1
    outer loop
      vertex 82.896 0.164064 8
      vertex 82.2271 2.1634 8
      vertex 82.5333 0.0732136 8
    endloop
  endfacet
  facet normal -0 0 1
    outer loop
      vertex 81.9985 2.08157 8
      vertex 82.5333 0.0732136 8
      vertex 82.2271 2.1634 8
    endloop
  endfacet
  facet normal 0 0 1
    outer loop
      vertex 82.5333 0.0732136 8
      vertex 81.9985 2.08157 8
      vertex 82.1634 0.018343 8
    endloop
  endfacet
  facet normal -0 0 1
    outer loop
      vertex 81.7628 2.02256 8
      vertex 82.1634 0.018343 8
      vertex 81.9985 2.08157 8
    endloop
  endfacet
  facet normal 0 0 1
    outer loop
      vertex 82.1634 0.018343 8
      vertex 81.7628 2.02256 8
      vertex 81.79 1.90735e-06 8
    endloop
  endfacet
  facet normal -0 0 1
    outer loop
      vertex 81.5226 1.98692 8
      vertex 81.79 1.90735e-06 8
      vertex 81.7628 2.02256 8
    endloop
  endfacet
  facet normal -0 0 1
    outer loop
      vertex 81.28 1.975 8
      vertex 81.79 1.90735e-06 8
      vertex 81.5226 1.98692 8
    endloop
  endfacet
  facet normal 0 0 1
    outer loop
      vertex 81.0374 1.98692 8
      vertex 81.79 1.90735e-06 8
      vertex 81.28 1.975 8
    endloop
  endfacet
  facet normal 0 0 1
    outer loop
      vertex 80.7971 2.02256 8
      vertex 81.79 1.90735e-06 8
      vertex 81.0374 1.98692 8
    endloop
  endfacet
  facet normal 0 0 1
    outer loop
      vertex 80.5615 2.08157 8
      vertex 81.79 1.90735e-06 8
      vertex 80.7971 2.02256 8
    endloop
  endfacet
  facet normal 0 0 1
    outer loop
      vertex 79.1495 2 8
      vertex 80.5615 2.08157 8
      vertex 80.3329 2.1634 8
    endloop
  endfacet
  facet normal 0 0 1
    outer loop
      vertex 79.1495 2 8
      vertex 80.3329 2.1634 8
      vertex 80.1133 2.26725 8
    endloop
  endfacet
  facet normal 0 0 1
    outer loop
      vertex 79.1495 2 8
      vertex 80.1133 2.26725 8
      vertex 79.905 2.39211 8
    endloop
  endfacet
  facet normal 0 0 1
    outer loop
      vertex 79.1495 2 8
      vertex 79.905 2.39211 8
      vertex 79.7099 2.5368 8
    endloop
  endfacet
  facet normal 0 0 1
    outer loop
      vertex 79.1495 2 8
      vertex 79.7099 2.5368 8
      vertex 79.5299 2.69991 8
    endloop
  endfacet
  facet normal 0 0 1
    outer loop
      vertex 79.1495 2 8
      vertex 79.5299 2.69991 8
      vertex 79.3668 2.87988 8
    endloop
  endfacet
  facet normal 0 0 1
    outer loop
      vertex 79.1495 2 8
      vertex 79.3668 2.87988 8
      vertex 79.2221 3.07496 8
    endloop
  endfacet
  facet normal 0 0 1
    outer loop
      vertex 80.5615 2.08157 8
      vertex 79.1495 2 8
      vertex 81.79 1.90735e-06 8
    endloop
  endfacet
  facet normal -0 0 1
    outer loop
      vertex 7.2105 2 8
      vertex 81.79 1.90735e-06 8
      vertex 79.1495 2 8
    endloop
  endfacet
  facet normal -0 0 1
    outer loop
      vertex 6.83009 2.69991 8
      vertex 7.3781 2.1519 8
      vertex 6.9932 2.87988 8
    endloop
  endfacet
  facet normal 0 0 1
    outer loop
      vertex 7.3781 2.1519 8
      vertex 6.83009 2.69991 8
      vertex 7.2105 2 8
    endloop
  endfacet
  facet normal -0 0 1
    outer loop
      vertex 6.65012 2.5368 8
      vertex 7.2105 2 8
      vertex 6.83009 2.69991 8
    endloop
  endfacet
  facet normal -0 0 1
    outer loop
      vertex 6.45504 2.39211 8
      vertex 7.2105 2 8
      vertex 6.65012 2.5368 8
    endloop
  endfacet
  facet normal -0 0 1
    outer loop
      vertex 6.24671 2.26725 8
      vertex 7.2105 2 8
      vertex 6.45504 2.39211 8
    endloop
  endfacet
  facet normal -0 0 1
    outer loop
      vertex 6.02714 2.1634 8
      vertex 7.2105 2 8
      vertex 6.24671 2.26725 8
    endloop
  endfacet
  facet normal -0 0 1
    outer loop
      vertex 5.79845 2.08157 8
      vertex 7.2105 2 8
      vertex 6.02714 2.1634 8
    endloop
  endfacet
  facet normal 0 0 1
    outer loop
      vertex 3.81 1.90735e-06 8
      vertex 5.79845 2.08157 8
      vertex 5.56285 2.02256 8
    endloop
  endfacet
  facet normal 0 0 1
    outer loop
      vertex 5.79845 2.08157 8
      vertex 3.81 1.90735e-06 8
      vertex 7.2105 2 8
    endloop
  endfacet
  facet normal 0 0 1
    outer loop
      vertex 3.81 1.90735e-06 8
      vertex 5.56285 2.02256 8
      vertex 5.32259 1.98692 8
    endloop
  endfacet
  facet normal 0 0 1
    outer loop
      vertex 3.81 1.90735e-06 8
      vertex 5.32259 1.98692 8
      vertex 5.08 1.975 8
    endloop
  endfacet
  facet normal 0 0 1
    outer loop
      vertex 7.2105 2 8
      vertex 3.81 1.90735e-06 8
      vertex 81.79 1.90735e-06 8
    endloop
  endfacet
  facet normal 0 0 1
    outer loop
      vertex 4.83741 1.98692 8
      vertex 3.81 1.90735e-06 8
      vertex 5.08 1.975 8
    endloop
  endfacet
  facet normal 0 0 1
    outer loop
      vertex 4.59715 2.02256 8
      vertex 3.81 1.90735e-06 8
      vertex 4.83741 1.98692 8
    endloop
  endfacet
  facet normal 0 0 1
    outer loop
      vertex 4.36155 2.08157 8
      vertex 3.81 1.90735e-06 8
      vertex 4.59715 2.02256 8
    endloop
  endfacet
  facet normal 0 0 1
    outer loop
      vertex 4.13286 2.1634 8
      vertex 3.81 1.90735e-06 8
      vertex 4.36155 2.08157 8
    endloop
  endfacet
  facet normal 0 0 1
    outer loop
      vertex 3.43656 0.018343 8
      vertex 4.13286 2.1634 8
      vertex 3.91329 2.26725 8
    endloop
  endfacet
  facet normal 0 0 1
    outer loop
      vertex 3.0667 0.0732136 8
      vertex 3.91329 2.26725 8
      vertex 3.70496 2.39211 8
    endloop
  endfacet
  facet normal 0 0 1
    outer loop
      vertex 2.35198 0.290026 8
      vertex 3.70496 2.39211 8
      vertex 3.50988 2.5368 8
    endloop
  endfacet
  facet normal 0 0 1
    outer loop
      vertex 4.13286 2.1634 8
      vertex 3.43656 0.018343 8
      vertex 3.81 1.90735e-06 8
    endloop
  endfacet
  facet normal 0 0 1
    outer loop
      vertex 2.01398 0.449877 8
      vertex 3.50988 2.5368 8
      vertex 3.32991 2.69991 8
    endloop
  endfacet
  facet normal 0 0 1
    outer loop
      vertex 1.39296 0.864824 8
      vertex 3.32991 2.69991 8
      vertex 3.1668 2.87988 8
    endloop
  endfacet
  facet normal 0 0 1
    outer loop
      vertex 3.91329 2.26725 8
      vertex 3.0667 0.0732136 8
      vertex 3.43656 0.018343 8
    endloop
  endfacet
  facet normal 0 0 1
    outer loop
      vertex 1.11592 1.11592 8
      vertex 3.1668 2.87988 8
      vertex 3.02211 3.07496 8
    endloop
  endfacet
  facet normal 0 0 1
    outer loop
      vertex 0.642107 1.69327 8
      vertex 3.02211 3.07496 8
      vertex 2.89725 3.28329 8
    endloop
  endfacet
  facet normal 0 0 1
    outer loop
      vertex 0.290026 2.35198 8
      vertex 2.89725 3.28329 8
      vertex 2.7934 3.50286 8
    endloop
  endfacet
  facet normal 0 0 1
    outer loop
      vertex 0.164064 2.70401 8
      vertex 2.7934 3.50286 8
      vertex 2.71157 3.73155 8
    endloop
  endfacet
  facet normal 0 0 1
    outer loop
      vertex 3.70496 2.39211 8
      vertex 2.70401 0.164064 8
      vertex 3.0667 0.0732136 8
    endloop
  endfacet
  facet normal 0 0 1
    outer loop
      vertex 0.018343 3.43656 8
      vertex 2.71157 3.73155 8
      vertex 2.65256 3.96715 8
    endloop
  endfacet
  facet normal 0 0 1
    outer loop
      vertex 1.90735e-06 3.81 8
      vertex 2.65256 3.96715 8
      vertex 2.61692 4.20741 8
    endloop
  endfacet
  facet normal 0 0 1
    outer loop
      vertex 1.90735e-06 3.81 8
      vertex 2.61692 4.20741 8
      vertex 2.605 4.45 8
    endloop
  endfacet
  facet normal 0 0 1
    outer loop
      vertex 2.7934 5.39714 8
      vertex 2 5.47743 8
      vertex 2.71157 5.16845 8
    endloop
  endfacet
  facet normal 0 0 1
    outer loop
      vertex 2.71157 5.16845 8
      vertex 2 5.47743 8
      vertex 2.65256 4.93285 8
    endloop
  endfacet
  facet normal 0 0 1
    outer loop
      vertex 1.90735e-06 3.81 8
      vertex 2.605 4.45 8
      vertex 2 5.47743 8
    endloop
  endfacet
  facet normal 0 0 1
    outer loop
      vertex 2.65256 4.93285 8
      vertex 2 5.47743 8
      vertex 2.61692 4.69259 8
    endloop
  endfacet
  facet normal 0 0 1
    outer loop
      vertex 2.61692 4.69259 8
      vertex 2 5.47743 8
      vertex 2.605 4.45 8
    endloop
  endfacet
  facet normal 0 0 1
    outer loop
      vertex 3.70496 2.39211 8
      vertex 2.35198 0.290026 8
      vertex 2.70401 0.164064 8
    endloop
  endfacet
  facet normal 0 0 1
    outer loop
      vertex 3.50988 2.5368 8
      vertex 2.01398 0.449877 8
      vertex 2.35198 0.290026 8
    endloop
  endfacet
  facet normal 0 0 1
    outer loop
      vertex 1.90735e-06 3.81 8
      vertex 2 47.8726 8
      vertex 1.90735e-06 50.17 8
    endloop
  endfacet
  facet normal 0 0 1
    outer loop
      vertex 2 47.8726 8
      vertex 1.90735e-06 3.81 8
      vertex 2 5.47743 8
    endloop
  endfacet
  facet normal -0 0 1
    outer loop
      vertex 0.290026 51.628 8
      vertex 2.13777 50.8626 8
      vertex 0.449877 51.966 8
    endloop
  endfacet
  facet normal 0 0 1
    outer loop
      vertex 2.65256 3.96715 8
      vertex 1.90735e-06 3.81 8
      vertex 0.018343 3.43656 8
    endloop
  endfacet
  facet normal 0 0 1
    outer loop
      vertex 2.13777 50.8626 8
      vertex 0.290026 51.628 8
      vertex 2.07794 50.6954 8
    endloop
  endfacet
  facet normal 0 0 1
    outer loop
      vertex 3.32991 2.69991 8
      vertex 1.69327 0.642107 8
      vertex 2.01398 0.449877 8
    endloop
  endfacet
  facet normal -0 0 1
    outer loop
      vertex 0.164064 51.276 8
      vertex 2.07794 50.6954 8
      vertex 0.290026 51.628 8
    endloop
  endfacet
  facet normal 0 0 1
    outer loop
      vertex 3.32991 2.69991 8
      vertex 1.39296 0.864824 8
      vertex 1.69327 0.642107 8
    endloop
  endfacet
  facet normal 0 0 1
    outer loop
      vertex 2.07794 50.6954 8
      vertex 0.164064 51.276 8
      vertex 2.03478 50.5231 8
    endloop
  endfacet
  facet normal 0 0 1
    outer loop
      vertex 3.1668 2.87988 8
      vertex 1.11592 1.11592 8
      vertex 1.39296 0.864824 8
    endloop
  endfacet
  facet normal -0 0 1
    outer loop
      vertex 0.0732136 50.9133 8
      vertex 2.03478 50.5231 8
      vertex 0.164064 51.276 8
    endloop
  endfacet
  facet normal 0 0 1
    outer loop
      vertex 3.02211 3.07496 8
      vertex 0.864824 1.39296 8
      vertex 1.11592 1.11592 8
    endloop
  endfacet
  facet normal 0 0 1
    outer loop
      vertex 2.03478 50.5231 8
      vertex 0.0732136 50.9133 8
      vertex 2.00871 50.3474 8
    endloop
  endfacet
  facet normal 0 0 1
    outer loop
      vertex 3.02211 3.07496 8
      vertex 0.642107 1.69327 8
      vertex 0.864824 1.39296 8
    endloop
  endfacet
  facet normal -0 0 1
    outer loop
      vertex 0.018343 50.5434 8
      vertex 2.00871 50.3474 8
      vertex 0.0732136 50.9133 8
    endloop
  endfacet
  facet normal 0 0 1
    outer loop
      vertex 2.89725 3.28329 8
      vertex 0.449877 2.01398 8
      vertex 0.642107 1.69327 8
    endloop
  endfacet
  facet normal 0 0 1
    outer loop
      vertex 2.00871 50.3474 8
      vertex 0.018343 50.5434 8
      vertex 2 50.17 8
    endloop
  endfacet
  facet normal 0 0 1
    outer loop
      vertex 2.89725 3.28329 8
      vertex 0.290026 2.35198 8
      vertex 0.449877 2.01398 8
    endloop
  endfacet
  facet normal 0 0 1
    outer loop
      vertex 2 50.17 8
      vertex 0.018343 50.5434 8
      vertex 1.90735e-06 50.17 8
    endloop
  endfacet
  facet normal 0 0 1
    outer loop
      vertex 2.7934 3.50286 8
      vertex 0.164064 2.70401 8
      vertex 0.290026 2.35198 8
    endloop
  endfacet
  facet normal 0 0 1
    outer loop
      vertex 2.71157 3.73155 8
      vertex 0.0732136 3.0667 8
      vertex 0.164064 2.70401 8
    endloop
  endfacet
  facet normal 0 0 1
    outer loop
      vertex 2.71157 3.73155 8
      vertex 0.018343 3.43656 8
      vertex 0.0732136 3.0667 8
    endloop
  endfacet
  facet normal 0 0 1
    outer loop
      vertex 85.6 3.81 8
      vertex 83.6484 5.16845 8
      vertex 83.7074 4.93285 8
    endloop
  endfacet
  facet normal 0 0 1
    outer loop
      vertex 83.0301 6.20009 8
      vertex 83.6 6.72394 8
      vertex 83.5781 6.7481 8
    endloop
  endfacet
  facet normal 0 0 1
    outer loop
      vertex 83.6 6.72394 8
      vertex 83.5666 5.39714 8
      vertex 83.6484 5.16845 8
    endloop
  endfacet
  facet normal 0 0 1
    outer loop
      vertex 83.6 6.72394 8
      vertex 83.4628 5.61671 8
      vertex 83.5666 5.39714 8
    endloop
  endfacet
  facet normal 0 0 1
    outer loop
      vertex 83.0301 6.20009 8
      vertex 83.5781 6.7481 8
      vertex 83.3418 6.96228 8
    endloop
  endfacet
  facet normal 0 0 1
    outer loop
      vertex 83.6 6.72394 8
      vertex 83.3379 5.82504 8
      vertex 83.4628 5.61671 8
    endloop
  endfacet
  facet normal 0 0 1
    outer loop
      vertex 83.6 6.72394 8
      vertex 83.1932 6.02012 8
      vertex 83.3379 5.82504 8
    endloop
  endfacet
  facet normal 0 0 1
    outer loop
      vertex 82.8501 6.3632 8
      vertex 83.3418 6.96228 8
      vertex 83.0856 7.15228 8
    endloop
  endfacet
  facet normal 0 0 1
    outer loop
      vertex 83.6 6.72394 8
      vertex 83.0301 6.20009 8
      vertex 83.1932 6.02012 8
    endloop
  endfacet
  facet normal 0 0 1
    outer loop
      vertex 83.3418 6.96228 8
      vertex 82.8501 6.3632 8
      vertex 83.0301 6.20009 8
    endloop
  endfacet
  facet normal 0 0 1
    outer loop
      vertex 82.655 6.50789 8
      vertex 83.0856 7.15228 8
      vertex 82.812 7.31624 8
    endloop
  endfacet
  facet normal 0 0 1
    outer loop
      vertex 83.0856 7.15228 8
      vertex 82.655 6.50789 8
      vertex 82.8501 6.3632 8
    endloop
  endfacet
  facet normal 0 0 1
    outer loop
      vertex 82.4467 6.63275 8
      vertex 82.812 7.31624 8
      vertex 82.5237 7.45261 8
    endloop
  endfacet
  facet normal 0 0 1
    outer loop
      vertex 82.812 7.31624 8
      vertex 82.4467 6.63275 8
      vertex 82.655 6.50789 8
    endloop
  endfacet
  facet normal 0 0 1
    outer loop
      vertex 82.5237 7.45261 8
      vertex 82.2271 6.7366 8
      vertex 82.4467 6.63275 8
    endloop
  endfacet
  facet normal 0 0 1
    outer loop
      vertex 82.2234 7.56006 8
      vertex 82.2271 6.7366 8
      vertex 82.5237 7.45261 8
    endloop
  endfacet
  facet normal 0 0 1
    outer loop
      vertex 82.2234 7.56006 8
      vertex 81.9985 6.81843 8
      vertex 82.2271 6.7366 8
    endloop
  endfacet
  facet normal 0 0 1
    outer loop
      vertex 81.914 7.63755 8
      vertex 81.9985 6.81843 8
      vertex 82.2234 7.56006 8
    endloop
  endfacet
  facet normal 0 0 1
    outer loop
      vertex 81.914 7.63755 8
      vertex 81.7628 6.87744 8
      vertex 81.9985 6.81843 8
    endloop
  endfacet
  facet normal 0 0 1
    outer loop
      vertex 81.5986 7.68435 8
      vertex 81.7628 6.87744 8
      vertex 81.914 7.63755 8
    endloop
  endfacet
  facet normal 0 0 1
    outer loop
      vertex 81.5986 7.68435 8
      vertex 81.5226 6.91308 8
      vertex 81.7628 6.87744 8
    endloop
  endfacet
  facet normal 0 0 1
    outer loop
      vertex 81.28 7.7 8
      vertex 81.5226 6.91308 8
      vertex 81.5986 7.68435 8
    endloop
  endfacet
  facet normal 0 0 1
    outer loop
      vertex 81.28 7.7 8
      vertex 81.28 6.925 8
      vertex 81.5226 6.91308 8
    endloop
  endfacet
  facet normal 0 0 1
    outer loop
      vertex 81.28 7.7 8
      vertex 81.0374 6.91308 8
      vertex 81.28 6.925 8
    endloop
  endfacet
  facet normal -0 0 1
    outer loop
      vertex 80.9614 7.68435 8
      vertex 81.0374 6.91308 8
      vertex 81.28 7.7 8
    endloop
  endfacet
  facet normal 0 0 1
    outer loop
      vertex 80.9614 7.68435 8
      vertex 80.7971 6.87744 8
      vertex 81.0374 6.91308 8
    endloop
  endfacet
  facet normal -0 0 1
    outer loop
      vertex 80.646 7.63755 8
      vertex 80.7971 6.87744 8
      vertex 80.9614 7.68435 8
    endloop
  endfacet
  facet normal 0 0 1
    outer loop
      vertex 80.646 7.63755 8
      vertex 80.5615 6.81843 8
      vertex 80.7971 6.87744 8
    endloop
  endfacet
  facet normal -0 0 1
    outer loop
      vertex 80.3366 7.56006 8
      vertex 80.5615 6.81843 8
      vertex 80.646 7.63755 8
    endloop
  endfacet
  facet normal 0 0 1
    outer loop
      vertex 80.3366 7.56006 8
      vertex 80.3329 6.7366 8
      vertex 80.5615 6.81843 8
    endloop
  endfacet
  facet normal -0 0 1
    outer loop
      vertex 80.0363 7.45261 8
      vertex 80.3329 6.7366 8
      vertex 80.3366 7.56006 8
    endloop
  endfacet
  facet normal 0 0 1
    outer loop
      vertex 80.3329 6.7366 8
      vertex 80.0363 7.45261 8
      vertex 80.1133 6.63275 8
    endloop
  endfacet
  facet normal -0 0 1
    outer loop
      vertex 79.748 7.31624 8
      vertex 80.1133 6.63275 8
      vertex 80.0363 7.45261 8
    endloop
  endfacet
  facet normal 0 0 1
    outer loop
      vertex 80.1133 6.63275 8
      vertex 79.748 7.31624 8
      vertex 79.905 6.50789 8
    endloop
  endfacet
  facet normal -0 0 1
    outer loop
      vertex 79.4744 7.15228 8
      vertex 79.905 6.50789 8
      vertex 79.748 7.31624 8
    endloop
  endfacet
  facet normal 0 0 1
    outer loop
      vertex 79.905 6.50789 8
      vertex 79.4744 7.15228 8
      vertex 79.7099 6.3632 8
    endloop
  endfacet
  facet normal -0 0 1
    outer loop
      vertex 79.2182 6.96228 8
      vertex 79.7099 6.3632 8
      vertex 79.4744 7.15228 8
    endloop
  endfacet
  facet normal 0 0 1
    outer loop
      vertex 79.7099 6.3632 8
      vertex 79.2182 6.96228 8
      vertex 79.5299 6.20009 8
    endloop
  endfacet
  facet normal -0 0 1
    outer loop
      vertex 78.9819 6.7481 8
      vertex 79.5299 6.20009 8
      vertex 79.2182 6.96228 8
    endloop
  endfacet
  facet normal 0 0 1
    outer loop
      vertex 79.5299 6.20009 8
      vertex 78.9819 6.7481 8
      vertex 79.3668 6.02012 8
    endloop
  endfacet
  facet normal -0 0 1
    outer loop
      vertex 78.7677 6.51178 8
      vertex 79.3668 6.02012 8
      vertex 78.9819 6.7481 8
    endloop
  endfacet
  facet normal 0 0 1
    outer loop
      vertex 79.3668 6.02012 8
      vertex 78.7677 6.51178 8
      vertex 79.2221 5.82504 8
    endloop
  endfacet
  facet normal -0 0 1
    outer loop
      vertex 78.5777 6.2556 8
      vertex 79.2221 5.82504 8
      vertex 78.7677 6.51178 8
    endloop
  endfacet
  facet normal 0 0 1
    outer loop
      vertex 79.2221 5.82504 8
      vertex 78.5777 6.2556 8
      vertex 79.0972 5.61671 8
    endloop
  endfacet
  facet normal -0 0 1
    outer loop
      vertex 78.4138 5.98204 8
      vertex 79.0972 5.61671 8
      vertex 78.5777 6.2556 8
    endloop
  endfacet
  facet normal 0 0 1
    outer loop
      vertex 79.0972 5.61671 8
      vertex 78.4138 5.98204 8
      vertex 78.9934 5.39714 8
    endloop
  endfacet
  facet normal 0 0 1
    outer loop
      vertex 78.9934 5.39714 8
      vertex 78.2774 5.69372 8
      vertex 78.9116 5.16845 8
    endloop
  endfacet
  facet normal -0 0 1
    outer loop
      vertex 78.2774 5.69372 8
      vertex 78.9934 5.39714 8
      vertex 78.4138 5.98204 8
    endloop
  endfacet
  facet normal -0 0 1
    outer loop
      vertex 80.0363 51.9026 8
      vertex 80.3329 51.1866 8
      vertex 80.2525 51.98 8
    endloop
  endfacet
  facet normal 0 0 1
    outer loop
      vertex 80.3329 51.1866 8
      vertex 80.0363 51.9026 8
      vertex 80.1133 51.0828 8
    endloop
  endfacet
  facet normal -0 0 1
    outer loop
      vertex 79.748 51.7662 8
      vertex 80.1133 51.0828 8
      vertex 80.0363 51.9026 8
    endloop
  endfacet
  facet normal 0 0 1
    outer loop
      vertex 80.1133 51.0828 8
      vertex 79.748 51.7662 8
      vertex 79.905 50.9579 8
    endloop
  endfacet
  facet normal -0 0 1
    outer loop
      vertex 79.4744 51.6023 8
      vertex 79.905 50.9579 8
      vertex 79.748 51.7662 8
    endloop
  endfacet
  facet normal 0 0 1
    outer loop
      vertex 79.905 50.9579 8
      vertex 79.4744 51.6023 8
      vertex 79.7099 50.8132 8
    endloop
  endfacet
  facet normal -0 0 1
    outer loop
      vertex 79.2182 51.4123 8
      vertex 79.7099 50.8132 8
      vertex 79.4744 51.6023 8
    endloop
  endfacet
  facet normal 0 0 1
    outer loop
      vertex 79.7099 50.8132 8
      vertex 79.2182 51.4123 8
      vertex 79.5299 50.6501 8
    endloop
  endfacet
  facet normal -0 0 1
    outer loop
      vertex 78.9819 51.1981 8
      vertex 79.5299 50.6501 8
      vertex 79.2182 51.4123 8
    endloop
  endfacet
  facet normal 0 0 1
    outer loop
      vertex 79.5299 50.6501 8
      vertex 78.9819 51.1981 8
      vertex 79.3668 50.4701 8
    endloop
  endfacet
  facet normal -0 0 1
    outer loop
      vertex 78.7677 50.9618 8
      vertex 79.3668 50.4701 8
      vertex 78.9819 51.1981 8
    endloop
  endfacet
  facet normal 0 0 1
    outer loop
      vertex 79.3668 50.4701 8
      vertex 78.7677 50.9618 8
      vertex 79.2221 50.275 8
    endloop
  endfacet
  facet normal -0 0 1
    outer loop
      vertex 78.5777 50.7056 8
      vertex 79.2221 50.275 8
      vertex 78.7677 50.9618 8
    endloop
  endfacet
  facet normal 0 0 1
    outer loop
      vertex 79.2221 50.275 8
      vertex 78.5777 50.7056 8
      vertex 79.0972 50.0667 8
    endloop
  endfacet
  facet normal -0 0 1
    outer loop
      vertex 78.4138 50.432 8
      vertex 79.0972 50.0667 8
      vertex 78.5777 50.7056 8
    endloop
  endfacet
  facet normal 0 0 1
    outer loop
      vertex 79.0972 50.0667 8
      vertex 78.4138 50.432 8
      vertex 78.9934 49.8471 8
    endloop
  endfacet
  facet normal 0 0 1
    outer loop
      vertex 78.9934 49.8471 8
      vertex 78.2774 50.1437 8
      vertex 78.9116 49.6185 8
    endloop
  endfacet
  facet normal -0 0 1
    outer loop
      vertex 78.2774 50.1437 8
      vertex 78.9934 49.8471 8
      vertex 78.4138 50.432 8
    endloop
  endfacet
  facet normal -0 0 1
    outer loop
      vertex 18.78 53.98 8
      vertex 39.53 51.98 8
      vertex 39.53 53.98 8
    endloop
  endfacet
  facet normal 0 0 1
    outer loop
      vertex 39.53 51.98 8
      vertex 18.78 53.98 8
      vertex 18.78 51.98 8
    endloop
  endfacet
  facet normal -0.904001 0.427531 0
    outer loop
      vertex 0.290026 51.628 0
      vertex 0.449877 51.966 8
      vertex 0.449877 51.966 0
    endloop
  endfacet
  facet normal -0.904001 0.427531 0
    outer loop
      vertex 0.449877 51.966 8
      vertex 0.290026 51.628 0
      vertex 0.290026 51.628 8
    endloop
  endfacet
  facet normal -0.803218 -0.595685 0
    outer loop
      vertex 0.864824 1.39296 0
      vertex 0.642107 1.69327 8
      vertex 0.642107 1.69327 0
    endloop
  endfacet
  facet normal -0.803218 -0.595685 0
    outer loop
      vertex 0.642107 1.69327 8
      vertex 0.864824 1.39296 0
      vertex 0.864824 1.39296 8
    endloop
  endfacet
  facet normal -0.595685 -0.803218 0
    outer loop
      vertex 1.39296 0.864824 0
      vertex 1.69327 0.642107 8
      vertex 1.39296 0.864824 8
    endloop
  endfacet
  facet normal -0.595685 -0.803218 -0
    outer loop
      vertex 1.69327 0.642107 8
      vertex 1.39296 0.864824 0
      vertex 1.69327 0.642107 0
    endloop
  endfacet
  facet normal 0.146733 -0.989176 0
    outer loop
      vertex 82.1634 0.018343 0
      vertex 82.5333 0.0732136 8
      vertex 82.1634 0.018343 8
    endloop
  endfacet
  facet normal 0.146733 -0.989176 0
    outer loop
      vertex 82.5333 0.0732136 8
      vertex 82.1634 0.018343 0
      vertex 82.5333 0.0732136 0
    endloop
  endfacet
  facet normal -0.97003 -0.242983 0
    outer loop
      vertex 0.164064 2.70401 0
      vertex 0.0732136 3.0667 8
      vertex 0.0732136 3.0667 0
    endloop
  endfacet
  facet normal -0.97003 -0.242983 0
    outer loop
      vertex 0.0732136 3.0667 8
      vertex 0.164064 2.70401 0
      vertex 0.164064 2.70401 8
    endloop
  endfacet
  facet normal 0.941584 0.336777 0
    outer loop
      vertex 85.4359 51.276 8
      vertex 85.31 51.628 0
      vertex 85.31 51.628 8
    endloop
  endfacet
  facet normal 0.941584 0.336777 0
    outer loop
      vertex 85.31 51.628 0
      vertex 85.4359 51.276 8
      vertex 85.4359 51.276 0
    endloop
  endfacet
  facet normal -0.803208 0.595698 0
    outer loop
      vertex 0.642107 52.2867 0
      vertex 0.864824 52.587 8
      vertex 0.864824 52.587 0
    endloop
  endfacet
  facet normal -0.803208 0.595698 0
    outer loop
      vertex 0.864824 52.587 8
      vertex 0.642107 52.2867 0
      vertex 0.642107 52.2867 8
    endloop
  endfacet
  facet normal 0.336924 -0.941532 0
    outer loop
      vertex 82.896 0.164064 0
      vertex 83.248 0.290026 8
      vertex 82.896 0.164064 8
    endloop
  endfacet
  facet normal 0.336924 -0.941532 0
    outer loop
      vertex 83.248 0.290026 8
      vertex 82.896 0.164064 0
      vertex 83.248 0.290026 0
    endloop
  endfacet
  facet normal 0.671481 -0.741021 0
    outer loop
      vertex 84.207 0.864824 0
      vertex 84.4841 1.11592 8
      vertex 84.207 0.864824 8
    endloop
  endfacet
  facet normal 0.671481 -0.741021 0
    outer loop
      vertex 84.4841 1.11592 8
      vertex 84.207 0.864824 0
      vertex 84.4841 1.11592 0
    endloop
  endfacet
  facet normal 0.857752 0.514063 0
    outer loop
      vertex 85.1501 51.966 8
      vertex 84.9579 52.2867 0
      vertex 84.9579 52.2867 8
    endloop
  endfacet
  facet normal 0.857752 0.514063 0
    outer loop
      vertex 84.9579 52.2867 0
      vertex 85.1501 51.966 8
      vertex 85.1501 51.966 0
    endloop
  endfacet
  facet normal -0.857724 -0.51411 0
    outer loop
      vertex 0.642107 1.69327 0
      vertex 0.449877 2.01398 8
      vertex 0.449877 2.01398 0
    endloop
  endfacet
  facet normal -0.857724 -0.51411 0
    outer loop
      vertex 0.449877 2.01398 8
      vertex 0.642107 1.69327 0
      vertex 0.642107 1.69327 8
    endloop
  endfacet
  facet normal -0.904001 -0.427531 0
    outer loop
      vertex 0.449877 2.01398 0
      vertex 0.290026 2.35198 8
      vertex 0.290026 2.35198 0
    endloop
  endfacet
  facet normal -0.904001 -0.427531 0
    outer loop
      vertex 0.290026 2.35198 8
      vertex 0.449877 2.01398 0
      vertex 0.449877 2.01398 8
    endloop
  endfacet
  facet normal 0.857759 -0.514051 0
    outer loop
      vertex 84.9579 1.69327 8
      vertex 85.1501 2.01398 0
      vertex 85.1501 2.01398 8
    endloop
  endfacet
  facet normal 0.857759 -0.514051 0
    outer loop
      vertex 85.1501 2.01398 0
      vertex 84.9579 1.69327 8
      vertex 84.9579 1.69327 0
    endloop
  endfacet
  facet normal 0.514122 -0.857717 0
    outer loop
      vertex 83.586 0.449877 0
      vertex 83.9067 0.642107 8
      vertex 83.586 0.449877 8
    endloop
  endfacet
  facet normal 0.514122 -0.857717 0
    outer loop
      vertex 83.9067 0.642107 8
      vertex 83.586 0.449877 0
      vertex 83.9067 0.642107 0
    endloop
  endfacet
  facet normal 0.969999 -0.243108 0
    outer loop
      vertex 85.4359 2.70401 8
      vertex 85.5268 3.0667 0
      vertex 85.5268 3.0667 8
    endloop
  endfacet
  facet normal 0.969999 -0.243108 0
    outer loop
      vertex 85.5268 3.0667 0
      vertex 85.4359 2.70401 8
      vertex 85.4359 2.70401 0
    endloop
  endfacet
  facet normal 0.989201 -0.146564 0
    outer loop
      vertex 85.5268 3.0667 8
      vertex 85.5816 3.43656 0
      vertex 85.5816 3.43656 8
    endloop
  endfacet
  facet normal 0.989201 -0.146564 0
    outer loop
      vertex 85.5816 3.43656 0
      vertex 85.5268 3.0667 8
      vertex 85.5268 3.0667 0
    endloop
  endfacet
  facet normal 0.90395 -0.427638 0
    outer loop
      vertex 85.1501 2.01398 8
      vertex 85.31 2.35198 0
      vertex 85.31 2.35198 8
    endloop
  endfacet
  facet normal 0.90395 -0.427638 0
    outer loop
      vertex 85.31 2.35198 0
      vertex 85.1501 2.01398 8
      vertex 85.1501 2.01398 0
    endloop
  endfacet
  facet normal 0.740944 -0.671567 0
    outer loop
      vertex 84.4841 1.11592 8
      vertex 84.7352 1.39296 0
      vertex 84.7352 1.39296 8
    endloop
  endfacet
  facet normal 0.740944 -0.671567 0
    outer loop
      vertex 84.7352 1.39296 0
      vertex 84.4841 1.11592 8
      vertex 84.4841 1.11592 0
    endloop
  endfacet
  facet normal -0.740949 -0.671561 0
    outer loop
      vertex 1.11592 1.11592 0
      vertex 0.864824 1.39296 8
      vertex 0.864824 1.39296 0
    endloop
  endfacet
  facet normal -0.740949 -0.671561 0
    outer loop
      vertex 0.864824 1.39296 8
      vertex 1.11592 1.11592 0
      vertex 1.11592 1.11592 8
    endloop
  endfacet
  facet normal 0.90395 0.427638 0
    outer loop
      vertex 85.31 51.628 8
      vertex 85.1501 51.966 0
      vertex 85.1501 51.966 8
    endloop
  endfacet
  facet normal 0.90395 0.427638 0
    outer loop
      vertex 85.1501 51.966 0
      vertex 85.31 51.628 8
      vertex 85.31 51.628 0
    endloop
  endfacet
  facet normal 0 1 -0
    outer loop
      vertex 79.1495 2 2
      vertex 7.2105 2 8
      vertex 79.1495 2 8
    endloop
  endfacet
  facet normal 0 1 0
    outer loop
      vertex 7.2105 2 8
      vertex 79.1495 2 2
      vertex 7.2105 2 2
    endloop
  endfacet
  facet normal 1 -0 0
    outer loop
      vertex 2 49.9274 8
      vertex 2 50.17 2
      vertex 2 50.17 8
    endloop
  endfacet
  facet normal 1 0 0
    outer loop
      vertex 2 50.17 2
      vertex 2 49.9274 8
      vertex 2 49.9274 2
    endloop
  endfacet
  facet normal 1 -0 0
    outer loop
      vertex 2 5.47743 8
      vertex 2 47.8726 2
      vertex 2 47.8726 8
    endloop
  endfacet
  facet normal 1 0 0
    outer loop
      vertex 2 47.8726 2
      vertex 2 5.47743 8
      vertex 2 5.47743 2
    endloop
  endfacet
  facet normal 0.51443 -0.857533 0
    outer loop
      vertex 2.80441 51.6749 2
      vertex 2.95677 51.7663 8
      vertex 2.80441 51.6749 8
    endloop
  endfacet
  facet normal 0.51443 -0.857533 0
    outer loop
      vertex 2.95677 51.7663 8
      vertex 2.80441 51.6749 2
      vertex 2.95677 51.7663 2
    endloop
  endfacet
  facet normal -1 0 0
    outer loop
      vertex 83.6 6.72394 2
      vertex 83.6 46.6261 8
      vertex 83.6 46.6261 2
    endloop
  endfacet
  facet normal -1 -0 0
    outer loop
      vertex 83.6 46.6261 8
      vertex 83.6 6.72394 2
      vertex 83.6 6.72394 8
    endloop
  endfacet
  facet normal 0.0489801 -0.9988 0
    outer loop
      vertex 3.63259 51.9713 2
      vertex 3.81 51.98 8
      vertex 3.63259 51.9713 8
    endloop
  endfacet
  facet normal 0.0489801 -0.9988 0
    outer loop
      vertex 3.81 51.98 8
      vertex 3.63259 51.9713 2
      vertex 3.81 51.98 2
    endloop
  endfacet
  facet normal 0 -1 0
    outer loop
      vertex 3.81 51.98 2
      vertex 4.05253 51.98 8
      vertex 3.81 51.98 8
    endloop
  endfacet
  facet normal 0 -1 -0
    outer loop
      vertex 4.05253 51.98 8
      vertex 3.81 51.98 2
      vertex 4.05253 51.98 2
    endloop
  endfacet
  facet normal 0 -1 0
    outer loop
      vertex 6.10748 51.98 8
      vertex 11.78 51.98 3.5
      vertex 11.78 51.98 8
    endloop
  endfacet
  facet normal 0 -1 -0
    outer loop
      vertex 11.78 51.98 3.5
      vertex 6.10748 51.98 2
      vertex 18.78 51.98 3.5
    endloop
  endfacet
  facet normal 0 -1 0
    outer loop
      vertex 6.10748 51.98 2
      vertex 11.78 51.98 3.5
      vertex 6.10748 51.98 8
    endloop
  endfacet
  facet normal 0 -1 0
    outer loop
      vertex 18.78 51.98 3.5
      vertex 39.53 51.98 8
      vertex 18.78 51.98 8
    endloop
  endfacet
  facet normal 0 -1 0
    outer loop
      vertex 18.78 51.98 3.5
      vertex 39.53 51.98 2
      vertex 39.53 51.98 8
    endloop
  endfacet
  facet normal 0 -1 0
    outer loop
      vertex 39.53 51.98 2
      vertex 18.78 51.98 3.5
      vertex 6.10748 51.98 2
    endloop
  endfacet
  facet normal 0 -1 0
    outer loop
      vertex 70.5 51.98 2
      vertex 80.2525 51.98 8
      vertex 70.5 51.98 8
    endloop
  endfacet
  facet normal 0 -1 -0
    outer loop
      vertex 80.2525 51.98 8
      vertex 70.5 51.98 2
      vertex 80.2525 51.98 2
    endloop
  endfacet
  facet normal 0.146928 -0.989147 0
    outer loop
      vertex 3.45688 51.9452 2
      vertex 3.63259 51.9713 8
      vertex 3.45688 51.9452 8
    endloop
  endfacet
  facet normal 0.146928 -0.989147 0
    outer loop
      vertex 3.63259 51.9713 8
      vertex 3.45688 51.9452 2
      vertex 3.63259 51.9713 2
    endloop
  endfacet
  facet normal 0.671607 -0.740907 0
    outer loop
      vertex 2.53014 51.4498 2
      vertex 2.66175 51.5691 8
      vertex 2.53014 51.4498 8
    endloop
  endfacet
  facet normal 0.671607 -0.740907 0
    outer loop
      vertex 2.66175 51.5691 8
      vertex 2.53014 51.4498 2
      vertex 2.66175 51.5691 2
    endloop
  endfacet
  facet normal 0.427353 -0.904085 0
    outer loop
      vertex 2.95677 51.7663 2
      vertex 3.11734 51.8422 8
      vertex 2.95677 51.7663 8
    endloop
  endfacet
  facet normal 0.427353 -0.904085 0
    outer loop
      vertex 3.11734 51.8422 8
      vertex 2.95677 51.7663 2
      vertex 3.11734 51.8422 2
    endloop
  endfacet
  facet normal 0.941535 -0.336914 0
    outer loop
      vertex 2.07794 50.6954 8
      vertex 2.13777 50.8626 2
      vertex 2.13777 50.8626 8
    endloop
  endfacet
  facet normal 0.941535 -0.336914 0
    outer loop
      vertex 2.13777 50.8626 2
      vertex 2.07794 50.6954 8
      vertex 2.07794 50.6954 2
    endloop
  endfacet
  facet normal 0.857791 -0.513999 0
    outer loop
      vertex 2.21372 51.0232 8
      vertex 2.30504 51.1756 2
      vertex 2.30504 51.1756 8
    endloop
  endfacet
  facet normal 0.857791 -0.513999 0
    outer loop
      vertex 2.30504 51.1756 2
      vertex 2.21372 51.0232 8
      vertex 2.21372 51.0232 2
    endloop
  endfacet
  facet normal 0.803098 -0.595847 0
    outer loop
      vertex 2.30504 51.1756 8
      vertex 2.41084 51.3182 2
      vertex 2.41084 51.3182 8
    endloop
  endfacet
  facet normal 0.803098 -0.595847 0
    outer loop
      vertex 2.41084 51.3182 2
      vertex 2.30504 51.1756 8
      vertex 2.30504 51.1756 2
    endloop
  endfacet
  facet normal 0.98917 -0.146771 0
    outer loop
      vertex 2.00871 50.3474 8
      vertex 2.03478 50.5231 2
      vertex 2.03478 50.5231 8
    endloop
  endfacet
  facet normal 0.98917 -0.146771 0
    outer loop
      vertex 2.03478 50.5231 2
      vertex 2.00871 50.3474 8
      vertex 2.00871 50.3474 2
    endloop
  endfacet
  facet normal 0.904007 -0.427518 0
    outer loop
      vertex 2.13777 50.8626 8
      vertex 2.21372 51.0232 2
      vertex 2.21372 51.0232 8
    endloop
  endfacet
  facet normal 0.904007 -0.427518 0
    outer loop
      vertex 2.21372 51.0232 2
      vertex 2.13777 50.8626 8
      vertex 2.13777 50.8626 2
    endloop
  endfacet
  facet normal 0.595685 -0.803218 0
    outer loop
      vertex 2.66175 51.5691 2
      vertex 2.80441 51.6749 8
      vertex 2.66175 51.5691 8
    endloop
  endfacet
  facet normal 0.595685 -0.803218 0
    outer loop
      vertex 2.80441 51.6749 8
      vertex 2.66175 51.5691 2
      vertex 2.80441 51.6749 2
    endloop
  endfacet
  facet normal 0.243198 -0.969977 0
    outer loop
      vertex 3.28458 51.902 2
      vertex 3.45688 51.9452 8
      vertex 3.28458 51.902 8
    endloop
  endfacet
  facet normal 0.243198 -0.969977 0
    outer loop
      vertex 3.45688 51.9452 8
      vertex 3.28458 51.902 2
      vertex 3.45688 51.9452 2
    endloop
  endfacet
  facet normal 0.740882 -0.671635 0
    outer loop
      vertex 2.41084 51.3182 8
      vertex 2.53014 51.4498 2
      vertex 2.53014 51.4498 8
    endloop
  endfacet
  facet normal 0.740882 -0.671635 0
    outer loop
      vertex 2.53014 51.4498 2
      vertex 2.41084 51.3182 8
      vertex 2.41084 51.3182 2
    endloop
  endfacet
  facet normal 0.998797 -0.049039 0
    outer loop
      vertex 2 50.17 8
      vertex 2.00871 50.3474 2
      vertex 2.00871 50.3474 8
    endloop
  endfacet
  facet normal 0.998797 -0.049039 0
    outer loop
      vertex 2.00871 50.3474 2
      vertex 2 50.17 8
      vertex 2 50.17 2
    endloop
  endfacet
  facet normal 0.336693 -0.941614 0
    outer loop
      vertex 3.11734 51.8422 2
      vertex 3.28458 51.902 8
      vertex 3.11734 51.8422 8
    endloop
  endfacet
  facet normal 0.336693 -0.941614 0
    outer loop
      vertex 3.28458 51.902 8
      vertex 3.11734 51.8422 2
      vertex 3.28458 51.902 2
    endloop
  endfacet
  facet normal 0.97003 -0.242986 0
    outer loop
      vertex 2.03478 50.5231 8
      vertex 2.07794 50.6954 2
      vertex 2.07794 50.6954 8
    endloop
  endfacet
  facet normal 0.97003 -0.242986 0
    outer loop
      vertex 2.07794 50.6954 2
      vertex 2.03478 50.5231 8
      vertex 2.03478 50.5231 2
    endloop
  endfacet
  facet normal -0 0 1
    outer loop
      vertex 3.81 51.98 2
      vertex 3.83628 51.9026 2
      vertex 4.05253 51.98 2
    endloop
  endfacet
  facet normal -0 0 1
    outer loop
      vertex 3.63259 51.9713 2
      vertex 3.83628 51.9026 2
      vertex 3.81 51.98 2
    endloop
  endfacet
  facet normal 0 0 1
    outer loop
      vertex 3.63259 51.9713 2
      vertex 3.54796 51.7662 2
      vertex 3.83628 51.9026 2
    endloop
  endfacet
  facet normal -0 0 1
    outer loop
      vertex 3.45688 51.9452 2
      vertex 3.54796 51.7662 2
      vertex 3.63259 51.9713 2
    endloop
  endfacet
  facet normal -0 0 1
    outer loop
      vertex 3.28458 51.902 2
      vertex 3.54796 51.7662 2
      vertex 3.45688 51.9452 2
    endloop
  endfacet
  facet normal 0 0 1
    outer loop
      vertex 3.28458 51.902 2
      vertex 3.2744 51.6023 2
      vertex 3.54796 51.7662 2
    endloop
  endfacet
  facet normal -0 0 1
    outer loop
      vertex 3.11734 51.8422 2
      vertex 3.2744 51.6023 2
      vertex 3.28458 51.902 2
    endloop
  endfacet
  facet normal -0 0 1
    outer loop
      vertex 2.95677 51.7663 2
      vertex 3.2744 51.6023 2
      vertex 3.11734 51.8422 2
    endloop
  endfacet
  facet normal 0 0 1
    outer loop
      vertex 3.2744 51.6023 2
      vertex 2.95677 51.7663 2
      vertex 3.01822 51.4123 2
    endloop
  endfacet
  facet normal -0 0 1
    outer loop
      vertex 2.80441 51.6749 2
      vertex 3.01822 51.4123 2
      vertex 2.95677 51.7663 2
    endloop
  endfacet
  facet normal -0 0 1
    outer loop
      vertex 2.66175 51.5691 2
      vertex 3.01822 51.4123 2
      vertex 2.80441 51.6749 2
    endloop
  endfacet
  facet normal 0 0 1
    outer loop
      vertex 3.01822 51.4123 2
      vertex 2.66175 51.5691 2
      vertex 2.7819 51.1981 2
    endloop
  endfacet
  facet normal -0 0 1
    outer loop
      vertex 2.53014 51.4498 2
      vertex 2.7819 51.1981 2
      vertex 2.66175 51.5691 2
    endloop
  endfacet
  facet normal -0 0 1
    outer loop
      vertex 2.41084 51.3182 2
      vertex 2.7819 51.1981 2
      vertex 2.53014 51.4498 2
    endloop
  endfacet
  facet normal 0 0 1
    outer loop
      vertex 2.7819 51.1981 2
      vertex 2.41084 51.3182 2
      vertex 2.56772 50.9618 2
    endloop
  endfacet
  facet normal -0 0 1
    outer loop
      vertex 2.30504 51.1756 2
      vertex 2.56772 50.9618 2
      vertex 2.41084 51.3182 2
    endloop
  endfacet
  facet normal -0 0 1
    outer loop
      vertex 2.21372 51.0232 2
      vertex 2.56772 50.9618 2
      vertex 2.30504 51.1756 2
    endloop
  endfacet
  facet normal 0 0 1
    outer loop
      vertex 2.56772 50.9618 2
      vertex 2.21372 51.0232 2
      vertex 2.37772 50.7056 2
    endloop
  endfacet
  facet normal -0 0 1
    outer loop
      vertex 2.13777 50.8626 2
      vertex 2.37772 50.7056 2
      vertex 2.21372 51.0232 2
    endloop
  endfacet
  facet normal 0 0 1
    outer loop
      vertex 2.07794 50.6954 2
      vertex 2.37772 50.7056 2
      vertex 2.13777 50.8626 2
    endloop
  endfacet
  facet normal 0 0 1
    outer loop
      vertex 2.37772 50.7056 2
      vertex 2.07794 50.6954 2
      vertex 2.21376 50.432 2
    endloop
  endfacet
  facet normal -0 0 1
    outer loop
      vertex 2.03478 50.5231 2
      vertex 2.21376 50.432 2
      vertex 2.07794 50.6954 2
    endloop
  endfacet
  facet normal 0 0 1
    outer loop
      vertex 2.00871 50.3474 2
      vertex 2.21376 50.432 2
      vertex 2.03478 50.5231 2
    endloop
  endfacet
  facet normal 0 0 1
    outer loop
      vertex 2.21376 50.432 2
      vertex 2.00871 50.3474 2
      vertex 2.07739 50.1437 2
    endloop
  endfacet
  facet normal -0 0 1
    outer loop
      vertex 2 50.17 2
      vertex 2.07739 50.1437 2
      vertex 2.00871 50.3474 2
    endloop
  endfacet
  facet normal 0 0 1
    outer loop
      vertex 2.07739 50.1437 2
      vertex 2 50.17 2
      vertex 2 49.9274 2
    endloop
  endfacet
  facet normal 0 0 1
    outer loop
      vertex 70.5 53.98 2
      vertex 39.53 53.98 2
      vertex 70.5 51.98 2
    endloop
  endfacet
  facet normal 0 0 1
    outer loop
      vertex 78.1699 5.39342 2
      vertex 8.19006 5.39342 2
      vertex 78.0924 5.08404 2
    endloop
  endfacet
  facet normal 0 0 1
    outer loop
      vertex 78.0456 49.2186 2
      vertex 70.5 51.98 2
      vertex 78.03 48.9 2
    endloop
  endfacet
  facet normal 0 0 1
    outer loop
      vertex 78.0924 49.534 2
      vertex 70.5 51.98 2
      vertex 78.0456 49.2186 2
    endloop
  endfacet
  facet normal 0 0 1
    outer loop
      vertex 78.1699 49.8434 2
      vertex 70.5 51.98 2
      vertex 78.0924 49.534 2
    endloop
  endfacet
  facet normal 0 0 1
    outer loop
      vertex 78.2774 50.1437 2
      vertex 70.5 51.98 2
      vertex 78.1699 49.8434 2
    endloop
  endfacet
  facet normal 0 0 1
    outer loop
      vertex 78.4138 50.432 2
      vertex 70.5 51.98 2
      vertex 78.2774 50.1437 2
    endloop
  endfacet
  facet normal 0 0 1
    outer loop
      vertex 78.5777 50.7056 2
      vertex 70.5 51.98 2
      vertex 78.4138 50.432 2
    endloop
  endfacet
  facet normal 0 0 1
    outer loop
      vertex 78.7677 50.9618 2
      vertex 70.5 51.98 2
      vertex 78.5777 50.7056 2
    endloop
  endfacet
  facet normal 0 0 1
    outer loop
      vertex 78.9819 51.1981 2
      vertex 70.5 51.98 2
      vertex 78.7677 50.9618 2
    endloop
  endfacet
  facet normal 0 0 1
    outer loop
      vertex 79.2182 51.4123 2
      vertex 70.5 51.98 2
      vertex 78.9819 51.1981 2
    endloop
  endfacet
  facet normal 0 0 1
    outer loop
      vertex 79.4744 51.6023 2
      vertex 70.5 51.98 2
      vertex 79.2182 51.4123 2
    endloop
  endfacet
  facet normal 0 0 1
    outer loop
      vertex 79.748 51.7662 2
      vertex 70.5 51.98 2
      vertex 79.4744 51.6023 2
    endloop
  endfacet
  facet normal 0 0 1
    outer loop
      vertex 80.0363 51.9026 2
      vertex 70.5 51.98 2
      vertex 79.748 51.7662 2
    endloop
  endfacet
  facet normal -0 0 1
    outer loop
      vertex 70.5 51.98 2
      vertex 80.0363 51.9026 2
      vertex 80.2525 51.98 2
    endloop
  endfacet
  facet normal -0 0 1
    outer loop
      vertex 83.5781 46.6019 2
      vertex 83.6 6.72394 2
      vertex 83.6 46.6261 2
    endloop
  endfacet
  facet normal 0 0 1
    outer loop
      vertex 83.5781 46.6019 2
      vertex 83.5781 6.7481 2
      vertex 83.6 6.72394 2
    endloop
  endfacet
  facet normal -0 0 1
    outer loop
      vertex 83.3418 46.3877 2
      vertex 83.5781 6.7481 2
      vertex 83.5781 46.6019 2
    endloop
  endfacet
  facet normal 0 0 1
    outer loop
      vertex 83.3418 46.3877 2
      vertex 83.3418 6.96228 2
      vertex 83.5781 6.7481 2
    endloop
  endfacet
  facet normal -0 0 1
    outer loop
      vertex 83.0856 46.1977 2
      vertex 83.3418 6.96228 2
      vertex 83.3418 46.3877 2
    endloop
  endfacet
  facet normal 0 0 1
    outer loop
      vertex 83.0856 46.1977 2
      vertex 83.0856 7.15228 2
      vertex 83.3418 6.96228 2
    endloop
  endfacet
  facet normal -0 0 1
    outer loop
      vertex 82.812 46.0338 2
      vertex 83.0856 7.15228 2
      vertex 83.0856 46.1977 2
    endloop
  endfacet
  facet normal 0 0 1
    outer loop
      vertex 82.812 46.0338 2
      vertex 82.812 7.31624 2
      vertex 83.0856 7.15228 2
    endloop
  endfacet
  facet normal -0 0 1
    outer loop
      vertex 82.5237 45.8974 2
      vertex 82.812 7.31624 2
      vertex 82.812 46.0338 2
    endloop
  endfacet
  facet normal 0 0 1
    outer loop
      vertex 82.5237 45.8974 2
      vertex 82.5237 7.45261 2
      vertex 82.812 7.31624 2
    endloop
  endfacet
  facet normal -0 0 1
    outer loop
      vertex 82.2234 45.7899 2
      vertex 82.5237 7.45261 2
      vertex 82.5237 45.8974 2
    endloop
  endfacet
  facet normal 0 0 1
    outer loop
      vertex 82.2234 45.7899 2
      vertex 82.2234 7.56006 2
      vertex 82.5237 7.45261 2
    endloop
  endfacet
  facet normal -0 0 1
    outer loop
      vertex 81.914 45.7124 2
      vertex 82.2234 7.56006 2
      vertex 82.2234 45.7899 2
    endloop
  endfacet
  facet normal 0 0 1
    outer loop
      vertex 81.914 45.7124 2
      vertex 81.914 7.63755 2
      vertex 82.2234 7.56006 2
    endloop
  endfacet
  facet normal -0 0 1
    outer loop
      vertex 81.5986 45.6656 2
      vertex 81.914 7.63755 2
      vertex 81.914 45.7124 2
    endloop
  endfacet
  facet normal 0 0 1
    outer loop
      vertex 81.5986 45.6656 2
      vertex 81.5986 7.68435 2
      vertex 81.914 7.63755 2
    endloop
  endfacet
  facet normal -0 0 1
    outer loop
      vertex 81.28 45.65 2
      vertex 81.5986 7.68435 2
      vertex 81.5986 45.6656 2
    endloop
  endfacet
  facet normal 0 0 1
    outer loop
      vertex 81.28 45.65 2
      vertex 81.28 7.7 2
      vertex 81.5986 7.68435 2
    endloop
  endfacet
  facet normal 0 0 1
    outer loop
      vertex 80.9614 45.6656 2
      vertex 81.28 7.7 2
      vertex 81.28 45.65 2
    endloop
  endfacet
  facet normal 0 0 1
    outer loop
      vertex 80.9614 45.6656 2
      vertex 80.9614 7.68435 2
      vertex 81.28 7.7 2
    endloop
  endfacet
  facet normal 0 0 1
    outer loop
      vertex 80.646 45.7124 2
      vertex 80.9614 7.68435 2
      vertex 80.9614 45.6656 2
    endloop
  endfacet
  facet normal 0 0 1
    outer loop
      vertex 80.646 45.7124 2
      vertex 80.646 7.63755 2
      vertex 80.9614 7.68435 2
    endloop
  endfacet
  facet normal 0 0 1
    outer loop
      vertex 80.3366 45.7899 2
      vertex 80.646 7.63755 2
      vertex 80.646 45.7124 2
    endloop
  endfacet
  facet normal 0 0 1
    outer loop
      vertex 80.3366 45.7899 2
      vertex 80.3366 7.56006 2
      vertex 80.646 7.63755 2
    endloop
  endfacet
  facet normal 0 0 1
    outer loop
      vertex 80.0363 45.8974 2
      vertex 80.3366 7.56006 2
      vertex 80.3366 45.7899 2
    endloop
  endfacet
  facet normal 0 0 1
    outer loop
      vertex 80.0363 45.8974 2
      vertex 80.0363 7.45261 2
      vertex 80.3366 7.56006 2
    endloop
  endfacet
  facet normal 0 0 1
    outer loop
      vertex 79.748 46.0338 2
      vertex 80.0363 7.45261 2
      vertex 80.0363 45.8974 2
    endloop
  endfacet
  facet normal 0 0 1
    outer loop
      vertex 79.748 46.0338 2
      vertex 79.748 7.31624 2
      vertex 80.0363 7.45261 2
    endloop
  endfacet
  facet normal 0 0 1
    outer loop
      vertex 79.4744 46.1977 2
      vertex 79.748 7.31624 2
      vertex 79.748 46.0338 2
    endloop
  endfacet
  facet normal 0 0 1
    outer loop
      vertex 79.4744 46.1977 2
      vertex 79.4744 7.15228 2
      vertex 79.748 7.31624 2
    endloop
  endfacet
  facet normal 0 0 1
    outer loop
      vertex 79.2182 46.3877 2
      vertex 79.4744 7.15228 2
      vertex 79.4744 46.1977 2
    endloop
  endfacet
  facet normal 0 0 1
    outer loop
      vertex 79.2182 46.3877 2
      vertex 79.2182 6.96228 2
      vertex 79.4744 7.15228 2
    endloop
  endfacet
  facet normal 0 0 1
    outer loop
      vertex 78.9819 46.6019 2
      vertex 79.2182 6.96228 2
      vertex 79.2182 46.3877 2
    endloop
  endfacet
  facet normal 0 0 1
    outer loop
      vertex 78.9819 46.6019 2
      vertex 78.9819 6.7481 2
      vertex 79.2182 6.96228 2
    endloop
  endfacet
  facet normal 0 0 1
    outer loop
      vertex 70.5 51.98 2
      vertex 78.9819 46.6019 2
      vertex 78.7677 46.8382 2
    endloop
  endfacet
  facet normal 0 0 1
    outer loop
      vertex 78.9819 46.6019 2
      vertex 70.5 51.98 2
      vertex 78.9819 6.7481 2
    endloop
  endfacet
  facet normal 0 0 1
    outer loop
      vertex 70.5 51.98 2
      vertex 78.7677 46.8382 2
      vertex 78.5777 47.0944 2
    endloop
  endfacet
  facet normal 0 0 1
    outer loop
      vertex 78.9819 6.7481 2
      vertex 70.5 51.98 2
      vertex 78.7677 6.51178 2
    endloop
  endfacet
  facet normal 0 0 1
    outer loop
      vertex 70.5 51.98 2
      vertex 78.5777 47.0944 2
      vertex 78.4138 47.368 2
    endloop
  endfacet
  facet normal -0 0 1
    outer loop
      vertex 39.53 51.98 2
      vertex 78.7677 6.51178 2
      vertex 70.5 51.98 2
    endloop
  endfacet
  facet normal 0 0 1
    outer loop
      vertex 70.5 51.98 2
      vertex 78.4138 47.368 2
      vertex 78.2774 47.6563 2
    endloop
  endfacet
  facet normal 0 0 1
    outer loop
      vertex 78.7677 6.51178 2
      vertex 39.53 51.98 2
      vertex 78.5777 6.2556 2
    endloop
  endfacet
  facet normal 0 0 1
    outer loop
      vertex 70.5 51.98 2
      vertex 78.2774 47.6563 2
      vertex 78.1699 47.9566 2
    endloop
  endfacet
  facet normal 0 0 1
    outer loop
      vertex 78.5777 6.2556 2
      vertex 39.53 51.98 2
      vertex 78.4138 5.98204 2
    endloop
  endfacet
  facet normal 0 0 1
    outer loop
      vertex 70.5 51.98 2
      vertex 78.1699 47.9566 2
      vertex 78.0924 48.266 2
    endloop
  endfacet
  facet normal 0 0 1
    outer loop
      vertex 78.4138 5.98204 2
      vertex 39.53 51.98 2
      vertex 78.2774 5.69372 2
    endloop
  endfacet
  facet normal 0 0 1
    outer loop
      vertex 70.5 51.98 2
      vertex 78.0924 48.266 2
      vertex 78.0456 48.5814 2
    endloop
  endfacet
  facet normal 0 0 1
    outer loop
      vertex 78.2774 5.69372 2
      vertex 39.53 51.98 2
      vertex 78.1699 5.39342 2
    endloop
  endfacet
  facet normal 0 0 1
    outer loop
      vertex 70.5 51.98 2
      vertex 78.0456 48.5814 2
      vertex 78.03 48.9 2
    endloop
  endfacet
  facet normal 0 0 1
    outer loop
      vertex 8.19006 5.39342 2
      vertex 78.1699 5.39342 2
      vertex 39.53 51.98 2
    endloop
  endfacet
  facet normal 0 -0 1
    outer loop
      vertex 8.26755 5.08404 2
      vertex 78.0924 5.08404 2
      vertex 8.19006 5.39342 2
    endloop
  endfacet
  facet normal 0 0 1
    outer loop
      vertex 78.0924 5.08404 2
      vertex 8.26755 5.08404 2
      vertex 78.0456 4.76855 2
    endloop
  endfacet
  facet normal 0 0 1
    outer loop
      vertex 39.53 51.98 2
      vertex 70.5 51.98 2
      vertex 39.53 53.98 2
    endloop
  endfacet
  facet normal 0 -0 1
    outer loop
      vertex 8.31435 4.76855 2
      vertex 78.0456 4.76855 2
      vertex 8.26755 5.08404 2
    endloop
  endfacet
  facet normal 0 0 1
    outer loop
      vertex 78.0456 4.76855 2
      vertex 8.31435 4.76855 2
      vertex 78.03 4.45 2
    endloop
  endfacet
  facet normal 0 -0 1
    outer loop
      vertex 8.33 4.45 2
      vertex 78.03 4.45 2
      vertex 8.31435 4.76855 2
    endloop
  endfacet
  facet normal 0 0 1
    outer loop
      vertex 78.03 4.45 2
      vertex 8.33 4.45 2
      vertex 78.0456 4.13144 2
    endloop
  endfacet
  facet normal 0 0 1
    outer loop
      vertex 8.31435 4.13144 2
      vertex 78.0456 4.13144 2
      vertex 8.33 4.45 2
    endloop
  endfacet
  facet normal 0 0 1
    outer loop
      vertex 78.0456 4.13144 2
      vertex 8.31435 4.13144 2
      vertex 78.0924 3.81596 2
    endloop
  endfacet
  facet normal 0 0 1
    outer loop
      vertex 8.31435 48.5814 2
      vertex 39.53 51.98 2
      vertex 8.33 48.9 2
    endloop
  endfacet
  facet normal 0 0 1
    outer loop
      vertex 8.26755 48.266 2
      vertex 39.53 51.98 2
      vertex 8.31435 48.5814 2
    endloop
  endfacet
  facet normal 0 0 1
    outer loop
      vertex 8.19006 47.9566 2
      vertex 39.53 51.98 2
      vertex 8.26755 48.266 2
    endloop
  endfacet
  facet normal 0 0 1
    outer loop
      vertex 8.08261 47.6563 2
      vertex 39.53 51.98 2
      vertex 8.19006 47.9566 2
    endloop
  endfacet
  facet normal 0 0 1
    outer loop
      vertex 7.94624 2.91796 2
      vertex 78.4138 2.91796 2
      vertex 8.08261 3.20628 2
    endloop
  endfacet
  facet normal 0 0 1
    outer loop
      vertex 78.4138 2.91796 2
      vertex 7.94624 2.91796 2
      vertex 78.5777 2.6444 2
    endloop
  endfacet
  facet normal 0 0 1
    outer loop
      vertex 7.78228 2.6444 2
      vertex 78.5777 2.6444 2
      vertex 7.94624 2.91796 2
    endloop
  endfacet
  facet normal 0 0 1
    outer loop
      vertex 78.5777 2.6444 2
      vertex 7.78228 2.6444 2
      vertex 78.7677 2.38822 2
    endloop
  endfacet
  facet normal 0 0 1
    outer loop
      vertex 7.59228 2.38822 2
      vertex 78.7677 2.38822 2
      vertex 7.78228 2.6444 2
    endloop
  endfacet
  facet normal 0 0 1
    outer loop
      vertex 78.7677 2.38822 2
      vertex 7.59228 2.38822 2
      vertex 78.9819 2.1519 2
    endloop
  endfacet
  facet normal 0 0 1
    outer loop
      vertex 7.3781 2.1519 2
      vertex 78.9819 2.1519 2
      vertex 7.59228 2.38822 2
    endloop
  endfacet
  facet normal 0 0 1
    outer loop
      vertex 78.9819 2.1519 2
      vertex 7.3781 2.1519 2
      vertex 79.1495 2 2
    endloop
  endfacet
  facet normal 0 0 1
    outer loop
      vertex 79.1495 2 2
      vertex 7.3781 2.1519 2
      vertex 7.2105 2 2
    endloop
  endfacet
  facet normal 0 0 1
    outer loop
      vertex 7.94624 47.368 2
      vertex 39.53 51.98 2
      vertex 8.08261 47.6563 2
    endloop
  endfacet
  facet normal 0 0 1
    outer loop
      vertex 78.2774 3.20628 2
      vertex 8.08261 3.20628 2
      vertex 78.4138 2.91796 2
    endloop
  endfacet
  facet normal 0 0 1
    outer loop
      vertex 7.78228 47.0944 2
      vertex 39.53 51.98 2
      vertex 7.94624 47.368 2
    endloop
  endfacet
  facet normal 0 0 1
    outer loop
      vertex 8.08261 3.20628 2
      vertex 78.2774 3.20628 2
      vertex 8.19006 3.50657 2
    endloop
  endfacet
  facet normal 0 -0 1
    outer loop
      vertex 8.08261 5.69372 2
      vertex 39.53 51.98 2
      vertex 7.94624 5.98204 2
    endloop
  endfacet
  facet normal 0 0 1
    outer loop
      vertex 78.1699 3.50657 2
      vertex 8.19006 3.50657 2
      vertex 78.2774 3.20628 2
    endloop
  endfacet
  facet normal 0 -0 1
    outer loop
      vertex 8.19006 5.39342 2
      vertex 39.53 51.98 2
      vertex 8.08261 5.69372 2
    endloop
  endfacet
  facet normal 0 0 1
    outer loop
      vertex 8.19006 3.50657 2
      vertex 78.1699 3.50657 2
      vertex 8.26755 3.81596 2
    endloop
  endfacet
  facet normal 0 0 1
    outer loop
      vertex 8.26755 3.81596 2
      vertex 78.0924 3.81596 2
      vertex 8.31435 4.13144 2
    endloop
  endfacet
  facet normal 0 0 1
    outer loop
      vertex 78.0924 3.81596 2
      vertex 8.26755 3.81596 2
      vertex 78.1699 3.50657 2
    endloop
  endfacet
  facet normal 0 0 1
    outer loop
      vertex 7.59228 46.8382 2
      vertex 39.53 51.98 2
      vertex 7.78228 47.0944 2
    endloop
  endfacet
  facet normal 0 0 1
    outer loop
      vertex 39.53 51.98 2
      vertex 7.78228 6.2556 2
      vertex 7.94624 5.98204 2
    endloop
  endfacet
  facet normal 0 0 1
    outer loop
      vertex 7.3781 46.6019 2
      vertex 39.53 51.98 2
      vertex 7.59228 46.8382 2
    endloop
  endfacet
  facet normal 0 0 1
    outer loop
      vertex 39.53 51.98 2
      vertex 7.59228 6.51178 2
      vertex 7.78228 6.2556 2
    endloop
  endfacet
  facet normal 0 0 1
    outer loop
      vertex 7.3781 6.7481 2
      vertex 39.53 51.98 2
      vertex 7.3781 46.6019 2
    endloop
  endfacet
  facet normal 0 0 1
    outer loop
      vertex 39.53 51.98 2
      vertex 7.3781 6.7481 2
      vertex 7.59228 6.51178 2
    endloop
  endfacet
  facet normal -0 0 1
    outer loop
      vertex 7.14178 46.3877 2
      vertex 7.3781 6.7481 2
      vertex 7.3781 46.6019 2
    endloop
  endfacet
  facet normal 0 0 1
    outer loop
      vertex 7.14178 46.3877 2
      vertex 7.14178 6.96228 2
      vertex 7.3781 6.7481 2
    endloop
  endfacet
  facet normal -0 0 1
    outer loop
      vertex 6.8856 46.1977 2
      vertex 7.14178 6.96228 2
      vertex 7.14178 46.3877 2
    endloop
  endfacet
  facet normal 0 0 1
    outer loop
      vertex 6.8856 46.1977 2
      vertex 6.8856 7.15228 2
      vertex 7.14178 6.96228 2
    endloop
  endfacet
  facet normal -0 0 1
    outer loop
      vertex 6.61204 46.0338 2
      vertex 6.8856 7.15228 2
      vertex 6.8856 46.1977 2
    endloop
  endfacet
  facet normal 0 0 1
    outer loop
      vertex 6.61204 46.0338 2
      vertex 6.61204 7.31624 2
      vertex 6.8856 7.15228 2
    endloop
  endfacet
  facet normal -0 0 1
    outer loop
      vertex 6.32372 45.8974 2
      vertex 6.61204 7.31624 2
      vertex 6.61204 46.0338 2
    endloop
  endfacet
  facet normal 0 0 1
    outer loop
      vertex 6.32372 45.8974 2
      vertex 6.32372 7.45261 2
      vertex 6.61204 7.31624 2
    endloop
  endfacet
  facet normal -0 0 1
    outer loop
      vertex 6.02343 45.7899 2
      vertex 6.32372 7.45261 2
      vertex 6.32372 45.8974 2
    endloop
  endfacet
  facet normal 0 0 1
    outer loop
      vertex 6.02343 45.7899 2
      vertex 6.02343 7.56006 2
      vertex 6.32372 7.45261 2
    endloop
  endfacet
  facet normal -0 0 1
    outer loop
      vertex 5.71404 45.7124 2
      vertex 6.02343 7.56006 2
      vertex 6.02343 45.7899 2
    endloop
  endfacet
  facet normal 0 0 1
    outer loop
      vertex 5.71404 45.7124 2
      vertex 5.71404 7.63755 2
      vertex 6.02343 7.56006 2
    endloop
  endfacet
  facet normal -0 0 1
    outer loop
      vertex 5.39855 45.6656 2
      vertex 5.71404 7.63755 2
      vertex 5.71404 45.7124 2
    endloop
  endfacet
  facet normal 0 0 1
    outer loop
      vertex 5.39855 45.6656 2
      vertex 5.39855 7.68435 2
      vertex 5.71404 7.63755 2
    endloop
  endfacet
  facet normal -0 0 1
    outer loop
      vertex 5.08 45.65 2
      vertex 5.39855 7.68435 2
      vertex 5.39855 45.6656 2
    endloop
  endfacet
  facet normal 0 0 1
    outer loop
      vertex 5.08 45.65 2
      vertex 5.08 7.7 2
      vertex 5.39855 7.68435 2
    endloop
  endfacet
  facet normal 0 0 1
    outer loop
      vertex 4.76145 45.6656 2
      vertex 5.08 7.7 2
      vertex 5.08 45.65 2
    endloop
  endfacet
  facet normal 0 0 1
    outer loop
      vertex 4.76145 45.6656 2
      vertex 4.76145 7.68435 2
      vertex 5.08 7.7 2
    endloop
  endfacet
  facet normal 0 0 1
    outer loop
      vertex 4.44596 45.7124 2
      vertex 4.76145 7.68435 2
      vertex 4.76145 45.6656 2
    endloop
  endfacet
  facet normal 0 0 1
    outer loop
      vertex 4.44596 45.7124 2
      vertex 4.44596 7.63755 2
      vertex 4.76145 7.68435 2
    endloop
  endfacet
  facet normal 0 0 1
    outer loop
      vertex 4.13657 45.7899 2
      vertex 4.44596 7.63755 2
      vertex 4.44596 45.7124 2
    endloop
  endfacet
  facet normal 0 0 1
    outer loop
      vertex 4.13657 45.7899 2
      vertex 4.13657 7.56006 2
      vertex 4.44596 7.63755 2
    endloop
  endfacet
  facet normal 0 0 1
    outer loop
      vertex 3.83628 45.8974 2
      vertex 4.13657 7.56006 2
      vertex 4.13657 45.7899 2
    endloop
  endfacet
  facet normal 0 0 1
    outer loop
      vertex 3.83628 45.8974 2
      vertex 3.83628 7.45261 2
      vertex 4.13657 7.56006 2
    endloop
  endfacet
  facet normal 0 0 1
    outer loop
      vertex 3.54796 46.0338 2
      vertex 3.83628 7.45261 2
      vertex 3.83628 45.8974 2
    endloop
  endfacet
  facet normal 0 0 1
    outer loop
      vertex 3.54796 46.0338 2
      vertex 3.54796 7.31624 2
      vertex 3.83628 7.45261 2
    endloop
  endfacet
  facet normal 0 0 1
    outer loop
      vertex 3.2744 46.1977 2
      vertex 3.54796 7.31624 2
      vertex 3.54796 46.0338 2
    endloop
  endfacet
  facet normal 0 0 1
    outer loop
      vertex 3.2744 46.1977 2
      vertex 3.2744 7.15228 2
      vertex 3.54796 7.31624 2
    endloop
  endfacet
  facet normal 0 0 1
    outer loop
      vertex 3.01822 46.3877 2
      vertex 3.2744 7.15228 2
      vertex 3.2744 46.1977 2
    endloop
  endfacet
  facet normal 0 0 1
    outer loop
      vertex 3.01822 46.3877 2
      vertex 3.01822 6.96228 2
      vertex 3.2744 7.15228 2
    endloop
  endfacet
  facet normal 0 0 1
    outer loop
      vertex 2.7819 46.6019 2
      vertex 3.01822 6.96228 2
      vertex 3.01822 46.3877 2
    endloop
  endfacet
  facet normal 0 0 1
    outer loop
      vertex 2.7819 46.6019 2
      vertex 2.7819 6.7481 2
      vertex 3.01822 6.96228 2
    endloop
  endfacet
  facet normal 0 0 1
    outer loop
      vertex 2.56772 46.8382 2
      vertex 2.7819 6.7481 2
      vertex 2.7819 46.6019 2
    endloop
  endfacet
  facet normal 0 0 1
    outer loop
      vertex 2.56772 46.8382 2
      vertex 2.56772 6.51178 2
      vertex 2.7819 6.7481 2
    endloop
  endfacet
  facet normal 0 0 1
    outer loop
      vertex 2.37772 47.0944 2
      vertex 2.56772 6.51178 2
      vertex 2.56772 46.8382 2
    endloop
  endfacet
  facet normal 0 0 1
    outer loop
      vertex 2.37772 47.0944 2
      vertex 2.37772 6.2556 2
      vertex 2.56772 6.51178 2
    endloop
  endfacet
  facet normal 0 0 1
    outer loop
      vertex 2.21376 47.368 2
      vertex 2.37772 6.2556 2
      vertex 2.37772 47.0944 2
    endloop
  endfacet
  facet normal 0 0 1
    outer loop
      vertex 2.21376 47.368 2
      vertex 2.21376 5.98204 2
      vertex 2.37772 6.2556 2
    endloop
  endfacet
  facet normal 0 0 1
    outer loop
      vertex 2.07739 47.6563 2
      vertex 2.21376 5.98204 2
      vertex 2.21376 47.368 2
    endloop
  endfacet
  facet normal 0 0 1
    outer loop
      vertex 2.07739 47.6563 2
      vertex 2.07739 5.69372 2
      vertex 2.21376 5.98204 2
    endloop
  endfacet
  facet normal 0 0 1
    outer loop
      vertex 2 47.8726 2
      vertex 2.07739 5.69372 2
      vertex 2.07739 47.6563 2
    endloop
  endfacet
  facet normal 0 0 1
    outer loop
      vertex 2.07739 5.69372 2
      vertex 2 47.8726 2
      vertex 2 5.47743 2
    endloop
  endfacet
  facet normal 0 0 1
    outer loop
      vertex 39.53 51.98 2
      vertex 8.31435 49.2186 2
      vertex 8.33 48.9 2
    endloop
  endfacet
  facet normal 0 0 1
    outer loop
      vertex 39.53 51.98 2
      vertex 8.26755 49.534 2
      vertex 8.31435 49.2186 2
    endloop
  endfacet
  facet normal 0 0 1
    outer loop
      vertex 39.53 51.98 2
      vertex 8.19006 49.8434 2
      vertex 8.26755 49.534 2
    endloop
  endfacet
  facet normal 0 0 1
    outer loop
      vertex 39.53 51.98 2
      vertex 8.08261 50.1437 2
      vertex 8.19006 49.8434 2
    endloop
  endfacet
  facet normal 0 0 1
    outer loop
      vertex 39.53 51.98 2
      vertex 7.94624 50.432 2
      vertex 8.08261 50.1437 2
    endloop
  endfacet
  facet normal 0 0 1
    outer loop
      vertex 39.53 51.98 2
      vertex 7.78228 50.7056 2
      vertex 7.94624 50.432 2
    endloop
  endfacet
  facet normal 0 0 1
    outer loop
      vertex 39.53 51.98 2
      vertex 7.59228 50.9618 2
      vertex 7.78228 50.7056 2
    endloop
  endfacet
  facet normal 0 0 1
    outer loop
      vertex 39.53 51.98 2
      vertex 7.3781 51.1981 2
      vertex 7.59228 50.9618 2
    endloop
  endfacet
  facet normal 0 0 1
    outer loop
      vertex 39.53 51.98 2
      vertex 7.14178 51.4123 2
      vertex 7.3781 51.1981 2
    endloop
  endfacet
  facet normal 0 0 1
    outer loop
      vertex 39.53 51.98 2
      vertex 6.8856 51.6023 2
      vertex 7.14178 51.4123 2
    endloop
  endfacet
  facet normal 0 0 1
    outer loop
      vertex 39.53 51.98 2
      vertex 6.61204 51.7662 2
      vertex 6.8856 51.6023 2
    endloop
  endfacet
  facet normal 0 0 1
    outer loop
      vertex 39.53 51.98 2
      vertex 6.32372 51.9026 2
      vertex 6.61204 51.7662 2
    endloop
  endfacet
  facet normal 0 -0 1
    outer loop
      vertex 6.32372 51.9026 2
      vertex 39.53 51.98 2
      vertex 6.10748 51.98 2
    endloop
  endfacet
  facet normal -1 0 0
    outer loop
      vertex 70.5 51.98 2
      vertex 70.5 53.98 8
      vertex 70.5 53.98 2
    endloop
  endfacet
  facet normal -1 -0 0
    outer loop
      vertex 70.5 53.98 8
      vertex 70.5 51.98 2
      vertex 70.5 51.98 8
    endloop
  endfacet
  facet normal 1 -0 0
    outer loop
      vertex 39.53 51.98 8
      vertex 39.53 53.98 2
      vertex 39.53 53.98 8
    endloop
  endfacet
  facet normal 1 0 0
    outer loop
      vertex 39.53 53.98 2
      vertex 39.53 51.98 8
      vertex 39.53 51.98 2
    endloop
  endfacet
  facet normal -1 0 0
    outer loop
      vertex 18.78 51.98 3.5
      vertex 18.78 53.98 8
      vertex 18.78 53.98 3.5
    endloop
  endfacet
  facet normal -1 -0 0
    outer loop
      vertex 18.78 53.98 8
      vertex 18.78 51.98 3.5
      vertex 18.78 51.98 8
    endloop
  endfacet
  facet normal -0 0 1
    outer loop
      vertex 11.78 53.98 3.5
      vertex 18.78 51.98 3.5
      vertex 18.78 53.98 3.5
    endloop
  endfacet
  facet normal 0 0 1
    outer loop
      vertex 18.78 51.98 3.5
      vertex 11.78 53.98 3.5
      vertex 11.78 51.98 3.5
    endloop
  endfacet
  facet normal 1 -0 0
    outer loop
      vertex 11.78 51.98 8
      vertex 11.78 53.98 3.5
      vertex 11.78 53.98 8
    endloop
  endfacet
  facet normal 1 0 0
    outer loop
      vertex 11.78 53.98 3.5
      vertex 11.78 51.98 8
      vertex 11.78 51.98 3.5
    endloop
  endfacet
  facet normal 0.98917 0.146776 0
    outer loop
      vertex 8.31435 49.2186 8
      vertex 8.26755 49.534 2
      vertex 8.26755 49.534 8
    endloop
  endfacet
  facet normal 0.98917 0.146776 0
    outer loop
      vertex 8.26755 49.534 2
      vertex 8.31435 49.2186 8
      vertex 8.31435 49.2186 2
    endloop
  endfacet
  facet normal 0.998796 0.049062 0
    outer loop
      vertex 8.33 48.9 8
      vertex 8.31435 49.2186 2
      vertex 8.31435 49.2186 8
    endloop
  endfacet
  facet normal 0.998796 0.049062 0
    outer loop
      vertex 8.31435 49.2186 2
      vertex 8.33 48.9 8
      vertex 8.33 48.9 2
    endloop
  endfacet
  facet normal 0.970039 0.242949 0
    outer loop
      vertex 8.26755 49.534 8
      vertex 8.19006 49.8434 2
      vertex 8.19006 49.8434 8
    endloop
  endfacet
  facet normal 0.970039 0.242949 0
    outer loop
      vertex 8.19006 49.8434 2
      vertex 8.26755 49.534 8
      vertex 8.26755 49.534 2
    endloop
  endfacet
  facet normal 0.337041 -0.94149 0
    outer loop
      vertex 6.02343 45.7899 2
      vertex 6.32372 45.8974 8
      vertex 6.02343 45.7899 8
    endloop
  endfacet
  facet normal 0.337041 -0.94149 0
    outer loop
      vertex 6.32372 45.8974 8
      vertex 6.02343 45.7899 2
      vertex 6.32372 45.8974 2
    endloop
  endfacet
  facet normal 0.67158 0.740932 -0
    outer loop
      vertex 7.3781 51.1981 2
      vertex 7.14178 51.4123 8
      vertex 7.3781 51.1981 8
    endloop
  endfacet
  facet normal 0.67158 0.740932 0
    outer loop
      vertex 7.14178 51.4123 8
      vertex 7.3781 51.1981 2
      vertex 7.14178 51.4123 2
    endloop
  endfacet
  facet normal -0.857769 0.514035 0
    outer loop
      vertex 2.21376 50.432 2
      vertex 2.37772 50.7056 8
      vertex 2.37772 50.7056 2
    endloop
  endfacet
  facet normal -0.857769 0.514035 0
    outer loop
      vertex 2.37772 50.7056 8
      vertex 2.21376 50.432 2
      vertex 2.21376 50.432 8
    endloop
  endfacet
  facet normal -0.146735 -0.989176 0
    outer loop
      vertex 4.44596 45.7124 2
      vertex 4.76145 45.6656 8
      vertex 4.44596 45.7124 8
    endloop
  endfacet
  facet normal -0.146735 -0.989176 -0
    outer loop
      vertex 4.76145 45.6656 8
      vertex 4.44596 45.7124 2
      vertex 4.76145 45.6656 2
    endloop
  endfacet
  facet normal 0.941543 0.336892 0
    outer loop
      vertex 8.19006 49.8434 8
      vertex 8.08261 50.1437 2
      vertex 8.08261 50.1437 8
    endloop
  endfacet
  facet normal 0.941543 0.336892 0
    outer loop
      vertex 8.08261 50.1437 2
      vertex 8.19006 49.8434 8
      vertex 8.19006 49.8434 2
    endloop
  endfacet
  facet normal 0.0489133 -0.998803 0
    outer loop
      vertex 5.08 45.65 2
      vertex 5.39855 45.6656 8
      vertex 5.08 45.65 8
    endloop
  endfacet
  facet normal 0.0489133 -0.998803 0
    outer loop
      vertex 5.39855 45.6656 8
      vertex 5.08 45.65 2
      vertex 5.39855 45.6656 2
    endloop
  endfacet
  facet normal -0.903972 -0.427592 0
    outer loop
      vertex 2.21376 47.368 2
      vertex 2.07739 47.6563 8
      vertex 2.07739 47.6563 2
    endloop
  endfacet
  facet normal -0.903972 -0.427592 0
    outer loop
      vertex 2.07739 47.6563 8
      vertex 2.21376 47.368 2
      vertex 2.21376 47.368 8
    endloop
  endfacet
  facet normal -0.595707 -0.803202 0
    outer loop
      vertex 3.01822 46.3877 2
      vertex 3.2744 46.1977 8
      vertex 3.01822 46.3877 8
    endloop
  endfacet
  facet normal -0.595707 -0.803202 -0
    outer loop
      vertex 3.2744 46.1977 8
      vertex 3.01822 46.3877 2
      vertex 3.2744 46.1977 2
    endloop
  endfacet
  facet normal -0.803224 0.595677 0
    outer loop
      vertex 2.37772 50.7056 2
      vertex 2.56772 50.9618 8
      vertex 2.56772 50.9618 2
    endloop
  endfacet
  facet normal -0.803224 0.595677 0
    outer loop
      vertex 2.56772 50.9618 8
      vertex 2.37772 50.7056 2
      vertex 2.37772 50.7056 8
    endloop
  endfacet
  facet normal 0.970039 -0.242949 0
    outer loop
      vertex 8.19006 47.9566 8
      vertex 8.26755 48.266 2
      vertex 8.26755 48.266 8
    endloop
  endfacet
  facet normal 0.970039 -0.242949 0
    outer loop
      vertex 8.26755 48.266 2
      vertex 8.19006 47.9566 8
      vertex 8.19006 47.9566 2
    endloop
  endfacet
  facet normal 0.857769 0.514035 0
    outer loop
      vertex 7.94624 50.432 8
      vertex 7.78228 50.7056 2
      vertex 7.78228 50.7056 8
    endloop
  endfacet
  facet normal 0.857769 0.514035 0
    outer loop
      vertex 7.78228 50.7056 2
      vertex 7.94624 50.432 8
      vertex 7.94624 50.432 2
    endloop
  endfacet
  facet normal 0.903972 0.427592 0
    outer loop
      vertex 8.08261 50.1437 8
      vertex 7.94624 50.432 2
      vertex 7.94624 50.432 8
    endloop
  endfacet
  facet normal 0.903972 0.427592 0
    outer loop
      vertex 7.94624 50.432 2
      vertex 8.08261 50.1437 8
      vertex 8.08261 50.1437 2
    endloop
  endfacet
  facet normal 0.941543 -0.336892 0
    outer loop
      vertex 8.08261 47.6563 8
      vertex 8.19006 47.9566 2
      vertex 8.19006 47.9566 8
    endloop
  endfacet
  facet normal 0.941543 -0.336892 0
    outer loop
      vertex 8.19006 47.9566 2
      vertex 8.08261 47.6563 8
      vertex 8.08261 47.6563 2
    endloop
  endfacet
  facet normal -0.427644 -0.903947 0
    outer loop
      vertex 3.54796 46.0338 2
      vertex 3.83628 45.8974 8
      vertex 3.54796 46.0338 8
    endloop
  endfacet
  facet normal -0.427644 -0.903947 -0
    outer loop
      vertex 3.83628 45.8974 8
      vertex 3.54796 46.0338 2
      vertex 3.83628 45.8974 2
    endloop
  endfacet
  facet normal -0.740935 0.671576 0
    outer loop
      vertex 2.56772 50.9618 2
      vertex 2.7819 51.1981 8
      vertex 2.7819 51.1981 2
    endloop
  endfacet
  facet normal -0.740935 0.671576 0
    outer loop
      vertex 2.7819 51.1981 8
      vertex 2.56772 50.9618 2
      vertex 2.56772 50.9618 8
    endloop
  endfacet
  facet normal -0.242986 -0.97003 0
    outer loop
      vertex 4.13657 45.7899 2
      vertex 4.44596 45.7124 8
      vertex 4.13657 45.7899 8
    endloop
  endfacet
  facet normal -0.242986 -0.97003 -0
    outer loop
      vertex 4.44596 45.7124 8
      vertex 4.13657 45.7899 2
      vertex 4.44596 45.7124 2
    endloop
  endfacet
  facet normal -0.513952 0.857819 0
    outer loop
      vertex 3.54796 51.7662 2
      vertex 3.2744 51.6023 8
      vertex 3.54796 51.7662 8
    endloop
  endfacet
  facet normal -0.513952 0.857819 0
    outer loop
      vertex 3.2744 51.6023 8
      vertex 3.54796 51.7662 2
      vertex 3.2744 51.6023 2
    endloop
  endfacet
  facet normal 0.803224 0.595677 0
    outer loop
      vertex 7.78228 50.7056 8
      vertex 7.59228 50.9618 2
      vertex 7.59228 50.9618 8
    endloop
  endfacet
  facet normal 0.803224 0.595677 0
    outer loop
      vertex 7.59228 50.9618 2
      vertex 7.78228 50.7056 8
      vertex 7.78228 50.7056 2
    endloop
  endfacet
  facet normal 0.427644 -0.903947 0
    outer loop
      vertex 6.32372 45.8974 2
      vertex 6.61204 46.0338 8
      vertex 6.32372 45.8974 8
    endloop
  endfacet
  facet normal 0.427644 -0.903947 0
    outer loop
      vertex 6.61204 46.0338 8
      vertex 6.32372 45.8974 2
      vertex 6.61204 46.0338 2
    endloop
  endfacet
  facet normal -0.67158 0.740932 0
    outer loop
      vertex 3.01822 51.4123 2
      vertex 2.7819 51.1981 8
      vertex 3.01822 51.4123 8
    endloop
  endfacet
  facet normal -0.67158 0.740932 0
    outer loop
      vertex 2.7819 51.1981 8
      vertex 3.01822 51.4123 2
      vertex 2.7819 51.1981 2
    endloop
  endfacet
  facet normal 0.857769 -0.514035 0
    outer loop
      vertex 7.78228 47.0944 8
      vertex 7.94624 47.368 2
      vertex 7.94624 47.368 8
    endloop
  endfacet
  facet normal 0.857769 -0.514035 0
    outer loop
      vertex 7.94624 47.368 2
      vertex 7.78228 47.0944 8
      vertex 7.78228 47.0944 2
    endloop
  endfacet
  facet normal -0.595707 0.803202 0
    outer loop
      vertex 3.2744 51.6023 2
      vertex 3.01822 51.4123 8
      vertex 3.2744 51.6023 8
    endloop
  endfacet
  facet normal -0.595707 0.803202 0
    outer loop
      vertex 3.01822 51.4123 8
      vertex 3.2744 51.6023 2
      vertex 3.01822 51.4123 2
    endloop
  endfacet
  facet normal 0.336998 0.941505 -0
    outer loop
      vertex 6.32372 51.9026 2
      vertex 6.10748 51.98 8
      vertex 6.32372 51.9026 8
    endloop
  endfacet
  facet normal 0.336998 0.941505 0
    outer loop
      vertex 6.10748 51.98 8
      vertex 6.32372 51.9026 2
      vertex 6.10748 51.98 2
    endloop
  endfacet
  facet normal 0.740935 0.671576 0
    outer loop
      vertex 7.59228 50.9618 8
      vertex 7.3781 51.1981 2
      vertex 7.3781 51.1981 8
    endloop
  endfacet
  facet normal 0.740935 0.671576 0
    outer loop
      vertex 7.3781 51.1981 2
      vertex 7.59228 50.9618 8
      vertex 7.59228 50.9618 2
    endloop
  endfacet
  facet normal 0.998796 -0.049062 0
    outer loop
      vertex 8.31435 48.5814 8
      vertex 8.33 48.9 2
      vertex 8.33 48.9 8
    endloop
  endfacet
  facet normal 0.998796 -0.049062 0
    outer loop
      vertex 8.33 48.9 2
      vertex 8.31435 48.5814 8
      vertex 8.31435 48.5814 2
    endloop
  endfacet
  facet normal -0.941549 -0.336877 0
    outer loop
      vertex 2.07739 47.6563 2
      vertex 2 47.8726 8
      vertex 2 47.8726 2
    endloop
  endfacet
  facet normal -0.941549 -0.336877 0
    outer loop
      vertex 2 47.8726 8
      vertex 2.07739 47.6563 2
      vertex 2.07739 47.6563 8
    endloop
  endfacet
  facet normal 0.513952 0.857819 -0
    outer loop
      vertex 6.8856 51.6023 2
      vertex 6.61204 51.7662 8
      vertex 6.8856 51.6023 8
    endloop
  endfacet
  facet normal 0.513952 0.857819 0
    outer loop
      vertex 6.61204 51.7662 8
      vertex 6.8856 51.6023 2
      vertex 6.61204 51.7662 2
    endloop
  endfacet
  facet normal 0.595707 0.803202 -0
    outer loop
      vertex 7.14178 51.4123 2
      vertex 6.8856 51.6023 8
      vertex 7.14178 51.4123 8
    endloop
  endfacet
  facet normal 0.595707 0.803202 0
    outer loop
      vertex 6.8856 51.6023 8
      vertex 7.14178 51.4123 2
      vertex 6.8856 51.6023 2
    endloop
  endfacet
  facet normal 0.146735 -0.989176 0
    outer loop
      vertex 5.39855 45.6656 2
      vertex 5.71404 45.7124 8
      vertex 5.39855 45.6656 8
    endloop
  endfacet
  facet normal 0.146735 -0.989176 0
    outer loop
      vertex 5.71404 45.7124 8
      vertex 5.39855 45.6656 2
      vertex 5.71404 45.7124 2
    endloop
  endfacet
  facet normal 0.740935 -0.671576 0
    outer loop
      vertex 7.3781 46.6019 8
      vertex 7.59228 46.8382 2
      vertex 7.59228 46.8382 8
    endloop
  endfacet
  facet normal 0.740935 -0.671576 0
    outer loop
      vertex 7.59228 46.8382 2
      vertex 7.3781 46.6019 8
      vertex 7.3781 46.6019 2
    endloop
  endfacet
  facet normal 0.803224 -0.595677 0
    outer loop
      vertex 7.59228 46.8382 8
      vertex 7.78228 47.0944 2
      vertex 7.78228 47.0944 8
    endloop
  endfacet
  facet normal 0.803224 -0.595677 0
    outer loop
      vertex 7.78228 47.0944 2
      vertex 7.59228 46.8382 8
      vertex 7.59228 46.8382 2
    endloop
  endfacet
  facet normal 0.242986 -0.97003 0
    outer loop
      vertex 5.71404 45.7124 2
      vertex 6.02343 45.7899 8
      vertex 5.71404 45.7124 8
    endloop
  endfacet
  facet normal 0.242986 -0.97003 0
    outer loop
      vertex 6.02343 45.7899 8
      vertex 5.71404 45.7124 2
      vertex 6.02343 45.7899 2
    endloop
  endfacet
  facet normal 0.903972 -0.427592 0
    outer loop
      vertex 7.94624 47.368 8
      vertex 8.08261 47.6563 2
      vertex 8.08261 47.6563 8
    endloop
  endfacet
  facet normal 0.903972 -0.427592 0
    outer loop
      vertex 8.08261 47.6563 2
      vertex 7.94624 47.368 8
      vertex 7.94624 47.368 2
    endloop
  endfacet
  facet normal -0.941549 0.336877 0
    outer loop
      vertex 2 49.9274 2
      vertex 2.07739 50.1437 8
      vertex 2.07739 50.1437 2
    endloop
  endfacet
  facet normal -0.941549 0.336877 0
    outer loop
      vertex 2.07739 50.1437 8
      vertex 2 49.9274 2
      vertex 2 49.9274 8
    endloop
  endfacet
  facet normal -0.427644 0.903947 0
    outer loop
      vertex 3.83628 51.9026 2
      vertex 3.54796 51.7662 8
      vertex 3.83628 51.9026 8
    endloop
  endfacet
  facet normal -0.427644 0.903947 0
    outer loop
      vertex 3.54796 51.7662 8
      vertex 3.83628 51.9026 2
      vertex 3.54796 51.7662 2
    endloop
  endfacet
  facet normal 0.427644 0.903947 -0
    outer loop
      vertex 6.61204 51.7662 2
      vertex 6.32372 51.9026 8
      vertex 6.61204 51.7662 8
    endloop
  endfacet
  facet normal 0.427644 0.903947 0
    outer loop
      vertex 6.32372 51.9026 8
      vertex 6.61204 51.7662 2
      vertex 6.32372 51.9026 2
    endloop
  endfacet
  facet normal 0.98917 -0.146776 0
    outer loop
      vertex 8.26755 48.266 8
      vertex 8.31435 48.5814 2
      vertex 8.31435 48.5814 8
    endloop
  endfacet
  facet normal 0.98917 -0.146776 0
    outer loop
      vertex 8.31435 48.5814 2
      vertex 8.26755 48.266 8
      vertex 8.26755 48.266 2
    endloop
  endfacet
  facet normal -0.740935 -0.671576 0
    outer loop
      vertex 2.7819 46.6019 2
      vertex 2.56772 46.8382 8
      vertex 2.56772 46.8382 2
    endloop
  endfacet
  facet normal -0.740935 -0.671576 0
    outer loop
      vertex 2.56772 46.8382 8
      vertex 2.7819 46.6019 2
      vertex 2.7819 46.6019 8
    endloop
  endfacet
  facet normal -0.857769 -0.514035 0
    outer loop
      vertex 2.37772 47.0944 2
      vertex 2.21376 47.368 8
      vertex 2.21376 47.368 2
    endloop
  endfacet
  facet normal -0.857769 -0.514035 0
    outer loop
      vertex 2.21376 47.368 8
      vertex 2.37772 47.0944 2
      vertex 2.37772 47.0944 8
    endloop
  endfacet
  facet normal -0.336984 0.94151 0
    outer loop
      vertex 4.05253 51.98 2
      vertex 3.83628 51.9026 8
      vertex 4.05253 51.98 8
    endloop
  endfacet
  facet normal -0.336984 0.94151 0
    outer loop
      vertex 3.83628 51.9026 8
      vertex 4.05253 51.98 2
      vertex 3.83628 51.9026 2
    endloop
  endfacet
  facet normal -0.513952 -0.857819 0
    outer loop
      vertex 3.2744 46.1977 2
      vertex 3.54796 46.0338 8
      vertex 3.2744 46.1977 8
    endloop
  endfacet
  facet normal -0.513952 -0.857819 -0
    outer loop
      vertex 3.54796 46.0338 8
      vertex 3.2744 46.1977 2
      vertex 3.54796 46.0338 2
    endloop
  endfacet
  facet normal 0.595707 -0.803202 0
    outer loop
      vertex 6.8856 46.1977 2
      vertex 7.14178 46.3877 8
      vertex 6.8856 46.1977 8
    endloop
  endfacet
  facet normal 0.595707 -0.803202 0
    outer loop
      vertex 7.14178 46.3877 8
      vertex 6.8856 46.1977 2
      vertex 7.14178 46.3877 2
    endloop
  endfacet
  facet normal -0.803224 -0.595677 0
    outer loop
      vertex 2.56772 46.8382 2
      vertex 2.37772 47.0944 8
      vertex 2.37772 47.0944 2
    endloop
  endfacet
  facet normal -0.803224 -0.595677 0
    outer loop
      vertex 2.37772 47.0944 8
      vertex 2.56772 46.8382 2
      vertex 2.56772 46.8382 8
    endloop
  endfacet
  facet normal -0.903972 0.427592 0
    outer loop
      vertex 2.07739 50.1437 2
      vertex 2.21376 50.432 8
      vertex 2.21376 50.432 2
    endloop
  endfacet
  facet normal -0.903972 0.427592 0
    outer loop
      vertex 2.21376 50.432 8
      vertex 2.07739 50.1437 2
      vertex 2.07739 50.1437 8
    endloop
  endfacet
  facet normal 0.513952 -0.857819 0
    outer loop
      vertex 6.61204 46.0338 2
      vertex 6.8856 46.1977 8
      vertex 6.61204 46.0338 8
    endloop
  endfacet
  facet normal 0.513952 -0.857819 0
    outer loop
      vertex 6.8856 46.1977 8
      vertex 6.61204 46.0338 2
      vertex 6.8856 46.1977 2
    endloop
  endfacet
  facet normal -0.67158 -0.740932 0
    outer loop
      vertex 2.7819 46.6019 2
      vertex 3.01822 46.3877 8
      vertex 2.7819 46.6019 8
    endloop
  endfacet
  facet normal -0.67158 -0.740932 -0
    outer loop
      vertex 3.01822 46.3877 8
      vertex 2.7819 46.6019 2
      vertex 3.01822 46.3877 2
    endloop
  endfacet
  facet normal -0.0489133 -0.998803 0
    outer loop
      vertex 4.76145 45.6656 2
      vertex 5.08 45.65 8
      vertex 4.76145 45.6656 8
    endloop
  endfacet
  facet normal -0.0489133 -0.998803 -0
    outer loop
      vertex 5.08 45.65 8
      vertex 4.76145 45.6656 2
      vertex 5.08 45.65 2
    endloop
  endfacet
  facet normal -0.337041 -0.94149 0
    outer loop
      vertex 3.83628 45.8974 2
      vertex 4.13657 45.7899 8
      vertex 3.83628 45.8974 8
    endloop
  endfacet
  facet normal -0.337041 -0.94149 -0
    outer loop
      vertex 4.13657 45.7899 8
      vertex 3.83628 45.8974 2
      vertex 4.13657 45.7899 2
    endloop
  endfacet
  facet normal 0.67158 -0.740932 0
    outer loop
      vertex 7.14178 46.3877 2
      vertex 7.3781 46.6019 8
      vertex 7.14178 46.3877 8
    endloop
  endfacet
  facet normal 0.67158 -0.740932 0
    outer loop
      vertex 7.3781 46.6019 8
      vertex 7.14178 46.3877 2
      vertex 7.3781 46.6019 2
    endloop
  endfacet
  facet normal -0.989171 0.14677 0
    outer loop
      vertex 2.61692 49.1426 8
      vertex 2.65256 49.3828 9.9
      vertex 2.65256 49.3828 8
    endloop
  endfacet
  facet normal -0.989171 0.14677 0
    outer loop
      vertex 2.65256 49.3828 9.9
      vertex 2.61692 49.1426 8
      vertex 2.61692 49.1426 9.9
    endloop
  endfacet
  facet normal -0.639627 0.302483 0.706669
    outer loop
      vertex 2.89725 50.0667 9.9
      vertex 2.7934 49.8471 9.9
      vertex 3.25534 49.6558 10.4
    endloop
  endfacet
  facet normal 0.302592 -0.639532 0.706709
    outer loop
      vertex 6.01101 47.1582 10.4
      vertex 5.8358 47.0753 10.4
      vertex 6.24671 46.7172 9.9
    endloop
  endfacet
  facet normal -0.363801 0.606811 0.706703
    outer loop
      vertex 3.91329 51.0828 9.9
      vertex 3.70496 50.9579 9.9
      vertex 4.14899 50.6418 10.4
    endloop
  endfacet
  facet normal -0.0346654 0.706679 0.706685
    outer loop
      vertex 5.08 51.375 9.9
      vertex 4.83741 51.3631 9.9
      vertex 4.88642 50.8655 10.4
    endloop
  endfacet
  facet normal -0.595749 0.80317 0
    outer loop
      vertex 3.70496 50.9579 8
      vertex 3.50988 50.8132 9.9
      vertex 3.70496 50.9579 9.9
    endloop
  endfacet
  facet normal -0.595749 0.80317 0
    outer loop
      vertex 3.50988 50.8132 9.9
      vertex 3.70496 50.9579 8
      vertex 3.50988 50.8132 8
    endloop
  endfacet
  facet normal -0.666147 0.238455 0.706673
    outer loop
      vertex 2.7934 49.8471 9.9
      vertex 2.71157 49.6185 9.9
      vertex 3.25534 49.6558 10.4
    endloop
  endfacet
  facet normal 0.23839 -0.666213 0.706633
    outer loop
      vertex 5.8358 47.0753 10.4
      vertex 5.65331 47.01 10.4
      vertex 5.79845 46.5316 9.9
    endloop
  endfacet
  facet normal 0.998795 0.0490752 0
    outer loop
      vertex 7.555 48.9 9.9
      vertex 7.54308 49.1426 8
      vertex 7.54308 49.1426 9.9
    endloop
  endfacet
  facet normal 0.998795 0.0490752 0
    outer loop
      vertex 7.54308 49.1426 8
      vertex 7.555 48.9 9.9
      vertex 7.555 48.9 8
    endloop
  endfacet
  facet normal -0.606824 0.363802 0.706691
    outer loop
      vertex 3.43785 49.9972 10.4
      vertex 3.02211 50.275 9.9
      vertex 3.33821 49.831 10.4
    endloop
  endfacet
  facet normal 0.336793 0.941579 -0
    outer loop
      vertex 6.02714 51.1866 8
      vertex 5.79845 51.2684 9.9
      vertex 6.02714 51.1866 9.9
    endloop
  endfacet
  facet normal 0.336793 0.941579 0
    outer loop
      vertex 5.79845 51.2684 9.9
      vertex 6.02714 51.1866 8
      vertex 5.79845 51.2684 8
    endloop
  endfacet
  facet normal 0.524233 0.475168 0.706679
    outer loop
      vertex 6.9932 50.4701 9.9
      vertex 6.47654 50.2965 10.4
      vertex 6.6067 50.1529 10.4
    endloop
  endfacet
  facet normal -0.048995 0.998799 0
    outer loop
      vertex 5.08 51.375 8
      vertex 4.83741 51.3631 9.9
      vertex 5.08 51.375 9.9
    endloop
  endfacet
  facet normal -0.048995 0.998799 0
    outer loop
      vertex 4.83741 51.3631 9.9
      vertex 5.08 51.375 8
      vertex 4.83741 51.3631 8
    endloop
  endfacet
  facet normal -0.103687 0.699963 0.706613
    outer loop
      vertex 4.88642 50.8655 10.4
      vertex 4.59715 51.3274 9.9
      vertex 4.6947 50.8371 10.4
    endloop
  endfacet
  facet normal -0.671524 -0.740982 0
    outer loop
      vertex 3.32991 47.1499 8
      vertex 3.50988 46.9868 9.9
      vertex 3.32991 47.1499 9.9
    endloop
  endfacet
  facet normal -0.671524 -0.740982 -0
    outer loop
      vertex 3.50988 46.9868 9.9
      vertex 3.32991 47.1499 8
      vertex 3.50988 46.9868 8
    endloop
  endfacet
  facet normal -0.857711 0.514132 0
    outer loop
      vertex 2.89725 50.0667 8
      vertex 3.02211 50.275 9.9
      vertex 3.02211 50.275 8
    endloop
  endfacet
  facet normal -0.857711 0.514132 0
    outer loop
      vertex 3.02211 50.275 9.9
      vertex 2.89725 50.0667 8
      vertex 2.89725 50.0667 9.9
    endloop
  endfacet
  facet normal 0.302403 0.639678 0.706658
    outer loop
      vertex 6.02714 51.1866 9.9
      vertex 5.8358 50.7247 10.4
      vertex 6.24671 51.0828 9.9
    endloop
  endfacet
  facet normal -0.741018 0.671486 0
    outer loop
      vertex 3.1668 50.4701 8
      vertex 3.32991 50.6501 9.9
      vertex 3.32991 50.6501 8
    endloop
  endfacet
  facet normal -0.741018 0.671486 0
    outer loop
      vertex 3.32991 50.6501 9.9
      vertex 3.1668 50.4701 8
      vertex 3.1668 50.4701 9.9
    endloop
  endfacet
  facet normal -0.941498 -0.33702 0
    outer loop
      vertex 2.7934 47.9529 8
      vertex 2.71157 48.1815 9.9
      vertex 2.71157 48.1815 8
    endloop
  endfacet
  facet normal -0.941498 -0.33702 0
    outer loop
      vertex 2.71157 48.1815 9.9
      vertex 2.7934 47.9529 8
      vertex 2.7934 47.9529 9.9
    endloop
  endfacet
  facet normal -0.302403 0.639678 0.706658
    outer loop
      vertex 4.13286 51.1866 9.9
      vertex 3.91329 51.0828 9.9
      vertex 4.3242 50.7247 10.4
    endloop
  endfacet
  facet normal -0.52428 0.475085 0.706699
    outer loop
      vertex 3.32991 50.6501 9.9
      vertex 3.1668 50.4701 9.9
      vertex 3.68346 50.2965 10.4
    endloop
  endfacet
  facet normal -0.686357 -0.171837 0.706673
    outer loop
      vertex 3.14295 48.5147 10.4
      vertex 2.65256 48.4172 9.9
      vertex 2.71157 48.1815 9.9
    endloop
  endfacet
  facet normal -0.427391 0.904067 0
    outer loop
      vertex 4.13286 51.1866 8
      vertex 3.91329 51.0828 9.9
      vertex 4.13286 51.1866 9.9
    endloop
  endfacet
  facet normal -0.427391 0.904067 0
    outer loop
      vertex 3.91329 51.0828 9.9
      vertex 4.13286 51.1866 8
      vertex 3.91329 51.0828 8
    endloop
  endfacet
  facet normal 0.706681 0.0347135 0.706681
    outer loop
      vertex 7.555 48.9 9.9
      vertex 7.04549 49.0936 10.4
      vertex 7.055 48.9 10.4
    endloop
  endfacet
  facet normal -0.514199 0.857671 0
    outer loop
      vertex 3.91329 51.0828 8
      vertex 3.70496 50.9579 9.9
      vertex 3.91329 51.0828 9.9
    endloop
  endfacet
  facet normal -0.514199 0.857671 0
    outer loop
      vertex 3.70496 50.9579 9.9
      vertex 3.91329 51.0828 8
      vertex 3.70496 50.9579 8
    endloop
  endfacet
  facet normal -0.90401 -0.427511 0
    outer loop
      vertex 2.89725 47.7333 8
      vertex 2.7934 47.9529 9.9
      vertex 2.7934 47.9529 8
    endloop
  endfacet
  facet normal -0.90401 -0.427511 0
    outer loop
      vertex 2.7934 47.9529 9.9
      vertex 2.89725 47.7333 8
      vertex 2.89725 47.7333 9.9
    endloop
  endfacet
  facet normal -0.998795 -0.0490752 0
    outer loop
      vertex 2.61692 48.6574 8
      vertex 2.605 48.9 9.9
      vertex 2.605 48.9 8
    endloop
  endfacet
  facet normal -0.998795 -0.0490752 0
    outer loop
      vertex 2.605 48.9 9.9
      vertex 2.61692 48.6574 8
      vertex 2.61692 48.6574 9.9
    endloop
  endfacet
  facet normal 0.671524 0.740982 -0
    outer loop
      vertex 6.83009 50.6501 8
      vertex 6.65012 50.8132 9.9
      vertex 6.83009 50.6501 9.9
    endloop
  endfacet
  facet normal 0.671524 0.740982 0
    outer loop
      vertex 6.65012 50.8132 9.9
      vertex 6.83009 50.6501 8
      vertex 6.65012 50.8132 8
    endloop
  endfacet
  facet normal -0.10399 0.699848 0.706682
    outer loop
      vertex 4.83741 51.3631 9.9
      vertex 4.59715 51.3274 9.9
      vertex 4.88642 50.8655 10.4
    endloop
  endfacet
  facet normal -0.336793 0.941579 0
    outer loop
      vertex 4.36155 51.2684 8
      vertex 4.13286 51.1866 9.9
      vertex 4.36155 51.2684 9.9
    endloop
  endfacet
  facet normal -0.336793 0.941579 0
    outer loop
      vertex 4.13286 51.1866 9.9
      vertex 4.36155 51.2684 8
      vertex 4.13286 51.1866 8
    endloop
  endfacet
  facet normal -0.146975 -0.98914 0
    outer loop
      vertex 4.59715 46.4726 8
      vertex 4.83741 46.4369 9.9
      vertex 4.59715 46.4726 9.9
    endloop
  endfacet
  facet normal -0.146975 -0.98914 -0
    outer loop
      vertex 4.83741 46.4369 9.9
      vertex 4.59715 46.4726 8
      vertex 4.83741 46.4369 8
    endloop
  endfacet
  facet normal 0.595749 0.80317 -0
    outer loop
      vertex 6.65012 50.8132 8
      vertex 6.45504 50.9579 9.9
      vertex 6.65012 50.8132 9.9
    endloop
  endfacet
  facet normal 0.595749 0.80317 0
    outer loop
      vertex 6.45504 50.9579 9.9
      vertex 6.65012 50.8132 8
      vertex 6.45504 50.9579 8
    endloop
  endfacet
  facet normal -0.52428 -0.475085 0.706699
    outer loop
      vertex 3.68346 47.5035 10.4
      vertex 3.1668 47.3299 9.9
      vertex 3.32991 47.1499 9.9
    endloop
  endfacet
  facet normal 0.699879 -0.103832 0.706674
    outer loop
      vertex 7.04549 48.7064 10.4
      vertex 7.01705 48.5147 10.4
      vertex 7.50744 48.4172 9.9
    endloop
  endfacet
  facet normal 0.302403 -0.639678 0.706658
    outer loop
      vertex 6.24671 46.7172 9.9
      vertex 5.8358 47.0753 10.4
      vertex 6.02714 46.6134 9.9
    endloop
  endfacet
  facet normal -0.706682 -0.0347224 0.706679
    outer loop
      vertex 3.11451 48.7064 10.4
      vertex 2.605 48.9 9.9
      vertex 2.61692 48.6574 9.9
    endloop
  endfacet
  facet normal -0.56833 0.421411 0.706692
    outer loop
      vertex 3.5533 50.1529 10.4
      vertex 3.02211 50.275 9.9
      vertex 3.43785 49.9972 10.4
    endloop
  endfacet
  facet normal 0.941498 0.33702 0
    outer loop
      vertex 7.44843 49.6185 9.9
      vertex 7.3666 49.8471 8
      vertex 7.3666 49.8471 9.9
    endloop
  endfacet
  facet normal 0.941498 0.33702 0
    outer loop
      vertex 7.3666 49.8471 8
      vertex 7.44843 49.6185 9.9
      vertex 7.44843 49.6185 8
    endloop
  endfacet
  facet normal -0.671524 0.740982 0
    outer loop
      vertex 3.50988 50.8132 8
      vertex 3.32991 50.6501 9.9
      vertex 3.50988 50.8132 9.9
    endloop
  endfacet
  facet normal -0.671524 0.740982 0
    outer loop
      vertex 3.32991 50.6501 9.9
      vertex 3.50988 50.8132 8
      vertex 3.32991 50.6501 8
    endloop
  endfacet
  facet normal 0.639592 -0.302529 0.706681
    outer loop
      vertex 6.90466 48.1442 10.4
      vertex 6.82179 47.969 10.4
      vertex 7.26275 47.7333 9.9
    endloop
  endfacet
  facet normal -0.421583 -0.568243 0.70666
    outer loop
      vertex 3.82707 47.3733 10.4
      vertex 3.70496 46.8421 9.9
      vertex 3.98275 47.2578 10.4
    endloop
  endfacet
  facet normal 0.514199 0.857671 -0
    outer loop
      vertex 6.45504 50.9579 8
      vertex 6.24671 51.0828 9.9
      vertex 6.45504 50.9579 9.9
    endloop
  endfacet
  facet normal 0.514199 0.857671 0
    outer loop
      vertex 6.24671 51.0828 9.9
      vertex 6.45504 50.9579 8
      vertex 6.24671 51.0828 8
    endloop
  endfacet
  facet normal 0.941498 -0.33702 0
    outer loop
      vertex 7.3666 47.9529 9.9
      vertex 7.44843 48.1815 8
      vertex 7.44843 48.1815 9.9
    endloop
  endfacet
  facet normal 0.941498 -0.33702 0
    outer loop
      vertex 7.44843 48.1815 8
      vertex 7.3666 47.9529 9.9
      vertex 7.3666 47.9529 8
    endloop
  endfacet
  facet normal 0.568306 -0.421467 0.706679
    outer loop
      vertex 7.13789 47.525 9.9
      vertex 6.6067 47.6471 10.4
      vertex 6.9932 47.3299 9.9
    endloop
  endfacet
  facet normal 0.699874 -0.103845 0.706677
    outer loop
      vertex 7.54308 48.6574 9.9
      vertex 7.04549 48.7064 10.4
      vertex 7.50744 48.4172 9.9
    endloop
  endfacet
  facet normal -0.989171 -0.14677 0
    outer loop
      vertex 2.65256 48.4172 8
      vertex 2.61692 48.6574 9.9
      vertex 2.61692 48.6574 8
    endloop
  endfacet
  facet normal -0.989171 -0.14677 0
    outer loop
      vertex 2.61692 48.6574 9.9
      vertex 2.65256 48.4172 8
      vertex 2.65256 48.4172 9.9
    endloop
  endfacet
  facet normal -0.803219 -0.595683 0
    outer loop
      vertex 3.1668 47.3299 8
      vertex 3.02211 47.525 9.9
      vertex 3.02211 47.525 8
    endloop
  endfacet
  facet normal -0.803219 -0.595683 0
    outer loop
      vertex 3.02211 47.525 9.9
      vertex 3.1668 47.3299 8
      vertex 3.1668 47.3299 9.9
    endloop
  endfacet
  facet normal 0.23839 0.666213 0.706633
    outer loop
      vertex 5.79845 51.2684 9.9
      vertex 5.65331 50.79 10.4
      vertex 5.8358 50.7247 10.4
    endloop
  endfacet
  facet normal -0.242923 0.970046 0
    outer loop
      vertex 4.59715 51.3274 8
      vertex 4.36155 51.2684 9.9
      vertex 4.59715 51.3274 9.9
    endloop
  endfacet
  facet normal -0.242923 0.970046 0
    outer loop
      vertex 4.36155 51.2684 9.9
      vertex 4.59715 51.3274 8
      vertex 4.36155 51.2684 8
    endloop
  endfacet
  facet normal -0.363648 0.606955 0.706658
    outer loop
      vertex 4.14899 50.6418 10.4
      vertex 3.70496 50.9579 9.9
      vertex 3.98275 50.5422 10.4
    endloop
  endfacet
  facet normal 0.606956 -0.363663 0.70665
    outer loop
      vertex 6.82179 47.969 10.4
      vertex 6.72215 47.8027 10.4
      vertex 7.13789 47.525 9.9
    endloop
  endfacet
  facet normal -0.146975 0.98914 0
    outer loop
      vertex 4.83741 51.3631 8
      vertex 4.59715 51.3274 9.9
      vertex 4.83741 51.3631 9.9
    endloop
  endfacet
  facet normal -0.146975 0.98914 0
    outer loop
      vertex 4.59715 51.3274 9.9
      vertex 4.83741 51.3631 8
      vertex 4.59715 51.3274 8
    endloop
  endfacet
  facet normal 0.803219 0.595683 0
    outer loop
      vertex 7.13789 50.275 9.9
      vertex 6.9932 50.4701 8
      vertex 6.9932 50.4701 9.9
    endloop
  endfacet
  facet normal 0.803219 0.595683 0
    outer loop
      vertex 6.9932 50.4701 8
      vertex 7.13789 50.275 9.9
      vertex 7.13789 50.275 8
    endloop
  endfacet
  facet normal -0.66616 0.238358 0.706694
    outer loop
      vertex 3.25534 49.6558 10.4
      vertex 2.71157 49.6185 9.9
      vertex 3.19004 49.4733 10.4
    endloop
  endfacet
  facet normal -0.238302 0.666225 0.706652
    outer loop
      vertex 4.36155 51.2684 9.9
      vertex 4.13286 51.1866 9.9
      vertex 4.3242 50.7247 10.4
    endloop
  endfacet
  facet normal -0.568306 0.421467 0.706679
    outer loop
      vertex 3.1668 50.4701 9.9
      vertex 3.02211 50.275 9.9
      vertex 3.5533 50.1529 10.4
    endloop
  endfacet
  facet normal 0.706682 -0.0347224 0.706679
    outer loop
      vertex 7.555 48.9 9.9
      vertex 7.04549 48.7064 10.4
      vertex 7.54308 48.6574 9.9
    endloop
  endfacet
  facet normal 0.524233 -0.475168 0.706679
    outer loop
      vertex 6.6067 47.6471 10.4
      vertex 6.47654 47.5035 10.4
      vertex 6.9932 47.3299 9.9
    endloop
  endfacet
  facet normal 0.989171 0.14677 0
    outer loop
      vertex 7.54308 49.1426 9.9
      vertex 7.50744 49.3828 8
      vertex 7.50744 49.3828 9.9
    endloop
  endfacet
  facet normal 0.989171 0.14677 0
    outer loop
      vertex 7.50744 49.3828 8
      vertex 7.54308 49.1426 9.9
      vertex 7.54308 49.1426 8
    endloop
  endfacet
  facet normal -0.606859 -0.363766 0.70668
    outer loop
      vertex 3.33821 47.969 10.4
      vertex 2.89725 47.7333 9.9
      vertex 3.02211 47.525 9.9
    endloop
  endfacet
  facet normal 0.741018 0.671486 0
    outer loop
      vertex 6.9932 50.4701 9.9
      vertex 6.83009 50.6501 8
      vertex 6.83009 50.6501 9.9
    endloop
  endfacet
  facet normal 0.741018 0.671486 0
    outer loop
      vertex 6.83009 50.6501 8
      vertex 6.9932 50.4701 9.9
      vertex 6.9932 50.4701 8
    endloop
  endfacet
  facet normal -0.97006 0.242865 0
    outer loop
      vertex 2.65256 49.3828 8
      vertex 2.71157 49.6185 9.9
      vertex 2.71157 49.6185 8
    endloop
  endfacet
  facet normal -0.97006 0.242865 0
    outer loop
      vertex 2.71157 49.6185 9.9
      vertex 2.65256 49.3828 8
      vertex 2.65256 49.3828 9.9
    endloop
  endfacet
  facet normal -0.666147 -0.238455 0.706673
    outer loop
      vertex 3.25534 48.1442 10.4
      vertex 2.71157 48.1815 9.9
      vertex 2.7934 47.9529 9.9
    endloop
  endfacet
  facet normal 0.427391 0.904067 -0
    outer loop
      vertex 6.24671 51.0828 8
      vertex 6.02714 51.1866 9.9
      vertex 6.24671 51.0828 9.9
    endloop
  endfacet
  facet normal 0.427391 0.904067 0
    outer loop
      vertex 6.02714 51.1866 9.9
      vertex 6.24671 51.0828 8
      vertex 6.02714 51.1866 8
    endloop
  endfacet
  facet normal 0.595749 -0.80317 0
    outer loop
      vertex 6.45504 46.8421 8
      vertex 6.65012 46.9868 9.9
      vertex 6.45504 46.8421 9.9
    endloop
  endfacet
  facet normal 0.595749 -0.80317 0
    outer loop
      vertex 6.65012 46.9868 9.9
      vertex 6.45504 46.8421 8
      vertex 6.65012 46.9868 8
    endloop
  endfacet
  facet normal -0.699879 -0.103832 0.706674
    outer loop
      vertex 3.11451 48.7064 10.4
      vertex 2.65256 48.4172 9.9
      vertex 3.14295 48.5147 10.4
    endloop
  endfacet
  facet normal 0.363648 0.606955 0.706658
    outer loop
      vertex 6.45504 50.9579 9.9
      vertex 6.01101 50.6418 10.4
      vertex 6.17725 50.5422 10.4
    endloop
  endfacet
  facet normal 0.686357 -0.171837 0.706673
    outer loop
      vertex 7.50744 48.4172 9.9
      vertex 7.01705 48.5147 10.4
      vertex 7.44843 48.1815 9.9
    endloop
  endfacet
  facet normal -0.302403 -0.639678 0.706658
    outer loop
      vertex 4.3242 47.0753 10.4
      vertex 3.91329 46.7172 9.9
      vertex 4.13286 46.6134 9.9
    endloop
  endfacet
  facet normal 0.048995 0.998799 -0
    outer loop
      vertex 5.32259 51.3631 8
      vertex 5.08 51.375 9.9
      vertex 5.32259 51.3631 9.9
    endloop
  endfacet
  facet normal 0.048995 0.998799 0
    outer loop
      vertex 5.08 51.375 9.9
      vertex 5.32259 51.3631 8
      vertex 5.08 51.375 8
    endloop
  endfacet
  facet normal -0.0346806 0.706681 0.706681
    outer loop
      vertex 5.08 51.375 9.9
      vertex 4.88642 50.8655 10.4
      vertex 5.08 50.875 10.4
    endloop
  endfacet
  facet normal 0.363648 -0.606955 0.706658
    outer loop
      vertex 6.17725 47.2578 10.4
      vertex 6.01101 47.1582 10.4
      vertex 6.45504 46.8421 9.9
    endloop
  endfacet
  facet normal -0.363648 -0.606955 0.706658
    outer loop
      vertex 3.98275 47.2578 10.4
      vertex 3.70496 46.8421 9.9
      vertex 4.14899 47.1582 10.4
    endloop
  endfacet
  facet normal 0.741018 -0.671486 0
    outer loop
      vertex 6.83009 47.1499 9.9
      vertex 6.9932 47.3299 8
      vertex 6.9932 47.3299 9.9
    endloop
  endfacet
  facet normal 0.741018 -0.671486 0
    outer loop
      vertex 6.9932 47.3299 8
      vertex 6.83009 47.1499 9.9
      vertex 6.83009 47.1499 8
    endloop
  endfacet
  facet normal -0.803219 0.595683 0
    outer loop
      vertex 3.02211 50.275 8
      vertex 3.1668 50.4701 9.9
      vertex 3.1668 50.4701 8
    endloop
  endfacet
  facet normal -0.803219 0.595683 0
    outer loop
      vertex 3.1668 50.4701 9.9
      vertex 3.02211 50.275 8
      vertex 3.02211 50.275 9.9
    endloop
  endfacet
  facet normal -0.336793 -0.941579 0
    outer loop
      vertex 4.13286 46.6134 8
      vertex 4.36155 46.5316 9.9
      vertex 4.13286 46.6134 9.9
    endloop
  endfacet
  facet normal -0.336793 -0.941579 -0
    outer loop
      vertex 4.36155 46.5316 9.9
      vertex 4.13286 46.6134 8
      vertex 4.36155 46.5316 8
    endloop
  endfacet
  facet normal 0.989171 -0.14677 0
    outer loop
      vertex 7.50744 48.4172 9.9
      vertex 7.54308 48.6574 8
      vertex 7.54308 48.6574 9.9
    endloop
  endfacet
  facet normal 0.989171 -0.14677 0
    outer loop
      vertex 7.54308 48.6574 8
      vertex 7.50744 48.4172 9.9
      vertex 7.50744 48.4172 8
    endloop
  endfacet
  facet normal -0.238302 -0.666225 0.706652
    outer loop
      vertex 4.3242 47.0753 10.4
      vertex 4.13286 46.6134 9.9
      vertex 4.36155 46.5316 9.9
    endloop
  endfacet
  facet normal -0.524233 -0.475168 0.706679
    outer loop
      vertex 3.5533 47.6471 10.4
      vertex 3.1668 47.3299 9.9
      vertex 3.68346 47.5035 10.4
    endloop
  endfacet
  facet normal -0.66616 -0.238358 0.706694
    outer loop
      vertex 3.19004 48.3267 10.4
      vertex 2.71157 48.1815 9.9
      vertex 3.25534 48.1442 10.4
    endloop
  endfacet
  facet normal -0.706682 0.0347224 0.706679
    outer loop
      vertex 2.61692 49.1426 9.9
      vertex 2.605 48.9 9.9
      vertex 3.11451 49.0936 10.4
    endloop
  endfacet
  facet normal 0.0346806 -0.706681 0.706681
    outer loop
      vertex 5.08 46.925 10.4
      vertex 5.08 46.425 9.9
      vertex 5.27358 46.9345 10.4
    endloop
  endfacet
  facet normal -0.524233 0.475168 0.706679
    outer loop
      vertex 3.68346 50.2965 10.4
      vertex 3.1668 50.4701 9.9
      vertex 3.5533 50.1529 10.4
    endloop
  endfacet
  facet normal 0.998795 -0.0490752 0
    outer loop
      vertex 7.54308 48.6574 9.9
      vertex 7.555 48.9 8
      vertex 7.555 48.9 9.9
    endloop
  endfacet
  facet normal 0.998795 -0.0490752 0
    outer loop
      vertex 7.555 48.9 8
      vertex 7.54308 48.6574 9.9
      vertex 7.54308 48.6574 8
    endloop
  endfacet
  facet normal -0.97006 -0.242865 0
    outer loop
      vertex 2.71157 48.1815 8
      vertex 2.65256 48.4172 9.9
      vertex 2.65256 48.4172 8
    endloop
  endfacet
  facet normal -0.97006 -0.242865 0
    outer loop
      vertex 2.65256 48.4172 9.9
      vertex 2.71157 48.1815 8
      vertex 2.71157 48.1815 9.9
    endloop
  endfacet
  facet normal -0.741018 -0.671486 0
    outer loop
      vertex 3.32991 47.1499 8
      vertex 3.1668 47.3299 9.9
      vertex 3.1668 47.3299 8
    endloop
  endfacet
  facet normal -0.741018 -0.671486 0
    outer loop
      vertex 3.1668 47.3299 9.9
      vertex 3.32991 47.1499 8
      vertex 3.32991 47.1499 9.9
    endloop
  endfacet
  facet normal 0.606824 0.363802 0.706691
    outer loop
      vertex 7.13789 50.275 9.9
      vertex 6.72215 49.9972 10.4
      vertex 6.82179 49.831 10.4
    endloop
  endfacet
  facet normal -0.171891 0.686399 0.706619
    outer loop
      vertex 4.59715 51.3274 9.9
      vertex 4.36155 51.2684 9.9
      vertex 4.6947 50.8371 10.4
    endloop
  endfacet
  facet normal -0.568239 -0.421614 0.706644
    outer loop
      vertex 3.43785 47.8027 10.4
      vertex 3.02211 47.525 9.9
      vertex 3.5533 47.6471 10.4
    endloop
  endfacet
  facet normal 0.639627 -0.302483 0.706669
    outer loop
      vertex 7.3666 47.9529 9.9
      vertex 6.90466 48.1442 10.4
      vertex 7.26275 47.7333 9.9
    endloop
  endfacet
  facet normal 0.97006 -0.242865 0
    outer loop
      vertex 7.44843 48.1815 9.9
      vertex 7.50744 48.4172 8
      vertex 7.50744 48.4172 9.9
    endloop
  endfacet
  facet normal 0.97006 -0.242865 0
    outer loop
      vertex 7.50744 48.4172 8
      vertex 7.44843 48.1815 9.9
      vertex 7.44843 48.1815 8
    endloop
  endfacet
  facet normal 0.103687 -0.699963 0.706613
    outer loop
      vertex 5.4653 46.9629 10.4
      vertex 5.27358 46.9345 10.4
      vertex 5.56285 46.4726 9.9
    endloop
  endfacet
  facet normal 0.671524 -0.740982 0
    outer loop
      vertex 6.65012 46.9868 8
      vertex 6.83009 47.1499 9.9
      vertex 6.65012 46.9868 9.9
    endloop
  endfacet
  facet normal 0.671524 -0.740982 0
    outer loop
      vertex 6.83009 47.1499 9.9
      vertex 6.65012 46.9868 8
      vertex 6.83009 47.1499 8
    endloop
  endfacet
  facet normal 0.427391 -0.904067 0
    outer loop
      vertex 6.02714 46.6134 8
      vertex 6.24671 46.7172 9.9
      vertex 6.02714 46.6134 9.9
    endloop
  endfacet
  facet normal 0.427391 -0.904067 0
    outer loop
      vertex 6.24671 46.7172 9.9
      vertex 6.02714 46.6134 8
      vertex 6.24671 46.7172 8
    endloop
  endfacet
  facet normal 0.568239 -0.421614 0.706644
    outer loop
      vertex 6.72215 47.8027 10.4
      vertex 6.6067 47.6471 10.4
      vertex 7.13789 47.525 9.9
    endloop
  endfacet
  facet normal 0.90401 -0.427511 0
    outer loop
      vertex 7.26275 47.7333 9.9
      vertex 7.3666 47.9529 8
      vertex 7.3666 47.9529 9.9
    endloop
  endfacet
  facet normal 0.90401 -0.427511 0
    outer loop
      vertex 7.3666 47.9529 8
      vertex 7.26275 47.7333 9.9
      vertex 7.26275 47.7333 8
    endloop
  endfacet
  facet normal -0.941498 0.33702 0
    outer loop
      vertex 2.71157 49.6185 8
      vertex 2.7934 49.8471 9.9
      vertex 2.7934 49.8471 8
    endloop
  endfacet
  facet normal -0.941498 0.33702 0
    outer loop
      vertex 2.7934 49.8471 9.9
      vertex 2.71157 49.6185 8
      vertex 2.71157 49.6185 9.9
    endloop
  endfacet
  facet normal 0.10399 -0.699848 0.706682
    outer loop
      vertex 5.56285 46.4726 9.9
      vertex 5.27358 46.9345 10.4
      vertex 5.32259 46.4369 9.9
    endloop
  endfacet
  facet normal 0.97006 0.242865 0
    outer loop
      vertex 7.50744 49.3828 9.9
      vertex 7.44843 49.6185 8
      vertex 7.44843 49.6185 9.9
    endloop
  endfacet
  facet normal 0.97006 0.242865 0
    outer loop
      vertex 7.44843 49.6185 8
      vertex 7.50744 49.3828 9.9
      vertex 7.50744 49.3828 8
    endloop
  endfacet
  facet normal -0.23839 0.666213 0.706633
    outer loop
      vertex 4.36155 51.2684 9.9
      vertex 4.3242 50.7247 10.4
      vertex 4.50669 50.79 10.4
    endloop
  endfacet
  facet normal -0.699874 -0.103845 0.706677
    outer loop
      vertex 3.11451 48.7064 10.4
      vertex 2.61692 48.6574 9.9
      vertex 2.65256 48.4172 9.9
    endloop
  endfacet
  facet normal 0.10399 0.699848 0.706682
    outer loop
      vertex 5.32259 51.3631 9.9
      vertex 5.27358 50.8655 10.4
      vertex 5.56285 51.3274 9.9
    endloop
  endfacet
  facet normal 0.0346654 0.706679 0.706685
    outer loop
      vertex 5.32259 51.3631 9.9
      vertex 5.08 51.375 9.9
      vertex 5.27358 50.8655 10.4
    endloop
  endfacet
  facet normal -0.686321 -0.171909 0.70669
    outer loop
      vertex 3.14295 48.5147 10.4
      vertex 2.71157 48.1815 9.9
      vertex 3.19004 48.3267 10.4
    endloop
  endfacet
  facet normal -0.90401 0.427511 0
    outer loop
      vertex 2.7934 49.8471 8
      vertex 2.89725 50.0667 9.9
      vertex 2.89725 50.0667 8
    endloop
  endfacet
  facet normal -0.90401 0.427511 0
    outer loop
      vertex 2.89725 50.0667 9.9
      vertex 2.7934 49.8471 8
      vertex 2.7934 49.8471 9.9
    endloop
  endfacet
  facet normal 0.514199 -0.857671 0
    outer loop
      vertex 6.24671 46.7172 8
      vertex 6.45504 46.8421 9.9
      vertex 6.24671 46.7172 9.9
    endloop
  endfacet
  facet normal 0.514199 -0.857671 0
    outer loop
      vertex 6.45504 46.8421 9.9
      vertex 6.24671 46.7172 8
      vertex 6.45504 46.8421 8
    endloop
  endfacet
  facet normal -0.475111 -0.524253 0.706703
    outer loop
      vertex 3.68346 47.5035 10.4
      vertex 3.32991 47.1499 9.9
      vertex 3.50988 46.9868 9.9
    endloop
  endfacet
  facet normal -0.639627 -0.302483 0.706669
    outer loop
      vertex 3.25534 48.1442 10.4
      vertex 2.7934 47.9529 9.9
      vertex 2.89725 47.7333 9.9
    endloop
  endfacet
  facet normal -0.639592 -0.302529 0.706681
    outer loop
      vertex 3.25534 48.1442 10.4
      vertex 2.89725 47.7333 9.9
      vertex 3.33821 47.969 10.4
    endloop
  endfacet
  facet normal -0.706681 -0.0347135 0.706681
    outer loop
      vertex 3.105 48.9 10.4
      vertex 2.605 48.9 9.9
      vertex 3.11451 48.7064 10.4
    endloop
  endfacet
  facet normal -0.686321 0.171909 0.70669
    outer loop
      vertex 3.19004 49.4733 10.4
      vertex 2.71157 49.6185 9.9
      vertex 3.14295 49.2853 10.4
    endloop
  endfacet
  facet normal -0.475111 0.524253 0.706703
    outer loop
      vertex 3.50988 50.8132 9.9
      vertex 3.32991 50.6501 9.9
      vertex 3.68346 50.2965 10.4
    endloop
  endfacet
  facet normal 0.171949 0.68637 0.706632
    outer loop
      vertex 5.79845 51.2684 9.9
      vertex 5.4653 50.8371 10.4
      vertex 5.65331 50.79 10.4
    endloop
  endfacet
  facet normal 0.475111 0.524253 0.706703
    outer loop
      vertex 6.65012 50.8132 9.9
      vertex 6.47654 50.2965 10.4
      vertex 6.83009 50.6501 9.9
    endloop
  endfacet
  facet normal 0.336793 -0.941579 0
    outer loop
      vertex 5.79845 46.5316 8
      vertex 6.02714 46.6134 9.9
      vertex 5.79845 46.5316 9.9
    endloop
  endfacet
  facet normal 0.336793 -0.941579 0
    outer loop
      vertex 6.02714 46.6134 9.9
      vertex 5.79845 46.5316 8
      vertex 6.02714 46.6134 8
    endloop
  endfacet
  facet normal -0.595749 -0.80317 0
    outer loop
      vertex 3.50988 46.9868 8
      vertex 3.70496 46.8421 9.9
      vertex 3.50988 46.9868 9.9
    endloop
  endfacet
  facet normal -0.595749 -0.80317 -0
    outer loop
      vertex 3.70496 46.8421 9.9
      vertex 3.50988 46.9868 8
      vertex 3.70496 46.8421 8
    endloop
  endfacet
  facet normal 0.568306 0.421467 0.706679
    outer loop
      vertex 6.9932 50.4701 9.9
      vertex 6.6067 50.1529 10.4
      vertex 7.13789 50.275 9.9
    endloop
  endfacet
  facet normal -0.475235 0.524182 0.706672
    outer loop
      vertex 3.82707 50.4267 10.4
      vertex 3.50988 50.8132 9.9
      vertex 3.68346 50.2965 10.4
    endloop
  endfacet
  facet normal -0.421515 0.568273 0.706676
    outer loop
      vertex 3.70496 50.9579 9.9
      vertex 3.50988 50.8132 9.9
      vertex 3.82707 50.4267 10.4
    endloop
  endfacet
  facet normal 0.302592 0.639532 0.706709
    outer loop
      vertex 6.24671 51.0828 9.9
      vertex 5.8358 50.7247 10.4
      vertex 6.01101 50.6418 10.4
    endloop
  endfacet
  facet normal 0.857711 -0.514132 0
    outer loop
      vertex 7.13789 47.525 9.9
      vertex 7.26275 47.7333 8
      vertex 7.26275 47.7333 9.9
    endloop
  endfacet
  facet normal 0.857711 -0.514132 0
    outer loop
      vertex 7.26275 47.7333 8
      vertex 7.13789 47.525 9.9
      vertex 7.13789 47.525 8
    endloop
  endfacet
  facet normal 0.52428 -0.475085 0.706699
    outer loop
      vertex 6.9932 47.3299 9.9
      vertex 6.47654 47.5035 10.4
      vertex 6.83009 47.1499 9.9
    endloop
  endfacet
  facet normal 0.421515 0.568273 0.706676
    outer loop
      vertex 6.45504 50.9579 9.9
      vertex 6.33293 50.4267 10.4
      vertex 6.65012 50.8132 9.9
    endloop
  endfacet
  facet normal -0.103687 -0.699963 0.706613
    outer loop
      vertex 4.6947 46.9629 10.4
      vertex 4.59715 46.4726 9.9
      vertex 4.88642 46.9345 10.4
    endloop
  endfacet
  facet normal 0.699874 0.103845 0.706677
    outer loop
      vertex 7.50744 49.3828 9.9
      vertex 7.04549 49.0936 10.4
      vertex 7.54308 49.1426 9.9
    endloop
  endfacet
  facet normal 0.606859 -0.363766 0.70668
    outer loop
      vertex 7.26275 47.7333 9.9
      vertex 6.82179 47.969 10.4
      vertex 7.13789 47.525 9.9
    endloop
  endfacet
  facet normal 0.242923 0.970046 -0
    outer loop
      vertex 5.79845 51.2684 8
      vertex 5.56285 51.3274 9.9
      vertex 5.79845 51.2684 9.9
    endloop
  endfacet
  facet normal 0.242923 0.970046 0
    outer loop
      vertex 5.56285 51.3274 9.9
      vertex 5.79845 51.2684 8
      vertex 5.56285 51.3274 8
    endloop
  endfacet
  facet normal 0.146975 0.98914 -0
    outer loop
      vertex 5.56285 51.3274 8
      vertex 5.32259 51.3631 9.9
      vertex 5.56285 51.3274 9.9
    endloop
  endfacet
  facet normal 0.146975 0.98914 0
    outer loop
      vertex 5.32259 51.3631 9.9
      vertex 5.56285 51.3274 8
      vertex 5.32259 51.3631 8
    endloop
  endfacet
  facet normal -0.606859 0.363766 0.70668
    outer loop
      vertex 3.02211 50.275 9.9
      vertex 2.89725 50.0667 9.9
      vertex 3.33821 49.831 10.4
    endloop
  endfacet
  facet normal 0.52428 0.475085 0.706699
    outer loop
      vertex 6.83009 50.6501 9.9
      vertex 6.47654 50.2965 10.4
      vertex 6.9932 50.4701 9.9
    endloop
  endfacet
  facet normal -0.606956 -0.363663 0.70665
    outer loop
      vertex 3.33821 47.969 10.4
      vertex 3.02211 47.525 9.9
      vertex 3.43785 47.8027 10.4
    endloop
  endfacet
  facet normal 0.0346806 0.706681 0.706681
    outer loop
      vertex 5.08 51.375 9.9
      vertex 5.08 50.875 10.4
      vertex 5.27358 50.8655 10.4
    endloop
  endfacet
  facet normal 0.686321 -0.171909 0.70669
    outer loop
      vertex 7.01705 48.5147 10.4
      vertex 6.96996 48.3267 10.4
      vertex 7.44843 48.1815 9.9
    endloop
  endfacet
  facet normal -0.427391 -0.904067 0
    outer loop
      vertex 3.91329 46.7172 8
      vertex 4.13286 46.6134 9.9
      vertex 3.91329 46.7172 9.9
    endloop
  endfacet
  facet normal -0.427391 -0.904067 -0
    outer loop
      vertex 4.13286 46.6134 9.9
      vertex 3.91329 46.7172 8
      vertex 4.13286 46.6134 8
    endloop
  endfacet
  facet normal -0.568306 -0.421467 0.706679
    outer loop
      vertex 3.5533 47.6471 10.4
      vertex 3.02211 47.525 9.9
      vertex 3.1668 47.3299 9.9
    endloop
  endfacet
  facet normal -0.421583 0.568243 0.70666
    outer loop
      vertex 3.98275 50.5422 10.4
      vertex 3.70496 50.9579 9.9
      vertex 3.82707 50.4267 10.4
    endloop
  endfacet
  facet normal -0.0346806 -0.706681 0.706681
    outer loop
      vertex 5.08 46.925 10.4
      vertex 4.88642 46.9345 10.4
      vertex 5.08 46.425 9.9
    endloop
  endfacet
  facet normal -0.857711 -0.514132 0
    outer loop
      vertex 3.02211 47.525 8
      vertex 2.89725 47.7333 9.9
      vertex 2.89725 47.7333 8
    endloop
  endfacet
  facet normal -0.857711 -0.514132 0
    outer loop
      vertex 2.89725 47.7333 9.9
      vertex 3.02211 47.525 8
      vertex 3.02211 47.525 9.9
    endloop
  endfacet
  facet normal -0.706681 0.0347135 0.706681
    outer loop
      vertex 3.11451 49.0936 10.4
      vertex 2.605 48.9 9.9
      vertex 3.105 48.9 10.4
    endloop
  endfacet
  facet normal -0.699874 0.103845 0.706677
    outer loop
      vertex 2.65256 49.3828 9.9
      vertex 2.61692 49.1426 9.9
      vertex 3.11451 49.0936 10.4
    endloop
  endfacet
  facet normal -0.699879 0.103832 0.706674
    outer loop
      vertex 3.14295 49.2853 10.4
      vertex 2.65256 49.3828 9.9
      vertex 3.11451 49.0936 10.4
    endloop
  endfacet
  facet normal -0.639592 0.302529 0.706681
    outer loop
      vertex 3.33821 49.831 10.4
      vertex 2.89725 50.0667 9.9
      vertex 3.25534 49.6558 10.4
    endloop
  endfacet
  facet normal 0.66616 0.238358 0.706694
    outer loop
      vertex 7.44843 49.6185 9.9
      vertex 6.90466 49.6558 10.4
      vertex 6.96996 49.4733 10.4
    endloop
  endfacet
  facet normal -0.171949 0.68637 0.706632
    outer loop
      vertex 4.6947 50.8371 10.4
      vertex 4.36155 51.2684 9.9
      vertex 4.50669 50.79 10.4
    endloop
  endfacet
  facet normal 0.238302 -0.666225 0.706652
    outer loop
      vertex 5.8358 47.0753 10.4
      vertex 5.79845 46.5316 9.9
      vertex 6.02714 46.6134 9.9
    endloop
  endfacet
  facet normal -0.475235 -0.524182 0.706672
    outer loop
      vertex 3.68346 47.5035 10.4
      vertex 3.50988 46.9868 9.9
      vertex 3.82707 47.3733 10.4
    endloop
  endfacet
  facet normal 0.699879 0.103832 0.706674
    outer loop
      vertex 7.50744 49.3828 9.9
      vertex 7.01705 49.2853 10.4
      vertex 7.04549 49.0936 10.4
    endloop
  endfacet
  facet normal -0.0346654 -0.706679 0.706685
    outer loop
      vertex 4.88642 46.9345 10.4
      vertex 4.83741 46.4369 9.9
      vertex 5.08 46.425 9.9
    endloop
  endfacet
  facet normal 0.606859 0.363766 0.70668
    outer loop
      vertex 7.13789 50.275 9.9
      vertex 6.82179 49.831 10.4
      vertex 7.26275 50.0667 9.9
    endloop
  endfacet
  facet normal 0.639627 0.302483 0.706669
    outer loop
      vertex 7.26275 50.0667 9.9
      vertex 6.90466 49.6558 10.4
      vertex 7.3666 49.8471 9.9
    endloop
  endfacet
  facet normal 0.146975 -0.98914 0
    outer loop
      vertex 5.32259 46.4369 8
      vertex 5.56285 46.4726 9.9
      vertex 5.32259 46.4369 9.9
    endloop
  endfacet
  facet normal 0.146975 -0.98914 0
    outer loop
      vertex 5.56285 46.4726 9.9
      vertex 5.32259 46.4369 8
      vertex 5.56285 46.4726 8
    endloop
  endfacet
  facet normal 0.171891 0.686399 0.706619
    outer loop
      vertex 5.56285 51.3274 9.9
      vertex 5.4653 50.8371 10.4
      vertex 5.79845 51.2684 9.9
    endloop
  endfacet
  facet normal 0.475111 -0.524253 0.706703
    outer loop
      vertex 6.83009 47.1499 9.9
      vertex 6.47654 47.5035 10.4
      vertex 6.65012 46.9868 9.9
    endloop
  endfacet
  facet normal -0.048995 -0.998799 0
    outer loop
      vertex 4.83741 46.4369 8
      vertex 5.08 46.425 9.9
      vertex 4.83741 46.4369 9.9
    endloop
  endfacet
  facet normal -0.048995 -0.998799 -0
    outer loop
      vertex 5.08 46.425 9.9
      vertex 4.83741 46.4369 8
      vertex 5.08 46.425 8
    endloop
  endfacet
  facet normal -0.686357 0.171837 0.706673
    outer loop
      vertex 2.71157 49.6185 9.9
      vertex 2.65256 49.3828 9.9
      vertex 3.14295 49.2853 10.4
    endloop
  endfacet
  facet normal -0.421515 -0.568273 0.706676
    outer loop
      vertex 3.82707 47.3733 10.4
      vertex 3.50988 46.9868 9.9
      vertex 3.70496 46.8421 9.9
    endloop
  endfacet
  facet normal 0.242923 -0.970046 0
    outer loop
      vertex 5.56285 46.4726 8
      vertex 5.79845 46.5316 9.9
      vertex 5.56285 46.4726 9.9
    endloop
  endfacet
  facet normal 0.242923 -0.970046 0
    outer loop
      vertex 5.79845 46.5316 9.9
      vertex 5.56285 46.4726 8
      vertex 5.79845 46.5316 8
    endloop
  endfacet
  facet normal 0.103687 0.699963 0.706613
    outer loop
      vertex 5.56285 51.3274 9.9
      vertex 5.27358 50.8655 10.4
      vertex 5.4653 50.8371 10.4
    endloop
  endfacet
  facet normal 0.171949 -0.68637 0.706632
    outer loop
      vertex 5.65331 47.01 10.4
      vertex 5.4653 46.9629 10.4
      vertex 5.79845 46.5316 9.9
    endloop
  endfacet
  facet normal 0.171891 -0.686399 0.706619
    outer loop
      vertex 5.79845 46.5316 9.9
      vertex 5.4653 46.9629 10.4
      vertex 5.56285 46.4726 9.9
    endloop
  endfacet
  facet normal -0.302592 -0.639532 0.706709
    outer loop
      vertex 4.14899 47.1582 10.4
      vertex 3.91329 46.7172 9.9
      vertex 4.3242 47.0753 10.4
    endloop
  endfacet
  facet normal 0.56833 0.421411 0.706692
    outer loop
      vertex 7.13789 50.275 9.9
      vertex 6.6067 50.1529 10.4
      vertex 6.72215 49.9972 10.4
    endloop
  endfacet
  facet normal -0.302592 0.639532 0.706709
    outer loop
      vertex 4.3242 50.7247 10.4
      vertex 3.91329 51.0828 9.9
      vertex 4.14899 50.6418 10.4
    endloop
  endfacet
  facet normal 0.706682 0.0347224 0.706679
    outer loop
      vertex 7.54308 49.1426 9.9
      vertex 7.04549 49.0936 10.4
      vertex 7.555 48.9 9.9
    endloop
  endfacet
  facet normal 0.639592 0.302529 0.706681
    outer loop
      vertex 7.26275 50.0667 9.9
      vertex 6.82179 49.831 10.4
      vertex 6.90466 49.6558 10.4
    endloop
  endfacet
  facet normal -0.171891 -0.686399 0.706619
    outer loop
      vertex 4.6947 46.9629 10.4
      vertex 4.36155 46.5316 9.9
      vertex 4.59715 46.4726 9.9
    endloop
  endfacet
  facet normal -0.514199 -0.857671 0
    outer loop
      vertex 3.70496 46.8421 8
      vertex 3.91329 46.7172 9.9
      vertex 3.70496 46.8421 9.9
    endloop
  endfacet
  facet normal -0.514199 -0.857671 -0
    outer loop
      vertex 3.91329 46.7172 9.9
      vertex 3.70496 46.8421 8
      vertex 3.91329 46.7172 8
    endloop
  endfacet
  facet normal 0.706681 -0.0347135 0.706681
    outer loop
      vertex 7.055 48.9 10.4
      vertex 7.04549 48.7064 10.4
      vertex 7.555 48.9 9.9
    endloop
  endfacet
  facet normal 0.475235 0.524182 0.706672
    outer loop
      vertex 6.65012 50.8132 9.9
      vertex 6.33293 50.4267 10.4
      vertex 6.47654 50.2965 10.4
    endloop
  endfacet
  facet normal -0.998795 0.0490752 0
    outer loop
      vertex 2.605 48.9 8
      vertex 2.61692 49.1426 9.9
      vertex 2.61692 49.1426 8
    endloop
  endfacet
  facet normal -0.998795 0.0490752 0
    outer loop
      vertex 2.61692 49.1426 9.9
      vertex 2.605 48.9 8
      vertex 2.605 48.9 9.9
    endloop
  endfacet
  facet normal 0.666147 0.238455 0.706673
    outer loop
      vertex 7.3666 49.8471 9.9
      vertex 6.90466 49.6558 10.4
      vertex 7.44843 49.6185 9.9
    endloop
  endfacet
  facet normal 0.363801 0.606811 0.706703
    outer loop
      vertex 6.24671 51.0828 9.9
      vertex 6.01101 50.6418 10.4
      vertex 6.45504 50.9579 9.9
    endloop
  endfacet
  facet normal 0.90401 0.427511 0
    outer loop
      vertex 7.3666 49.8471 9.9
      vertex 7.26275 50.0667 8
      vertex 7.26275 50.0667 9.9
    endloop
  endfacet
  facet normal 0.90401 0.427511 0
    outer loop
      vertex 7.26275 50.0667 8
      vertex 7.3666 49.8471 9.9
      vertex 7.3666 49.8471 8
    endloop
  endfacet
  facet normal 0.857711 0.514132 0
    outer loop
      vertex 7.26275 50.0667 9.9
      vertex 7.13789 50.275 8
      vertex 7.13789 50.275 9.9
    endloop
  endfacet
  facet normal 0.857711 0.514132 0
    outer loop
      vertex 7.13789 50.275 8
      vertex 7.26275 50.0667 9.9
      vertex 7.26275 50.0667 8
    endloop
  endfacet
  facet normal 0.686321 0.171909 0.70669
    outer loop
      vertex 7.44843 49.6185 9.9
      vertex 6.96996 49.4733 10.4
      vertex 7.01705 49.2853 10.4
    endloop
  endfacet
  facet normal 0.0346654 -0.706679 0.706685
    outer loop
      vertex 5.27358 46.9345 10.4
      vertex 5.08 46.425 9.9
      vertex 5.32259 46.4369 9.9
    endloop
  endfacet
  facet normal 0.666147 -0.238455 0.706673
    outer loop
      vertex 7.44843 48.1815 9.9
      vertex 6.90466 48.1442 10.4
      vertex 7.3666 47.9529 9.9
    endloop
  endfacet
  facet normal 0.803219 -0.595683 0
    outer loop
      vertex 6.9932 47.3299 9.9
      vertex 7.13789 47.525 8
      vertex 7.13789 47.525 9.9
    endloop
  endfacet
  facet normal 0.803219 -0.595683 0
    outer loop
      vertex 7.13789 47.525 8
      vertex 6.9932 47.3299 9.9
      vertex 6.9932 47.3299 8
    endloop
  endfacet
  facet normal -0.171949 -0.68637 0.706632
    outer loop
      vertex 4.50669 47.01 10.4
      vertex 4.36155 46.5316 9.9
      vertex 4.6947 46.9629 10.4
    endloop
  endfacet
  facet normal 0.048995 -0.998799 0
    outer loop
      vertex 5.08 46.425 8
      vertex 5.32259 46.4369 9.9
      vertex 5.08 46.425 9.9
    endloop
  endfacet
  facet normal 0.048995 -0.998799 0
    outer loop
      vertex 5.32259 46.4369 9.9
      vertex 5.08 46.425 8
      vertex 5.32259 46.4369 8
    endloop
  endfacet
  facet normal -0.10399 -0.699848 0.706682
    outer loop
      vertex 4.88642 46.9345 10.4
      vertex 4.59715 46.4726 9.9
      vertex 4.83741 46.4369 9.9
    endloop
  endfacet
  facet normal 0.363801 -0.606811 0.706703
    outer loop
      vertex 6.45504 46.8421 9.9
      vertex 6.01101 47.1582 10.4
      vertex 6.24671 46.7172 9.9
    endloop
  endfacet
  facet normal 0.686357 0.171837 0.706673
    outer loop
      vertex 7.44843 49.6185 9.9
      vertex 7.01705 49.2853 10.4
      vertex 7.50744 49.3828 9.9
    endloop
  endfacet
  facet normal 0.66616 -0.238358 0.706694
    outer loop
      vertex 6.96996 48.3267 10.4
      vertex 6.90466 48.1442 10.4
      vertex 7.44843 48.1815 9.9
    endloop
  endfacet
  facet normal -0.23839 -0.666213 0.706633
    outer loop
      vertex 4.50669 47.01 10.4
      vertex 4.3242 47.0753 10.4
      vertex 4.36155 46.5316 9.9
    endloop
  endfacet
  facet normal 0.421583 0.568243 0.70666
    outer loop
      vertex 6.45504 50.9579 9.9
      vertex 6.17725 50.5422 10.4
      vertex 6.33293 50.4267 10.4
    endloop
  endfacet
  facet normal -0.363801 -0.606811 0.706703
    outer loop
      vertex 4.14899 47.1582 10.4
      vertex 3.70496 46.8421 9.9
      vertex 3.91329 46.7172 9.9
    endloop
  endfacet
  facet normal -0.242923 -0.970046 0
    outer loop
      vertex 4.36155 46.5316 8
      vertex 4.59715 46.4726 9.9
      vertex 4.36155 46.5316 9.9
    endloop
  endfacet
  facet normal -0.242923 -0.970046 -0
    outer loop
      vertex 4.59715 46.4726 9.9
      vertex 4.36155 46.5316 8
      vertex 4.59715 46.4726 8
    endloop
  endfacet
  facet normal 0.421583 -0.568243 0.70666
    outer loop
      vertex 6.33293 47.3733 10.4
      vertex 6.17725 47.2578 10.4
      vertex 6.45504 46.8421 9.9
    endloop
  endfacet
  facet normal 0.238302 0.666225 0.706652
    outer loop
      vertex 6.02714 51.1866 9.9
      vertex 5.79845 51.2684 9.9
      vertex 5.8358 50.7247 10.4
    endloop
  endfacet
  facet normal 0 0 1
    outer loop
      vertex 7.04549 49.0936 10.4
      vertex 7.04549 48.7064 10.4
      vertex 7.055 48.9 10.4
    endloop
  endfacet
  facet normal 0 0 1
    outer loop
      vertex 7.01705 49.2853 10.4
      vertex 7.04549 48.7064 10.4
      vertex 7.04549 49.0936 10.4
    endloop
  endfacet
  facet normal 0 0 1
    outer loop
      vertex 7.01705 49.2853 10.4
      vertex 7.01705 48.5147 10.4
      vertex 7.04549 48.7064 10.4
    endloop
  endfacet
  facet normal 0 0 1
    outer loop
      vertex 6.96996 49.4733 10.4
      vertex 7.01705 48.5147 10.4
      vertex 7.01705 49.2853 10.4
    endloop
  endfacet
  facet normal 0 0 1
    outer loop
      vertex 6.96996 49.4733 10.4
      vertex 6.96996 48.3267 10.4
      vertex 7.01705 48.5147 10.4
    endloop
  endfacet
  facet normal 0 0 1
    outer loop
      vertex 6.90466 49.6558 10.4
      vertex 6.96996 48.3267 10.4
      vertex 6.96996 49.4733 10.4
    endloop
  endfacet
  facet normal 0 0 1
    outer loop
      vertex 6.90466 49.6558 10.4
      vertex 6.90466 48.1442 10.4
      vertex 6.96996 48.3267 10.4
    endloop
  endfacet
  facet normal 0 0 1
    outer loop
      vertex 6.82179 49.831 10.4
      vertex 6.90466 48.1442 10.4
      vertex 6.90466 49.6558 10.4
    endloop
  endfacet
  facet normal 0 0 1
    outer loop
      vertex 6.82179 49.831 10.4
      vertex 6.82179 47.969 10.4
      vertex 6.90466 48.1442 10.4
    endloop
  endfacet
  facet normal 0 0 1
    outer loop
      vertex 6.72215 49.9972 10.4
      vertex 6.82179 47.969 10.4
      vertex 6.82179 49.831 10.4
    endloop
  endfacet
  facet normal 0 0 1
    outer loop
      vertex 6.72215 49.9972 10.4
      vertex 6.72215 47.8027 10.4
      vertex 6.82179 47.969 10.4
    endloop
  endfacet
  facet normal 0 0 1
    outer loop
      vertex 6.6067 50.1529 10.4
      vertex 6.72215 47.8027 10.4
      vertex 6.72215 49.9972 10.4
    endloop
  endfacet
  facet normal 0 0 1
    outer loop
      vertex 6.6067 50.1529 10.4
      vertex 6.6067 47.6471 10.4
      vertex 6.72215 47.8027 10.4
    endloop
  endfacet
  facet normal 0 0 1
    outer loop
      vertex 6.47654 50.2965 10.4
      vertex 6.6067 47.6471 10.4
      vertex 6.6067 50.1529 10.4
    endloop
  endfacet
  facet normal 0 0 1
    outer loop
      vertex 6.47654 50.2965 10.4
      vertex 6.47654 47.5035 10.4
      vertex 6.6067 47.6471 10.4
    endloop
  endfacet
  facet normal 0 0 1
    outer loop
      vertex 6.33293 50.4267 10.4
      vertex 6.47654 47.5035 10.4
      vertex 6.47654 50.2965 10.4
    endloop
  endfacet
  facet normal 0 0 1
    outer loop
      vertex 6.33293 50.4267 10.4
      vertex 6.33293 47.3733 10.4
      vertex 6.47654 47.5035 10.4
    endloop
  endfacet
  facet normal 0 0 1
    outer loop
      vertex 6.17725 50.5422 10.4
      vertex 6.33293 47.3733 10.4
      vertex 6.33293 50.4267 10.4
    endloop
  endfacet
  facet normal 0 0 1
    outer loop
      vertex 6.17725 50.5422 10.4
      vertex 6.17725 47.2578 10.4
      vertex 6.33293 47.3733 10.4
    endloop
  endfacet
  facet normal 0 0 1
    outer loop
      vertex 6.01101 50.6418 10.4
      vertex 6.17725 47.2578 10.4
      vertex 6.17725 50.5422 10.4
    endloop
  endfacet
  facet normal 0 0 1
    outer loop
      vertex 6.01101 50.6418 10.4
      vertex 6.01101 47.1582 10.4
      vertex 6.17725 47.2578 10.4
    endloop
  endfacet
  facet normal 0 0 1
    outer loop
      vertex 5.8358 50.7247 10.4
      vertex 6.01101 47.1582 10.4
      vertex 6.01101 50.6418 10.4
    endloop
  endfacet
  facet normal 0 0 1
    outer loop
      vertex 5.8358 50.7247 10.4
      vertex 5.8358 47.0753 10.4
      vertex 6.01101 47.1582 10.4
    endloop
  endfacet
  facet normal 0 0 1
    outer loop
      vertex 5.65331 50.79 10.4
      vertex 5.8358 47.0753 10.4
      vertex 5.8358 50.7247 10.4
    endloop
  endfacet
  facet normal 0 0 1
    outer loop
      vertex 5.65331 50.79 10.4
      vertex 5.65331 47.01 10.4
      vertex 5.8358 47.0753 10.4
    endloop
  endfacet
  facet normal 0 0 1
    outer loop
      vertex 5.4653 50.8371 10.4
      vertex 5.65331 47.01 10.4
      vertex 5.65331 50.79 10.4
    endloop
  endfacet
  facet normal 0 0 1
    outer loop
      vertex 5.4653 50.8371 10.4
      vertex 5.4653 46.9629 10.4
      vertex 5.65331 47.01 10.4
    endloop
  endfacet
  facet normal 0 0 1
    outer loop
      vertex 5.27358 50.8655 10.4
      vertex 5.4653 46.9629 10.4
      vertex 5.4653 50.8371 10.4
    endloop
  endfacet
  facet normal 0 0 1
    outer loop
      vertex 5.27358 50.8655 10.4
      vertex 5.27358 46.9345 10.4
      vertex 5.4653 46.9629 10.4
    endloop
  endfacet
  facet normal 0 0 1
    outer loop
      vertex 5.08 50.875 10.4
      vertex 5.27358 46.9345 10.4
      vertex 5.27358 50.8655 10.4
    endloop
  endfacet
  facet normal 0 0 1
    outer loop
      vertex 5.08 50.875 10.4
      vertex 5.08 46.925 10.4
      vertex 5.27358 46.9345 10.4
    endloop
  endfacet
  facet normal -0 0 1
    outer loop
      vertex 4.88642 50.8655 10.4
      vertex 5.08 46.925 10.4
      vertex 5.08 50.875 10.4
    endloop
  endfacet
  facet normal 0 0 1
    outer loop
      vertex 4.88642 50.8655 10.4
      vertex 4.88642 46.9345 10.4
      vertex 5.08 46.925 10.4
    endloop
  endfacet
  facet normal -0 0 1
    outer loop
      vertex 4.6947 50.8371 10.4
      vertex 4.88642 46.9345 10.4
      vertex 4.88642 50.8655 10.4
    endloop
  endfacet
  facet normal 0 0 1
    outer loop
      vertex 4.6947 50.8371 10.4
      vertex 4.6947 46.9629 10.4
      vertex 4.88642 46.9345 10.4
    endloop
  endfacet
  facet normal -0 0 1
    outer loop
      vertex 4.50669 50.79 10.4
      vertex 4.6947 46.9629 10.4
      vertex 4.6947 50.8371 10.4
    endloop
  endfacet
  facet normal 0 0 1
    outer loop
      vertex 4.50669 50.79 10.4
      vertex 4.50669 47.01 10.4
      vertex 4.6947 46.9629 10.4
    endloop
  endfacet
  facet normal -0 0 1
    outer loop
      vertex 4.3242 50.7247 10.4
      vertex 4.50669 47.01 10.4
      vertex 4.50669 50.79 10.4
    endloop
  endfacet
  facet normal 0 0 1
    outer loop
      vertex 4.3242 50.7247 10.4
      vertex 4.3242 47.0753 10.4
      vertex 4.50669 47.01 10.4
    endloop
  endfacet
  facet normal -0 0 1
    outer loop
      vertex 4.14899 50.6418 10.4
      vertex 4.3242 47.0753 10.4
      vertex 4.3242 50.7247 10.4
    endloop
  endfacet
  facet normal 0 0 1
    outer loop
      vertex 4.14899 50.6418 10.4
      vertex 4.14899 47.1582 10.4
      vertex 4.3242 47.0753 10.4
    endloop
  endfacet
  facet normal -0 0 1
    outer loop
      vertex 3.98275 50.5422 10.4
      vertex 4.14899 47.1582 10.4
      vertex 4.14899 50.6418 10.4
    endloop
  endfacet
  facet normal 0 0 1
    outer loop
      vertex 3.98275 50.5422 10.4
      vertex 3.98275 47.2578 10.4
      vertex 4.14899 47.1582 10.4
    endloop
  endfacet
  facet normal -0 0 1
    outer loop
      vertex 3.82707 50.4267 10.4
      vertex 3.98275 47.2578 10.4
      vertex 3.98275 50.5422 10.4
    endloop
  endfacet
  facet normal 0 0 1
    outer loop
      vertex 3.82707 50.4267 10.4
      vertex 3.82707 47.3733 10.4
      vertex 3.98275 47.2578 10.4
    endloop
  endfacet
  facet normal -0 0 1
    outer loop
      vertex 3.68346 50.2965 10.4
      vertex 3.82707 47.3733 10.4
      vertex 3.82707 50.4267 10.4
    endloop
  endfacet
  facet normal 0 0 1
    outer loop
      vertex 3.68346 50.2965 10.4
      vertex 3.68346 47.5035 10.4
      vertex 3.82707 47.3733 10.4
    endloop
  endfacet
  facet normal -0 0 1
    outer loop
      vertex 3.5533 50.1529 10.4
      vertex 3.68346 47.5035 10.4
      vertex 3.68346 50.2965 10.4
    endloop
  endfacet
  facet normal 0 0 1
    outer loop
      vertex 3.5533 50.1529 10.4
      vertex 3.5533 47.6471 10.4
      vertex 3.68346 47.5035 10.4
    endloop
  endfacet
  facet normal -0 0 1
    outer loop
      vertex 3.43785 49.9972 10.4
      vertex 3.5533 47.6471 10.4
      vertex 3.5533 50.1529 10.4
    endloop
  endfacet
  facet normal 0 0 1
    outer loop
      vertex 3.43785 49.9972 10.4
      vertex 3.43785 47.8027 10.4
      vertex 3.5533 47.6471 10.4
    endloop
  endfacet
  facet normal -0 0 1
    outer loop
      vertex 3.33821 49.831 10.4
      vertex 3.43785 47.8027 10.4
      vertex 3.43785 49.9972 10.4
    endloop
  endfacet
  facet normal 0 0 1
    outer loop
      vertex 3.33821 49.831 10.4
      vertex 3.33821 47.969 10.4
      vertex 3.43785 47.8027 10.4
    endloop
  endfacet
  facet normal -0 0 1
    outer loop
      vertex 3.25534 49.6558 10.4
      vertex 3.33821 47.969 10.4
      vertex 3.33821 49.831 10.4
    endloop
  endfacet
  facet normal 0 0 1
    outer loop
      vertex 3.25534 49.6558 10.4
      vertex 3.25534 48.1442 10.4
      vertex 3.33821 47.969 10.4
    endloop
  endfacet
  facet normal -0 0 1
    outer loop
      vertex 3.19004 49.4733 10.4
      vertex 3.25534 48.1442 10.4
      vertex 3.25534 49.6558 10.4
    endloop
  endfacet
  facet normal 0 0 1
    outer loop
      vertex 3.19004 49.4733 10.4
      vertex 3.19004 48.3267 10.4
      vertex 3.25534 48.1442 10.4
    endloop
  endfacet
  facet normal -0 0 1
    outer loop
      vertex 3.14295 49.2853 10.4
      vertex 3.19004 48.3267 10.4
      vertex 3.19004 49.4733 10.4
    endloop
  endfacet
  facet normal 0 0 1
    outer loop
      vertex 3.14295 49.2853 10.4
      vertex 3.14295 48.5147 10.4
      vertex 3.19004 48.3267 10.4
    endloop
  endfacet
  facet normal -0 0 1
    outer loop
      vertex 3.11451 49.0936 10.4
      vertex 3.14295 48.5147 10.4
      vertex 3.14295 49.2853 10.4
    endloop
  endfacet
  facet normal 0 0 1
    outer loop
      vertex 3.11451 49.0936 10.4
      vertex 3.11451 48.7064 10.4
      vertex 3.14295 48.5147 10.4
    endloop
  endfacet
  facet normal 0 -0 1
    outer loop
      vertex 3.11451 48.7064 10.4
      vertex 3.11451 49.0936 10.4
      vertex 3.105 48.9 10.4
    endloop
  endfacet
  facet normal 0.421515 -0.568273 0.706676
    outer loop
      vertex 6.65012 46.9868 9.9
      vertex 6.33293 47.3733 10.4
      vertex 6.45504 46.8421 9.9
    endloop
  endfacet
  facet normal 0.475235 -0.524182 0.706672
    outer loop
      vertex 6.47654 47.5035 10.4
      vertex 6.33293 47.3733 10.4
      vertex 6.65012 46.9868 9.9
    endloop
  endfacet
  facet normal 0.337031 -0.941493 0
    outer loop
      vertex 82.2234 45.7899 2
      vertex 82.5237 45.8974 8
      vertex 82.2234 45.7899 8
    endloop
  endfacet
  facet normal 0.337031 -0.941493 0
    outer loop
      vertex 82.5237 45.8974 8
      vertex 82.2234 45.7899 2
      vertex 82.5237 45.8974 2
    endloop
  endfacet
  facet normal -0.857852 0.513896 0
    outer loop
      vertex 78.4138 50.432 2
      vertex 78.5777 50.7056 8
      vertex 78.5777 50.7056 2
    endloop
  endfacet
  facet normal -0.857852 0.513896 0
    outer loop
      vertex 78.5777 50.7056 8
      vertex 78.4138 50.432 2
      vertex 78.4138 50.432 8
    endloop
  endfacet
  facet normal -0.146776 -0.98917 0
    outer loop
      vertex 80.646 45.7124 2
      vertex 80.9614 45.6656 8
      vertex 80.646 45.7124 8
    endloop
  endfacet
  facet normal -0.146776 -0.98917 -0
    outer loop
      vertex 80.9614 45.6656 8
      vertex 80.646 45.7124 2
      vertex 80.9614 45.6656 2
    endloop
  endfacet
  facet normal 0.0489056 -0.998803 0
    outer loop
      vertex 81.28 45.65 2
      vertex 81.5986 45.6656 8
      vertex 81.28 45.65 8
    endloop
  endfacet
  facet normal 0.0489056 -0.998803 0
    outer loop
      vertex 81.5986 45.6656 8
      vertex 81.28 45.65 2
      vertex 81.5986 45.6656 2
    endloop
  endfacet
  facet normal -0.903936 -0.427668 0
    outer loop
      vertex 78.4138 47.368 2
      vertex 78.2774 47.6563 8
      vertex 78.2774 47.6563 2
    endloop
  endfacet
  facet normal -0.903936 -0.427668 0
    outer loop
      vertex 78.2774 47.6563 8
      vertex 78.4138 47.368 2
      vertex 78.4138 47.368 8
    endloop
  endfacet
  facet normal -0.595677 -0.803224 0
    outer loop
      vertex 79.2182 46.3877 2
      vertex 79.4744 46.1977 8
      vertex 79.2182 46.3877 8
    endloop
  endfacet
  facet normal -0.595677 -0.803224 -0
    outer loop
      vertex 79.4744 46.1977 8
      vertex 79.2182 46.3877 2
      vertex 79.4744 46.1977 2
    endloop
  endfacet
  facet normal -0.803224 0.595677 0
    outer loop
      vertex 78.5777 50.7056 2
      vertex 78.7677 50.9618 8
      vertex 78.7677 50.9618 2
    endloop
  endfacet
  facet normal -0.803224 0.595677 0
    outer loop
      vertex 78.7677 50.9618 8
      vertex 78.5777 50.7056 2
      vertex 78.5777 50.7056 8
    endloop
  endfacet
  facet normal 0.513896 -0.857852 0
    outer loop
      vertex 82.812 46.0338 2
      vertex 83.0856 46.1977 8
      vertex 82.812 46.0338 8
    endloop
  endfacet
  facet normal 0.513896 -0.857852 0
    outer loop
      vertex 83.0856 46.1977 8
      vertex 82.812 46.0338 2
      vertex 83.0856 46.1977 2
    endloop
  endfacet
  facet normal -0.998803 -0.0489056 0
    outer loop
      vertex 78.0456 48.5814 2
      vertex 78.03 48.9 8
      vertex 78.03 48.9 2
    endloop
  endfacet
  facet normal -0.998803 -0.0489056 0
    outer loop
      vertex 78.03 48.9 8
      vertex 78.0456 48.5814 2
      vertex 78.0456 48.5814 8
    endloop
  endfacet
  facet normal -0.427668 -0.903936 0
    outer loop
      vertex 79.748 46.0338 2
      vertex 80.0363 45.8974 8
      vertex 79.748 46.0338 8
    endloop
  endfacet
  facet normal -0.427668 -0.903936 -0
    outer loop
      vertex 80.0363 45.8974 8
      vertex 79.748 46.0338 2
      vertex 80.0363 45.8974 2
    endloop
  endfacet
  facet normal -0.970032 -0.242978 0
    outer loop
      vertex 78.1699 47.9566 2
      vertex 78.0924 48.266 8
      vertex 78.0924 48.266 2
    endloop
  endfacet
  facet normal -0.970032 -0.242978 0
    outer loop
      vertex 78.0924 48.266 8
      vertex 78.1699 47.9566 2
      vertex 78.1699 47.9566 8
    endloop
  endfacet
  facet normal -0.740904 0.671611 0
    outer loop
      vertex 78.7677 50.9618 2
      vertex 78.9819 51.1981 8
      vertex 78.9819 51.1981 2
    endloop
  endfacet
  facet normal -0.740904 0.671611 0
    outer loop
      vertex 78.9819 51.1981 8
      vertex 78.7677 50.9618 2
      vertex 78.7677 50.9618 8
    endloop
  endfacet
  facet normal -0.242978 -0.970032 0
    outer loop
      vertex 80.3366 45.7899 2
      vertex 80.646 45.7124 8
      vertex 80.3366 45.7899 8
    endloop
  endfacet
  facet normal -0.242978 -0.970032 -0
    outer loop
      vertex 80.646 45.7124 8
      vertex 80.3366 45.7899 2
      vertex 80.646 45.7124 2
    endloop
  endfacet
  facet normal -0.513896 0.857852 0
    outer loop
      vertex 79.748 51.7662 2
      vertex 79.4744 51.6023 8
      vertex 79.748 51.7662 8
    endloop
  endfacet
  facet normal -0.513896 0.857852 0
    outer loop
      vertex 79.4744 51.6023 8
      vertex 79.748 51.7662 2
      vertex 79.4744 51.6023 2
    endloop
  endfacet
  facet normal 0.427668 -0.903936 0
    outer loop
      vertex 82.5237 45.8974 2
      vertex 82.812 46.0338 8
      vertex 82.5237 45.8974 8
    endloop
  endfacet
  facet normal 0.427668 -0.903936 0
    outer loop
      vertex 82.812 46.0338 8
      vertex 82.5237 45.8974 2
      vertex 82.812 46.0338 2
    endloop
  endfacet
  facet normal -0.671611 0.740904 0
    outer loop
      vertex 79.2182 51.4123 2
      vertex 78.9819 51.1981 8
      vertex 79.2182 51.4123 8
    endloop
  endfacet
  facet normal -0.671611 0.740904 0
    outer loop
      vertex 78.9819 51.1981 8
      vertex 79.2182 51.4123 2
      vertex 78.9819 51.1981 2
    endloop
  endfacet
  facet normal -0.595677 0.803224 0
    outer loop
      vertex 79.4744 51.6023 2
      vertex 79.2182 51.4123 8
      vertex 79.4744 51.6023 8
    endloop
  endfacet
  facet normal -0.595677 0.803224 0
    outer loop
      vertex 79.2182 51.4123 8
      vertex 79.4744 51.6023 2
      vertex 79.2182 51.4123 2
    endloop
  endfacet
  facet normal -0.941493 -0.337031 0
    outer loop
      vertex 78.2774 47.6563 2
      vertex 78.1699 47.9566 8
      vertex 78.1699 47.9566 2
    endloop
  endfacet
  facet normal -0.941493 -0.337031 0
    outer loop
      vertex 78.1699 47.9566 8
      vertex 78.2774 47.6563 2
      vertex 78.2774 47.6563 8
    endloop
  endfacet
  facet normal 0.146776 -0.98917 0
    outer loop
      vertex 81.5986 45.6656 2
      vertex 81.914 45.7124 8
      vertex 81.5986 45.6656 8
    endloop
  endfacet
  facet normal 0.146776 -0.98917 0
    outer loop
      vertex 81.914 45.7124 8
      vertex 81.5986 45.6656 2
      vertex 81.914 45.7124 2
    endloop
  endfacet
  facet normal 0.741463 -0.670994 0
    outer loop
      vertex 83.5781 46.6019 8
      vertex 83.6 46.6261 2
      vertex 83.6 46.6261 8
    endloop
  endfacet
  facet normal 0.741463 -0.670994 0
    outer loop
      vertex 83.6 46.6261 2
      vertex 83.5781 46.6019 8
      vertex 83.5781 46.6019 2
    endloop
  endfacet
  facet normal 0.242978 -0.970032 0
    outer loop
      vertex 81.914 45.7124 2
      vertex 82.2234 45.7899 8
      vertex 81.914 45.7124 8
    endloop
  endfacet
  facet normal 0.242978 -0.970032 0
    outer loop
      vertex 82.2234 45.7899 8
      vertex 81.914 45.7124 2
      vertex 82.2234 45.7899 2
    endloop
  endfacet
  facet normal -0.941493 0.337031 0
    outer loop
      vertex 78.1699 49.8434 2
      vertex 78.2774 50.1437 8
      vertex 78.2774 50.1437 2
    endloop
  endfacet
  facet normal -0.941493 0.337031 0
    outer loop
      vertex 78.2774 50.1437 8
      vertex 78.1699 49.8434 2
      vertex 78.1699 49.8434 8
    endloop
  endfacet
  facet normal -0.427668 0.903936 0
    outer loop
      vertex 80.0363 51.9026 2
      vertex 79.748 51.7662 8
      vertex 80.0363 51.9026 8
    endloop
  endfacet
  facet normal -0.427668 0.903936 0
    outer loop
      vertex 79.748 51.7662 8
      vertex 80.0363 51.9026 2
      vertex 79.748 51.7662 2
    endloop
  endfacet
  facet normal -0.98917 0.146776 0
    outer loop
      vertex 78.0456 49.2186 2
      vertex 78.0924 49.534 8
      vertex 78.0924 49.534 2
    endloop
  endfacet
  facet normal -0.98917 0.146776 0
    outer loop
      vertex 78.0924 49.534 8
      vertex 78.0456 49.2186 2
      vertex 78.0456 49.2186 8
    endloop
  endfacet
  facet normal -0.970032 0.242978 0
    outer loop
      vertex 78.0924 49.534 2
      vertex 78.1699 49.8434 8
      vertex 78.1699 49.8434 2
    endloop
  endfacet
  facet normal -0.970032 0.242978 0
    outer loop
      vertex 78.1699 49.8434 8
      vertex 78.0924 49.534 2
      vertex 78.0924 49.534 8
    endloop
  endfacet
  facet normal -0.740904 -0.671611 0
    outer loop
      vertex 78.9819 46.6019 2
      vertex 78.7677 46.8382 8
      vertex 78.7677 46.8382 2
    endloop
  endfacet
  facet normal -0.740904 -0.671611 0
    outer loop
      vertex 78.7677 46.8382 8
      vertex 78.9819 46.6019 2
      vertex 78.9819 46.6019 8
    endloop
  endfacet
  facet normal -0.857852 -0.513896 0
    outer loop
      vertex 78.5777 47.0944 2
      vertex 78.4138 47.368 8
      vertex 78.4138 47.368 2
    endloop
  endfacet
  facet normal -0.857852 -0.513896 0
    outer loop
      vertex 78.4138 47.368 8
      vertex 78.5777 47.0944 2
      vertex 78.5777 47.0944 8
    endloop
  endfacet
  facet normal -0.337054 0.941485 0
    outer loop
      vertex 80.2525 51.98 2
      vertex 80.0363 51.9026 8
      vertex 80.2525 51.98 8
    endloop
  endfacet
  facet normal -0.337054 0.941485 0
    outer loop
      vertex 80.0363 51.9026 8
      vertex 80.2525 51.98 2
      vertex 80.0363 51.9026 2
    endloop
  endfacet
  facet normal -0.513896 -0.857852 0
    outer loop
      vertex 79.4744 46.1977 2
      vertex 79.748 46.0338 8
      vertex 79.4744 46.1977 8
    endloop
  endfacet
  facet normal -0.513896 -0.857852 -0
    outer loop
      vertex 79.748 46.0338 8
      vertex 79.4744 46.1977 2
      vertex 79.748 46.0338 2
    endloop
  endfacet
  facet normal 0.595677 -0.803224 0
    outer loop
      vertex 83.0856 46.1977 2
      vertex 83.3418 46.3877 8
      vertex 83.0856 46.1977 8
    endloop
  endfacet
  facet normal 0.595677 -0.803224 0
    outer loop
      vertex 83.3418 46.3877 8
      vertex 83.0856 46.1977 2
      vertex 83.3418 46.3877 2
    endloop
  endfacet
  facet normal -0.903936 0.427668 0
    outer loop
      vertex 78.2774 50.1437 2
      vertex 78.4138 50.432 8
      vertex 78.4138 50.432 2
    endloop
  endfacet
  facet normal -0.903936 0.427668 0
    outer loop
      vertex 78.4138 50.432 8
      vertex 78.2774 50.1437 2
      vertex 78.2774 50.1437 8
    endloop
  endfacet
  facet normal -0.803224 -0.595677 0
    outer loop
      vertex 78.7677 46.8382 2
      vertex 78.5777 47.0944 8
      vertex 78.5777 47.0944 2
    endloop
  endfacet
  facet normal -0.803224 -0.595677 0
    outer loop
      vertex 78.5777 47.0944 8
      vertex 78.7677 46.8382 2
      vertex 78.7677 46.8382 8
    endloop
  endfacet
  facet normal -0.98917 -0.146776 0
    outer loop
      vertex 78.0924 48.266 2
      vertex 78.0456 48.5814 8
      vertex 78.0456 48.5814 2
    endloop
  endfacet
  facet normal -0.98917 -0.146776 0
    outer loop
      vertex 78.0456 48.5814 8
      vertex 78.0924 48.266 2
      vertex 78.0924 48.266 8
    endloop
  endfacet
  facet normal -0.671611 -0.740904 0
    outer loop
      vertex 78.9819 46.6019 2
      vertex 79.2182 46.3877 8
      vertex 78.9819 46.6019 8
    endloop
  endfacet
  facet normal -0.671611 -0.740904 -0
    outer loop
      vertex 79.2182 46.3877 8
      vertex 78.9819 46.6019 2
      vertex 79.2182 46.3877 2
    endloop
  endfacet
  facet normal -0.0489056 -0.998803 0
    outer loop
      vertex 80.9614 45.6656 2
      vertex 81.28 45.65 8
      vertex 80.9614 45.6656 8
    endloop
  endfacet
  facet normal -0.0489056 -0.998803 -0
    outer loop
      vertex 81.28 45.65 8
      vertex 80.9614 45.6656 2
      vertex 81.28 45.65 2
    endloop
  endfacet
  facet normal -0.998803 0.0489056 0
    outer loop
      vertex 78.03 48.9 2
      vertex 78.0456 49.2186 8
      vertex 78.0456 49.2186 2
    endloop
  endfacet
  facet normal -0.998803 0.0489056 0
    outer loop
      vertex 78.0456 49.2186 8
      vertex 78.03 48.9 2
      vertex 78.03 48.9 8
    endloop
  endfacet
  facet normal -0.337031 -0.941493 0
    outer loop
      vertex 80.0363 45.8974 2
      vertex 80.3366 45.7899 8
      vertex 80.0363 45.8974 8
    endloop
  endfacet
  facet normal -0.337031 -0.941493 -0
    outer loop
      vertex 80.3366 45.7899 8
      vertex 80.0363 45.8974 2
      vertex 80.3366 45.7899 2
    endloop
  endfacet
  facet normal 0.671611 -0.740904 0
    outer loop
      vertex 83.3418 46.3877 2
      vertex 83.5781 46.6019 8
      vertex 83.3418 46.3877 8
    endloop
  endfacet
  facet normal 0.671611 -0.740904 0
    outer loop
      vertex 83.5781 46.6019 8
      vertex 83.3418 46.3877 2
      vertex 83.5781 46.6019 2
    endloop
  endfacet
  facet normal -0.989135 0.147011 0
    outer loop
      vertex 78.8169 49.1426 8
      vertex 78.8526 49.3828 9.9
      vertex 78.8526 49.3828 8
    endloop
  endfacet
  facet normal -0.989135 0.147011 0
    outer loop
      vertex 78.8526 49.3828 9.9
      vertex 78.8169 49.1426 8
      vertex 78.8169 49.1426 9.9
    endloop
  endfacet
  facet normal -0.639704 0.302374 0.706646
    outer loop
      vertex 79.0972 50.0667 9.9
      vertex 78.9934 49.8471 9.9
      vertex 79.4553 49.6558 10.4
    endloop
  endfacet
  facet normal 0.242826 -0.97007 0
    outer loop
      vertex 81.7628 46.4726 8
      vertex 81.9985 46.5316 9.9
      vertex 81.7628 46.4726 9.9
    endloop
  endfacet
  facet normal 0.242826 -0.97007 0
    outer loop
      vertex 81.9985 46.5316 9.9
      vertex 81.7628 46.4726 8
      vertex 81.9985 46.5316 8
    endloop
  endfacet
  facet normal 0.699846 -0.104015 0.70668
    outer loop
      vertex 83.7431 48.6574 9.9
      vertex 83.2455 48.7064 10.4
      vertex 83.7074 48.4172 9.9
    endloop
  endfacet
  facet normal 0.33691 0.941537 -0
    outer loop
      vertex 82.2271 51.1866 8
      vertex 81.9985 51.2684 9.9
      vertex 82.2271 51.1866 9.9
    endloop
  endfacet
  facet normal 0.33691 0.941537 0
    outer loop
      vertex 81.9985 51.2684 9.9
      vertex 82.2271 51.1866 8
      vertex 81.9985 51.2684 8
    endloop
  endfacet
  facet normal -0.034664 0.706679 0.706684
    outer loop
      vertex 81.28 51.375 9.9
      vertex 81.0374 51.3631 9.9
      vertex 81.0864 50.8655 10.4
    endloop
  endfacet
  facet normal -0.59571 0.8032 0
    outer loop
      vertex 79.905 50.9579 8
      vertex 79.7099 50.8132 9.9
      vertex 79.905 50.9579 9.9
    endloop
  endfacet
  facet normal -0.59571 0.8032 0
    outer loop
      vertex 79.7099 50.8132 9.9
      vertex 79.905 50.9579 8
      vertex 79.7099 50.8132 8
    endloop
  endfacet
  facet normal -0.666202 0.238387 0.706644
    outer loop
      vertex 78.9934 49.8471 9.9
      vertex 78.9116 49.6185 9.9
      vertex 79.4553 49.6558 10.4
    endloop
  endfacet
  facet normal 0.238373 -0.666204 0.706647
    outer loop
      vertex 82.0358 47.0753 10.4
      vertex 81.8533 47.01 10.4
      vertex 81.9985 46.5316 9.9
    endloop
  endfacet
  facet normal 0.998799 0.048993 0
    outer loop
      vertex 83.755 48.9 9.9
      vertex 83.7431 49.1426 8
      vertex 83.7431 49.1426 9.9
    endloop
  endfacet
  facet normal 0.998799 0.048993 0
    outer loop
      vertex 83.7431 49.1426 8
      vertex 83.755 48.9 9.9
      vertex 83.755 48.9 8
    endloop
  endfacet
  facet normal -0.606912 0.363709 0.706664
    outer loop
      vertex 79.6378 49.9972 10.4
      vertex 79.2221 50.275 9.9
      vertex 79.5382 49.831 10.4
    endloop
  endfacet
  facet normal -0.238373 0.666204 0.706647
    outer loop
      vertex 80.5615 51.2684 9.9
      vertex 80.5242 50.7247 10.4
      vertex 80.7067 50.79 10.4
    endloop
  endfacet
  facet normal 0.524162 0.47525 0.706676
    outer loop
      vertex 83.1932 50.4701 9.9
      vertex 82.6765 50.2965 10.4
      vertex 82.8067 50.1529 10.4
    endloop
  endfacet
  facet normal -0.048993 0.998799 0
    outer loop
      vertex 81.28 51.375 8
      vertex 81.0374 51.3631 9.9
      vertex 81.28 51.375 9.9
    endloop
  endfacet
  facet normal -0.048993 0.998799 0
    outer loop
      vertex 81.0374 51.3631 9.9
      vertex 81.28 51.375 8
      vertex 81.0374 51.3631 8
    endloop
  endfacet
  facet normal -0.103697 0.699956 0.706618
    outer loop
      vertex 81.0864 50.8655 10.4
      vertex 80.7971 51.3274 9.9
      vertex 80.8947 50.8371 10.4
    endloop
  endfacet
  facet normal -0.671463 -0.741038 0
    outer loop
      vertex 79.5299 47.1499 8
      vertex 79.7099 46.9868 9.9
      vertex 79.5299 47.1499 9.9
    endloop
  endfacet
  facet normal -0.671463 -0.741038 -0
    outer loop
      vertex 79.7099 46.9868 9.9
      vertex 79.5299 47.1499 8
      vertex 79.7099 46.9868 8
    endloop
  endfacet
  facet normal -0.857638 0.514254 0
    outer loop
      vertex 79.0972 50.0667 8
      vertex 79.2221 50.275 9.9
      vertex 79.2221 50.275 8
    endloop
  endfacet
  facet normal -0.857638 0.514254 0
    outer loop
      vertex 79.2221 50.275 9.9
      vertex 79.0972 50.0667 8
      vertex 79.0972 50.0667 9.9
    endloop
  endfacet
  facet normal 0.421485 0.568291 0.706679
    outer loop
      vertex 82.655 50.9579 9.9
      vertex 82.5329 50.4267 10.4
      vertex 82.8501 50.8132 9.9
    endloop
  endfacet
  facet normal -0.741038 0.671463 0
    outer loop
      vertex 79.3668 50.4701 8
      vertex 79.5299 50.6501 9.9
      vertex 79.5299 50.6501 8
    endloop
  endfacet
  facet normal -0.741038 0.671463 0
    outer loop
      vertex 79.5299 50.6501 9.9
      vertex 79.3668 50.4701 8
      vertex 79.3668 50.4701 9.9
    endloop
  endfacet
  facet normal 0.686356 -0.171807 0.706681
    outer loop
      vertex 83.7074 48.4172 9.9
      vertex 83.217 48.5147 10.4
      vertex 83.6484 48.1815 9.9
    endloop
  endfacet
  facet normal -0.302374 0.639704 0.706646
    outer loop
      vertex 80.3329 51.1866 9.9
      vertex 80.1133 51.0828 9.9
      vertex 80.5242 50.7247 10.4
    endloop
  endfacet
  facet normal -0.524276 0.475052 0.706725
    outer loop
      vertex 79.5299 50.6501 9.9
      vertex 79.3668 50.4701 9.9
      vertex 79.8835 50.2965 10.4
    endloop
  endfacet
  facet normal -0.427343 0.90409 0
    outer loop
      vertex 80.3329 51.1866 8
      vertex 80.1133 51.0828 9.9
      vertex 80.3329 51.1866 9.9
    endloop
  endfacet
  facet normal -0.427343 0.90409 0
    outer loop
      vertex 80.1133 51.0828 9.9
      vertex 80.3329 51.1866 8
      vertex 80.1133 51.0828 8
    endloop
  endfacet
  facet normal 0.104015 -0.699846 0.70668
    outer loop
      vertex 81.7628 46.4726 9.9
      vertex 81.4736 46.9345 10.4
      vertex 81.5226 46.4369 9.9
    endloop
  endfacet
  facet normal -0.514254 0.857638 0
    outer loop
      vertex 80.1133 51.0828 8
      vertex 79.905 50.9579 9.9
      vertex 80.1133 51.0828 9.9
    endloop
  endfacet
  facet normal -0.514254 0.857638 0
    outer loop
      vertex 79.905 50.9579 9.9
      vertex 80.1133 51.0828 8
      vertex 79.905 50.9579 8
    endloop
  endfacet
  facet normal -0.606789 -0.36384 0.706702
    outer loop
      vertex 79.5382 47.969 10.4
      vertex 79.0972 47.7333 9.9
      vertex 79.2221 47.525 9.9
    endloop
  endfacet
  facet normal -0.998799 -0.048993 0
    outer loop
      vertex 78.8169 48.6574 8
      vertex 78.805 48.9 9.9
      vertex 78.805 48.9 8
    endloop
  endfacet
  facet normal -0.998799 -0.048993 0
    outer loop
      vertex 78.805 48.9 9.9
      vertex 78.8169 48.6574 8
      vertex 78.8169 48.6574 9.9
    endloop
  endfacet
  facet normal 0.606824 -0.363803 0.706691
    outer loop
      vertex 83.0218 47.969 10.4
      vertex 82.9221 47.8027 10.4
      vertex 83.3379 47.525 9.9
    endloop
  endfacet
  facet normal 0.671463 0.741038 -0
    outer loop
      vertex 83.0301 50.6501 8
      vertex 82.8501 50.8132 9.9
      vertex 83.0301 50.6501 9.9
    endloop
  endfacet
  facet normal 0.671463 0.741038 0
    outer loop
      vertex 82.8501 50.8132 9.9
      vertex 83.0301 50.6501 8
      vertex 82.8501 50.8132 8
    endloop
  endfacet
  facet normal -0.103973 0.699851 0.706681
    outer loop
      vertex 81.0374 51.3631 9.9
      vertex 80.7971 51.3274 9.9
      vertex 81.0864 50.8655 10.4
    endloop
  endfacet
  facet normal -0.33691 0.941537 0
    outer loop
      vertex 80.5615 51.2684 8
      vertex 80.3329 51.1866 9.9
      vertex 80.5615 51.2684 9.9
    endloop
  endfacet
  facet normal -0.33691 0.941537 0
    outer loop
      vertex 80.3329 51.1866 9.9
      vertex 80.5615 51.2684 8
      vertex 80.3329 51.1866 8
    endloop
  endfacet
  facet normal -0.33691 -0.941537 0
    outer loop
      vertex 80.3329 46.6134 8
      vertex 80.5615 46.5316 9.9
      vertex 80.3329 46.6134 9.9
    endloop
  endfacet
  facet normal -0.33691 -0.941537 -0
    outer loop
      vertex 80.5615 46.5316 9.9
      vertex 80.3329 46.6134 8
      vertex 80.5615 46.5316 8
    endloop
  endfacet
  facet normal 0.59571 0.8032 -0
    outer loop
      vertex 82.8501 50.8132 8
      vertex 82.655 50.9579 9.9
      vertex 82.8501 50.8132 9.9
    endloop
  endfacet
  facet normal 0.59571 0.8032 0
    outer loop
      vertex 82.655 50.9579 9.9
      vertex 82.8501 50.8132 8
      vertex 82.655 50.9579 8
    endloop
  endfacet
  facet normal 0.568291 0.421485 0.706679
    outer loop
      vertex 83.1932 50.4701 9.9
      vertex 82.8067 50.1529 10.4
      vertex 83.3379 50.275 9.9
    endloop
  endfacet
  facet normal -0.59571 -0.8032 0
    outer loop
      vertex 79.7099 46.9868 8
      vertex 79.905 46.8421 9.9
      vertex 79.7099 46.9868 9.9
    endloop
  endfacet
  facet normal -0.59571 -0.8032 -0
    outer loop
      vertex 79.905 46.8421 9.9
      vertex 79.7099 46.9868 8
      vertex 79.905 46.8421 8
    endloop
  endfacet
  facet normal -0.103697 -0.699956 0.706618
    outer loop
      vertex 80.8947 46.9629 10.4
      vertex 80.7971 46.4726 9.9
      vertex 81.0864 46.9345 10.4
    endloop
  endfacet
  facet normal -0.524276 -0.475052 0.706725
    outer loop
      vertex 79.8835 47.5035 10.4
      vertex 79.3668 47.3299 9.9
      vertex 79.5299 47.1499 9.9
    endloop
  endfacet
  facet normal 0.699835 -0.104044 0.706687
    outer loop
      vertex 83.2455 48.7064 10.4
      vertex 83.217 48.5147 10.4
      vertex 83.7074 48.4172 9.9
    endloop
  endfacet
  facet normal 0.302374 -0.639704 0.706646
    outer loop
      vertex 82.4467 46.7172 9.9
      vertex 82.0358 47.0753 10.4
      vertex 82.2271 46.6134 9.9
    endloop
  endfacet
  facet normal -0.706679 -0.034664 0.706684
    outer loop
      vertex 79.3145 48.7064 10.4
      vertex 78.805 48.9 9.9
      vertex 78.8169 48.6574 9.9
    endloop
  endfacet
  facet normal -0.568264 0.421545 0.706665
    outer loop
      vertex 79.7533 50.1529 10.4
      vertex 79.2221 50.275 9.9
      vertex 79.6378 49.9972 10.4
    endloop
  endfacet
  facet normal -0.671463 0.741038 0
    outer loop
      vertex 79.7099 50.8132 8
      vertex 79.5299 50.6501 9.9
      vertex 79.7099 50.8132 9.9
    endloop
  endfacet
  facet normal -0.671463 0.741038 0
    outer loop
      vertex 79.5299 50.6501 9.9
      vertex 79.7099 50.8132 8
      vertex 79.5299 50.6501 8
    endloop
  endfacet
  facet normal 0.421748 0.568173 0.706618
    outer loop
      vertex 82.655 50.9579 9.9
      vertex 82.3773 50.5422 10.4
      vertex 82.5329 50.4267 10.4
    endloop
  endfacet
  facet normal 0.606789 -0.36384 0.706702
    outer loop
      vertex 83.4628 47.7333 9.9
      vertex 83.0218 47.969 10.4
      vertex 83.3379 47.525 9.9
    endloop
  endfacet
  facet normal 0.147011 0.989135 -0
    outer loop
      vertex 81.7628 51.3274 8
      vertex 81.5226 51.3631 9.9
      vertex 81.7628 51.3274 9.9
    endloop
  endfacet
  facet normal 0.147011 0.989135 0
    outer loop
      vertex 81.5226 51.3631 9.9
      vertex 81.7628 51.3274 8
      vertex 81.5226 51.3631 8
    endloop
  endfacet
  facet normal 0.941537 -0.33691 0
    outer loop
      vertex 83.5666 47.9529 9.9
      vertex 83.6484 48.1815 8
      vertex 83.6484 48.1815 9.9
    endloop
  endfacet
  facet normal 0.941537 -0.33691 0
    outer loop
      vertex 83.6484 48.1815 8
      vertex 83.5666 47.9529 9.9
      vertex 83.5666 47.9529 8
    endloop
  endfacet
  facet normal 0.8032 -0.59571 0
    outer loop
      vertex 83.1932 47.3299 9.9
      vertex 83.3379 47.525 8
      vertex 83.3379 47.525 9.9
    endloop
  endfacet
  facet normal 0.8032 -0.59571 0
    outer loop
      vertex 83.3379 47.525 8
      vertex 83.1932 47.3299 9.9
      vertex 83.1932 47.3299 8
    endloop
  endfacet
  facet normal -0.97007 -0.242826 0
    outer loop
      vertex 78.9116 48.1815 8
      vertex 78.8526 48.4172 9.9
      vertex 78.8526 48.4172 8
    endloop
  endfacet
  facet normal -0.97007 -0.242826 0
    outer loop
      vertex 78.8526 48.4172 9.9
      vertex 78.9116 48.1815 8
      vertex 78.9116 48.1815 9.9
    endloop
  endfacet
  facet normal -0.989135 -0.147011 0
    outer loop
      vertex 78.8526 48.4172 8
      vertex 78.8169 48.6574 9.9
      vertex 78.8169 48.6574 8
    endloop
  endfacet
  facet normal -0.989135 -0.147011 0
    outer loop
      vertex 78.8169 48.6574 9.9
      vertex 78.8526 48.4172 8
      vertex 78.8526 48.4172 9.9
    endloop
  endfacet
  facet normal 0.034677 -0.706682 0.706682
    outer loop
      vertex 81.28 46.925 10.4
      vertex 81.28 46.425 9.9
      vertex 81.4736 46.9345 10.4
    endloop
  endfacet
  facet normal 0.104015 0.699846 0.70668
    outer loop
      vertex 81.5226 51.3631 9.9
      vertex 81.4736 50.8655 10.4
      vertex 81.7628 51.3274 9.9
    endloop
  endfacet
  facet normal -0.8032 -0.59571 0
    outer loop
      vertex 79.3668 47.3299 8
      vertex 79.2221 47.525 9.9
      vertex 79.2221 47.525 8
    endloop
  endfacet
  facet normal -0.8032 -0.59571 0
    outer loop
      vertex 79.2221 47.525 9.9
      vertex 79.3668 47.3299 8
      vertex 79.3668 47.3299 9.9
    endloop
  endfacet
  facet normal -0.242923 0.970046 0
    outer loop
      vertex 80.7971 51.3274 8
      vertex 80.5615 51.2684 9.9
      vertex 80.7971 51.3274 9.9
    endloop
  endfacet
  facet normal -0.242923 0.970046 0
    outer loop
      vertex 80.5615 51.2684 9.9
      vertex 80.7971 51.3274 8
      vertex 80.5615 51.2684 8
    endloop
  endfacet
  facet normal -0.36384 0.606789 0.706702
    outer loop
      vertex 80.1133 51.0828 9.9
      vertex 79.905 50.9579 9.9
      vertex 80.349 50.6418 10.4
    endloop
  endfacet
  facet normal 0.568296 -0.421474 0.706682
    outer loop
      vertex 82.9221 47.8027 10.4
      vertex 82.8067 47.6471 10.4
      vertex 83.3379 47.525 9.9
    endloop
  endfacet
  facet normal -0.146951 0.989144 0
    outer loop
      vertex 81.0374 51.3631 8
      vertex 80.7971 51.3274 9.9
      vertex 81.0374 51.3631 9.9
    endloop
  endfacet
  facet normal -0.146951 0.989144 0
    outer loop
      vertex 80.7971 51.3274 9.9
      vertex 81.0374 51.3631 8
      vertex 80.7971 51.3274 8
    endloop
  endfacet
  facet normal -0.363569 0.607044 0.706622
    outer loop
      vertex 80.349 50.6418 10.4
      vertex 79.905 50.9579 9.9
      vertex 80.1827 50.5422 10.4
    endloop
  endfacet
  facet normal -0.666204 0.238373 0.706647
    outer loop
      vertex 79.4553 49.6558 10.4
      vertex 78.9116 49.6185 9.9
      vertex 79.39 49.4733 10.4
    endloop
  endfacet
  facet normal -0.238387 0.666202 0.706644
    outer loop
      vertex 80.5615 51.2684 9.9
      vertex 80.3329 51.1866 9.9
      vertex 80.5242 50.7247 10.4
    endloop
  endfacet
  facet normal -0.568291 0.421485 0.706679
    outer loop
      vertex 79.3668 50.4701 9.9
      vertex 79.2221 50.275 9.9
      vertex 79.7533 50.1529 10.4
    endloop
  endfacet
  facet normal 0.706679 -0.034664 0.706684
    outer loop
      vertex 83.755 48.9 9.9
      vertex 83.2455 48.7064 10.4
      vertex 83.7431 48.6574 9.9
    endloop
  endfacet
  facet normal 0.524162 -0.47525 0.706676
    outer loop
      vertex 82.8067 47.6471 10.4
      vertex 82.6765 47.5035 10.4
      vertex 83.1932 47.3299 9.9
    endloop
  endfacet
  facet normal 0.989135 0.147011 0
    outer loop
      vertex 83.7431 49.1426 9.9
      vertex 83.7074 49.3828 8
      vertex 83.7074 49.3828 9.9
    endloop
  endfacet
  facet normal 0.989135 0.147011 0
    outer loop
      vertex 83.7074 49.3828 8
      vertex 83.7431 49.1426 9.9
      vertex 83.7431 49.1426 8
    endloop
  endfacet
  facet normal 0.741038 0.671463 0
    outer loop
      vertex 83.1932 50.4701 9.9
      vertex 83.0301 50.6501 8
      vertex 83.0301 50.6501 9.9
    endloop
  endfacet
  facet normal 0.741038 0.671463 0
    outer loop
      vertex 83.0301 50.6501 8
      vertex 83.1932 50.4701 9.9
      vertex 83.1932 50.4701 8
    endloop
  endfacet
  facet normal -0.97007 0.242826 0
    outer loop
      vertex 78.8526 49.3828 8
      vertex 78.9116 49.6185 9.9
      vertex 78.9116 49.6185 8
    endloop
  endfacet
  facet normal -0.97007 0.242826 0
    outer loop
      vertex 78.9116 49.6185 9.9
      vertex 78.8526 49.3828 8
      vertex 78.8526 49.3828 9.9
    endloop
  endfacet
  facet normal -0.666202 -0.238387 0.706644
    outer loop
      vertex 79.4553 48.1442 10.4
      vertex 78.9116 48.1815 9.9
      vertex 78.9934 47.9529 9.9
    endloop
  endfacet
  facet normal 0.59571 -0.8032 0
    outer loop
      vertex 82.655 46.8421 8
      vertex 82.8501 46.9868 9.9
      vertex 82.655 46.8421 9.9
    endloop
  endfacet
  facet normal 0.59571 -0.8032 0
    outer loop
      vertex 82.8501 46.9868 9.9
      vertex 82.655 46.8421 8
      vertex 82.8501 46.9868 8
    endloop
  endfacet
  facet normal -0.699966 -0.103699 0.706608
    outer loop
      vertex 79.3145 48.7064 10.4
      vertex 78.8526 48.4172 9.9
      vertex 79.3429 48.5147 10.4
    endloop
  endfacet
  facet normal 0.699835 0.104044 0.706687
    outer loop
      vertex 83.7074 49.3828 9.9
      vertex 83.217 49.2853 10.4
      vertex 83.2455 49.0936 10.4
    endloop
  endfacet
  facet normal -0.686423 -0.171824 0.706612
    outer loop
      vertex 79.3429 48.5147 10.4
      vertex 78.8526 48.4172 9.9
      vertex 78.9116 48.1815 9.9
    endloop
  endfacet
  facet normal 0.97007 0.242826 0
    outer loop
      vertex 83.7074 49.3828 9.9
      vertex 83.6484 49.6185 8
      vertex 83.6484 49.6185 9.9
    endloop
  endfacet
  facet normal 0.97007 0.242826 0
    outer loop
      vertex 83.6484 49.6185 8
      vertex 83.7074 49.3828 9.9
      vertex 83.7074 49.3828 8
    endloop
  endfacet
  facet normal 0.048993 0.998799 -0
    outer loop
      vertex 81.5226 51.3631 8
      vertex 81.28 51.375 9.9
      vertex 81.5226 51.3631 9.9
    endloop
  endfacet
  facet normal 0.048993 0.998799 0
    outer loop
      vertex 81.28 51.375 9.9
      vertex 81.5226 51.3631 8
      vertex 81.28 51.375 8
    endloop
  endfacet
  facet normal -0.034677 0.706682 0.706682
    outer loop
      vertex 81.28 51.375 9.9
      vertex 81.0864 50.8655 10.4
      vertex 81.28 50.875 10.4
    endloop
  endfacet
  facet normal 0.363569 -0.607044 0.706622
    outer loop
      vertex 82.3773 47.2578 10.4
      vertex 82.211 47.1582 10.4
      vertex 82.655 46.8421 9.9
    endloop
  endfacet
  facet normal 0.8032 0.59571 0
    outer loop
      vertex 83.3379 50.275 9.9
      vertex 83.1932 50.4701 8
      vertex 83.1932 50.4701 9.9
    endloop
  endfacet
  facet normal 0.8032 0.59571 0
    outer loop
      vertex 83.1932 50.4701 8
      vertex 83.3379 50.275 9.9
      vertex 83.3379 50.275 8
    endloop
  endfacet
  facet normal 0.741038 -0.671463 0
    outer loop
      vertex 83.0301 47.1499 9.9
      vertex 83.1932 47.3299 8
      vertex 83.1932 47.3299 9.9
    endloop
  endfacet
  facet normal 0.741038 -0.671463 0
    outer loop
      vertex 83.1932 47.3299 8
      vertex 83.0301 47.1499 9.9
      vertex 83.0301 47.1499 8
    endloop
  endfacet
  facet normal -0.8032 0.59571 0
    outer loop
      vertex 79.2221 50.275 8
      vertex 79.3668 50.4701 9.9
      vertex 79.3668 50.4701 8
    endloop
  endfacet
  facet normal -0.8032 0.59571 0
    outer loop
      vertex 79.3668 50.4701 9.9
      vertex 79.2221 50.275 8
      vertex 79.2221 50.275 9.9
    endloop
  endfacet
  facet normal -0.103973 -0.699851 0.706681
    outer loop
      vertex 81.0864 46.9345 10.4
      vertex 80.7971 46.4726 9.9
      vertex 81.0374 46.4369 9.9
    endloop
  endfacet
  facet normal 0.171824 -0.686423 0.706612
    outer loop
      vertex 81.9985 46.5316 9.9
      vertex 81.6653 46.9629 10.4
      vertex 81.7628 46.4726 9.9
    endloop
  endfacet
  facet normal 0.989135 -0.147011 0
    outer loop
      vertex 83.7074 48.4172 9.9
      vertex 83.7431 48.6574 8
      vertex 83.7431 48.6574 9.9
    endloop
  endfacet
  facet normal 0.989135 -0.147011 0
    outer loop
      vertex 83.7431 48.6574 8
      vertex 83.7074 48.4172 9.9
      vertex 83.7074 48.4172 8
    endloop
  endfacet
  facet normal -0.302374 -0.639704 0.706646
    outer loop
      vertex 80.5242 47.0753 10.4
      vertex 80.1133 46.7172 9.9
      vertex 80.3329 46.6134 9.9
    endloop
  endfacet
  facet normal -0.666204 -0.238373 0.706647
    outer loop
      vertex 79.39 48.3267 10.4
      vertex 78.9116 48.1815 9.9
      vertex 79.4553 48.1442 10.4
    endloop
  endfacet
  facet normal -0.034677 -0.706682 0.706682
    outer loop
      vertex 81.28 46.925 10.4
      vertex 81.0864 46.9345 10.4
      vertex 81.28 46.425 9.9
    endloop
  endfacet
  facet normal -0.90409 -0.427343 0
    outer loop
      vertex 79.0972 47.7333 8
      vertex 78.9934 47.9529 9.9
      vertex 78.9934 47.9529 8
    endloop
  endfacet
  facet normal -0.90409 -0.427343 0
    outer loop
      vertex 78.9934 47.9529 9.9
      vertex 79.0972 47.7333 8
      vertex 79.0972 47.7333 9.9
    endloop
  endfacet
  facet normal -0.706679 0.034664 0.706684
    outer loop
      vertex 78.8169 49.1426 9.9
      vertex 78.805 48.9 9.9
      vertex 79.3145 49.0936 10.4
    endloop
  endfacet
  facet normal -0.363569 -0.607044 0.706622
    outer loop
      vertex 80.1827 47.2578 10.4
      vertex 79.905 46.8421 9.9
      vertex 80.349 47.1582 10.4
    endloop
  endfacet
  facet normal -0.524162 0.47525 0.706676
    outer loop
      vertex 79.8835 50.2965 10.4
      vertex 79.3668 50.4701 9.9
      vertex 79.7533 50.1529 10.4
    endloop
  endfacet
  facet normal 0.998799 -0.048993 0
    outer loop
      vertex 83.7431 48.6574 9.9
      vertex 83.755 48.9 8
      vertex 83.755 48.9 9.9
    endloop
  endfacet
  facet normal 0.998799 -0.048993 0
    outer loop
      vertex 83.755 48.9 8
      vertex 83.7431 48.6574 9.9
      vertex 83.7431 48.6574 8
    endloop
  endfacet
  facet normal -0.941537 -0.33691 0
    outer loop
      vertex 78.9934 47.9529 8
      vertex 78.9116 48.1815 9.9
      vertex 78.9116 48.1815 8
    endloop
  endfacet
  facet normal -0.941537 -0.33691 0
    outer loop
      vertex 78.9116 48.1815 9.9
      vertex 78.9934 47.9529 8
      vertex 78.9934 47.9529 9.9
    endloop
  endfacet
  facet normal -0.741038 -0.671463 0
    outer loop
      vertex 79.5299 47.1499 8
      vertex 79.3668 47.3299 9.9
      vertex 79.3668 47.3299 8
    endloop
  endfacet
  facet normal -0.741038 -0.671463 0
    outer loop
      vertex 79.3668 47.3299 9.9
      vertex 79.5299 47.1499 8
      vertex 79.5299 47.1499 9.9
    endloop
  endfacet
  facet normal -0.171889 0.686391 0.706627
    outer loop
      vertex 80.7971 51.3274 9.9
      vertex 80.5615 51.2684 9.9
      vertex 80.8947 50.8371 10.4
    endloop
  endfacet
  facet normal 0.639704 -0.302374 0.706646
    outer loop
      vertex 83.5666 47.9529 9.9
      vertex 83.1047 48.1442 10.4
      vertex 83.4628 47.7333 9.9
    endloop
  endfacet
  facet normal 0.97007 -0.242826 0
    outer loop
      vertex 83.6484 48.1815 9.9
      vertex 83.7074 48.4172 8
      vertex 83.7074 48.4172 9.9
    endloop
  endfacet
  facet normal 0.97007 -0.242826 0
    outer loop
      vertex 83.7074 48.4172 8
      vertex 83.6484 48.1815 9.9
      vertex 83.6484 48.1815 8
    endloop
  endfacet
  facet normal 0.671463 -0.741038 0
    outer loop
      vertex 82.8501 46.9868 8
      vertex 83.0301 47.1499 9.9
      vertex 82.8501 46.9868 9.9
    endloop
  endfacet
  facet normal 0.671463 -0.741038 0
    outer loop
      vertex 83.0301 47.1499 9.9
      vertex 82.8501 46.9868 8
      vertex 83.0301 47.1499 8
    endloop
  endfacet
  facet normal 0.427343 -0.90409 0
    outer loop
      vertex 82.2271 46.6134 8
      vertex 82.4467 46.7172 9.9
      vertex 82.2271 46.6134 9.9
    endloop
  endfacet
  facet normal 0.427343 -0.90409 0
    outer loop
      vertex 82.4467 46.7172 9.9
      vertex 82.2271 46.6134 8
      vertex 82.4467 46.7172 8
    endloop
  endfacet
  facet normal 0.568291 -0.421485 0.706679
    outer loop
      vertex 83.3379 47.525 9.9
      vertex 82.8067 47.6471 10.4
      vertex 83.1932 47.3299 9.9
    endloop
  endfacet
  facet normal 0.90409 -0.427343 0
    outer loop
      vertex 83.4628 47.7333 9.9
      vertex 83.5666 47.9529 8
      vertex 83.5666 47.9529 9.9
    endloop
  endfacet
  facet normal 0.90409 -0.427343 0
    outer loop
      vertex 83.5666 47.9529 8
      vertex 83.4628 47.7333 9.9
      vertex 83.4628 47.7333 8
    endloop
  endfacet
  facet normal -0.941537 0.33691 0
    outer loop
      vertex 78.9116 49.6185 8
      vertex 78.9934 49.8471 9.9
      vertex 78.9934 49.8471 8
    endloop
  endfacet
  facet normal -0.941537 0.33691 0
    outer loop
      vertex 78.9934 49.8471 9.9
      vertex 78.9116 49.6185 8
      vertex 78.9116 49.6185 9.9
    endloop
  endfacet
  facet normal -0.421485 -0.568291 0.706679
    outer loop
      vertex 80.0271 47.3733 10.4
      vertex 79.7099 46.9868 9.9
      vertex 79.905 46.8421 9.9
    endloop
  endfacet
  facet normal -0.699846 -0.104015 0.70668
    outer loop
      vertex 79.3145 48.7064 10.4
      vertex 78.8169 48.6574 9.9
      vertex 78.8526 48.4172 9.9
    endloop
  endfacet
  facet normal 0.034664 0.706679 0.706684
    outer loop
      vertex 81.5226 51.3631 9.9
      vertex 81.28 51.375 9.9
      vertex 81.4736 50.8655 10.4
    endloop
  endfacet
  facet normal -0.686358 -0.171955 0.706643
    outer loop
      vertex 79.3429 48.5147 10.4
      vertex 78.9116 48.1815 9.9
      vertex 79.39 48.3267 10.4
    endloop
  endfacet
  facet normal -0.90409 0.427343 0
    outer loop
      vertex 78.9934 49.8471 8
      vertex 79.0972 50.0667 9.9
      vertex 79.0972 50.0667 8
    endloop
  endfacet
  facet normal -0.90409 0.427343 0
    outer loop
      vertex 79.0972 50.0667 9.9
      vertex 78.9934 49.8471 8
      vertex 78.9934 49.8471 9.9
    endloop
  endfacet
  facet normal 0.514254 -0.857638 0
    outer loop
      vertex 82.4467 46.7172 8
      vertex 82.655 46.8421 9.9
      vertex 82.4467 46.7172 9.9
    endloop
  endfacet
  facet normal 0.514254 -0.857638 0
    outer loop
      vertex 82.655 46.8421 9.9
      vertex 82.4467 46.7172 8
      vertex 82.655 46.8421 8
    endloop
  endfacet
  facet normal -0.475052 -0.524276 0.706725
    outer loop
      vertex 79.8835 47.5035 10.4
      vertex 79.5299 47.1499 9.9
      vertex 79.7099 46.9868 9.9
    endloop
  endfacet
  facet normal 0.90409 0.427343 0
    outer loop
      vertex 83.5666 49.8471 9.9
      vertex 83.4628 50.0667 8
      vertex 83.4628 50.0667 9.9
    endloop
  endfacet
  facet normal 0.90409 0.427343 0
    outer loop
      vertex 83.4628 50.0667 8
      vertex 83.5666 49.8471 9.9
      vertex 83.5666 49.8471 8
    endloop
  endfacet
  facet normal -0.857638 -0.514254 0
    outer loop
      vertex 79.2221 47.525 8
      vertex 79.0972 47.7333 9.9
      vertex 79.0972 47.7333 8
    endloop
  endfacet
  facet normal -0.857638 -0.514254 0
    outer loop
      vertex 79.0972 47.7333 9.9
      vertex 79.2221 47.525 8
      vertex 79.2221 47.525 9.9
    endloop
  endfacet
  facet normal -0.706682 -0.034677 0.706682
    outer loop
      vertex 79.305 48.9 10.4
      vertex 78.805 48.9 9.9
      vertex 79.3145 48.7064 10.4
    endloop
  endfacet
  facet normal -0.686423 0.171824 0.706612
    outer loop
      vertex 78.9116 49.6185 9.9
      vertex 78.8526 49.3828 9.9
      vertex 79.3429 49.2853 10.4
    endloop
  endfacet
  facet normal 0.666204 0.238373 0.706647
    outer loop
      vertex 83.6484 49.6185 9.9
      vertex 83.1047 49.6558 10.4
      vertex 83.17 49.4733 10.4
    endloop
  endfacet
  facet normal -0.475052 0.524276 0.706725
    outer loop
      vertex 79.7099 50.8132 9.9
      vertex 79.5299 50.6501 9.9
      vertex 79.8835 50.2965 10.4
    endloop
  endfacet
  facet normal 0.171955 0.686358 0.706643
    outer loop
      vertex 81.9985 51.2684 9.9
      vertex 81.6653 50.8371 10.4
      vertex 81.8533 50.79 10.4
    endloop
  endfacet
  facet normal 0.475052 0.524276 0.706725
    outer loop
      vertex 82.8501 50.8132 9.9
      vertex 82.6765 50.2965 10.4
      vertex 83.0301 50.6501 9.9
    endloop
  endfacet
  facet normal 0.171955 -0.686358 0.706643
    outer loop
      vertex 81.8533 47.01 10.4
      vertex 81.6653 46.9629 10.4
      vertex 81.9985 46.5316 9.9
    endloop
  endfacet
  facet normal -0.524162 -0.47525 0.706676
    outer loop
      vertex 79.7533 47.6471 10.4
      vertex 79.3668 47.3299 9.9
      vertex 79.8835 47.5035 10.4
    endloop
  endfacet
  facet normal 0.302606 -0.639525 0.706709
    outer loop
      vertex 82.211 47.1582 10.4
      vertex 82.0358 47.0753 10.4
      vertex 82.4467 46.7172 9.9
    endloop
  endfacet
  facet normal -0.47525 0.524162 0.706676
    outer loop
      vertex 80.0271 50.4267 10.4
      vertex 79.7099 50.8132 9.9
      vertex 79.8835 50.2965 10.4
    endloop
  endfacet
  facet normal 0.421748 -0.568173 0.706618
    outer loop
      vertex 82.5329 47.3733 10.4
      vertex 82.3773 47.2578 10.4
      vertex 82.655 46.8421 9.9
    endloop
  endfacet
  facet normal -0.421485 0.568291 0.706679
    outer loop
      vertex 79.905 50.9579 9.9
      vertex 79.7099 50.8132 9.9
      vertex 80.0271 50.4267 10.4
    endloop
  endfacet
  facet normal 0.706682 -0.034677 0.706682
    outer loop
      vertex 83.255 48.9 10.4
      vertex 83.2455 48.7064 10.4
      vertex 83.755 48.9 9.9
    endloop
  endfacet
  facet normal -0.568291 -0.421485 0.706679
    outer loop
      vertex 79.7533 47.6471 10.4
      vertex 79.2221 47.525 9.9
      vertex 79.3668 47.3299 9.9
    endloop
  endfacet
  facet normal -0.421748 -0.568173 0.706618
    outer loop
      vertex 80.0271 47.3733 10.4
      vertex 79.905 46.8421 9.9
      vertex 80.1827 47.2578 10.4
    endloop
  endfacet
  facet normal -0.36384 -0.606789 0.706702
    outer loop
      vertex 80.349 47.1582 10.4
      vertex 79.905 46.8421 9.9
      vertex 80.1133 46.7172 9.9
    endloop
  endfacet
  facet normal 0.524276 -0.475052 0.706725
    outer loop
      vertex 83.1932 47.3299 9.9
      vertex 82.6765 47.5035 10.4
      vertex 83.0301 47.1499 9.9
    endloop
  endfacet
  facet normal 0.639525 -0.302606 0.706709
    outer loop
      vertex 83.1047 48.1442 10.4
      vertex 83.0218 47.969 10.4
      vertex 83.4628 47.7333 9.9
    endloop
  endfacet
  facet normal -0.686358 0.171955 0.706643
    outer loop
      vertex 79.39 49.4733 10.4
      vertex 78.9116 49.6185 9.9
      vertex 79.3429 49.2853 10.4
    endloop
  endfacet
  facet normal -0.171889 -0.686391 0.706627
    outer loop
      vertex 80.8947 46.9629 10.4
      vertex 80.5615 46.5316 9.9
      vertex 80.7971 46.4726 9.9
    endloop
  endfacet
  facet normal -0.302606 -0.639525 0.706709
    outer loop
      vertex 80.349 47.1582 10.4
      vertex 80.1133 46.7172 9.9
      vertex 80.5242 47.0753 10.4
    endloop
  endfacet
  facet normal 0.706679 0.034664 0.706684
    outer loop
      vertex 83.7431 49.1426 9.9
      vertex 83.2455 49.0936 10.4
      vertex 83.755 48.9 9.9
    endloop
  endfacet
  facet normal 0.242826 0.97007 -0
    outer loop
      vertex 81.9985 51.2684 8
      vertex 81.7628 51.3274 9.9
      vertex 81.9985 51.2684 9.9
    endloop
  endfacet
  facet normal 0.242826 0.97007 0
    outer loop
      vertex 81.7628 51.3274 9.9
      vertex 81.9985 51.2684 8
      vertex 81.7628 51.3274 8
    endloop
  endfacet
  facet normal 0.514254 0.857638 -0
    outer loop
      vertex 82.655 50.9579 8
      vertex 82.4467 51.0828 9.9
      vertex 82.655 50.9579 9.9
    endloop
  endfacet
  facet normal 0.514254 0.857638 0
    outer loop
      vertex 82.4467 51.0828 9.9
      vertex 82.655 50.9579 8
      vertex 82.4467 51.0828 8
    endloop
  endfacet
  facet normal -0.606789 0.36384 0.706702
    outer loop
      vertex 79.2221 50.275 9.9
      vertex 79.0972 50.0667 9.9
      vertex 79.5382 49.831 10.4
    endloop
  endfacet
  facet normal 0.524276 0.475052 0.706725
    outer loop
      vertex 83.0301 50.6501 9.9
      vertex 82.6765 50.2965 10.4
      vertex 83.1932 50.4701 9.9
    endloop
  endfacet
  facet normal -0.607044 -0.363569 0.706622
    outer loop
      vertex 79.5382 47.969 10.4
      vertex 79.2221 47.525 9.9
      vertex 79.6378 47.8027 10.4
    endloop
  endfacet
  facet normal 0.034677 0.706682 0.706682
    outer loop
      vertex 81.28 51.375 9.9
      vertex 81.28 50.875 10.4
      vertex 81.4736 50.8655 10.4
    endloop
  endfacet
  facet normal 0.363569 0.607044 0.706622
    outer loop
      vertex 82.655 50.9579 9.9
      vertex 82.211 50.6418 10.4
      vertex 82.3773 50.5422 10.4
    endloop
  endfacet
  facet normal -0.514254 -0.857638 0
    outer loop
      vertex 79.905 46.8421 8
      vertex 80.1133 46.7172 9.9
      vertex 79.905 46.8421 9.9
    endloop
  endfacet
  facet normal -0.514254 -0.857638 -0
    outer loop
      vertex 80.1133 46.7172 9.9
      vertex 79.905 46.8421 8
      vertex 80.1133 46.7172 8
    endloop
  endfacet
  facet normal -0.568173 -0.421748 0.706618
    outer loop
      vertex 79.6378 47.8027 10.4
      vertex 79.2221 47.525 9.9
      vertex 79.7533 47.6471 10.4
    endloop
  endfacet
  facet normal -0.421748 0.568173 0.706618
    outer loop
      vertex 80.1827 50.5422 10.4
      vertex 79.905 50.9579 9.9
      vertex 80.0271 50.4267 10.4
    endloop
  endfacet
  facet normal -0.639525 -0.302606 0.706709
    outer loop
      vertex 79.4553 48.1442 10.4
      vertex 79.0972 47.7333 9.9
      vertex 79.5382 47.969 10.4
    endloop
  endfacet
  facet normal -0.639704 -0.302374 0.706646
    outer loop
      vertex 79.4553 48.1442 10.4
      vertex 78.9934 47.9529 9.9
      vertex 79.0972 47.7333 9.9
    endloop
  endfacet
  facet normal -0.706682 0.034677 0.706682
    outer loop
      vertex 79.3145 49.0936 10.4
      vertex 78.805 48.9 9.9
      vertex 79.305 48.9 10.4
    endloop
  endfacet
  facet normal -0.699846 0.104015 0.70668
    outer loop
      vertex 78.8526 49.3828 9.9
      vertex 78.8169 49.1426 9.9
      vertex 79.3145 49.0936 10.4
    endloop
  endfacet
  facet normal 0.302374 0.639704 0.706646
    outer loop
      vertex 82.2271 51.1866 9.9
      vertex 82.0358 50.7247 10.4
      vertex 82.4467 51.0828 9.9
    endloop
  endfacet
  facet normal 0 0 1
    outer loop
      vertex 83.2455 49.0936 10.4
      vertex 83.2455 48.7064 10.4
      vertex 83.255 48.9 10.4
    endloop
  endfacet
  facet normal 0 0 1
    outer loop
      vertex 83.217 49.2853 10.4
      vertex 83.2455 48.7064 10.4
      vertex 83.2455 49.0936 10.4
    endloop
  endfacet
  facet normal 0 0 1
    outer loop
      vertex 83.217 49.2853 10.4
      vertex 83.217 48.5147 10.4
      vertex 83.2455 48.7064 10.4
    endloop
  endfacet
  facet normal 0 0 1
    outer loop
      vertex 83.17 49.4733 10.4
      vertex 83.217 48.5147 10.4
      vertex 83.217 49.2853 10.4
    endloop
  endfacet
  facet normal 0 0 1
    outer loop
      vertex 83.17 49.4733 10.4
      vertex 83.17 48.3267 10.4
      vertex 83.217 48.5147 10.4
    endloop
  endfacet
  facet normal 0 0 1
    outer loop
      vertex 83.1047 49.6558 10.4
      vertex 83.17 48.3267 10.4
      vertex 83.17 49.4733 10.4
    endloop
  endfacet
  facet normal 0 0 1
    outer loop
      vertex 83.1047 49.6558 10.4
      vertex 83.1047 48.1442 10.4
      vertex 83.17 48.3267 10.4
    endloop
  endfacet
  facet normal 0 0 1
    outer loop
      vertex 83.0218 49.831 10.4
      vertex 83.1047 48.1442 10.4
      vertex 83.1047 49.6558 10.4
    endloop
  endfacet
  facet normal 0 0 1
    outer loop
      vertex 83.0218 49.831 10.4
      vertex 83.0218 47.969 10.4
      vertex 83.1047 48.1442 10.4
    endloop
  endfacet
  facet normal 0 0 1
    outer loop
      vertex 82.9221 49.9972 10.4
      vertex 83.0218 47.969 10.4
      vertex 83.0218 49.831 10.4
    endloop
  endfacet
  facet normal 0 0 1
    outer loop
      vertex 82.9221 49.9972 10.4
      vertex 82.9221 47.8027 10.4
      vertex 83.0218 47.969 10.4
    endloop
  endfacet
  facet normal 0 0 1
    outer loop
      vertex 82.8067 50.1529 10.4
      vertex 82.9221 47.8027 10.4
      vertex 82.9221 49.9972 10.4
    endloop
  endfacet
  facet normal 0 0 1
    outer loop
      vertex 82.8067 50.1529 10.4
      vertex 82.8067 47.6471 10.4
      vertex 82.9221 47.8027 10.4
    endloop
  endfacet
  facet normal 0 0 1
    outer loop
      vertex 82.6765 50.2965 10.4
      vertex 82.8067 47.6471 10.4
      vertex 82.8067 50.1529 10.4
    endloop
  endfacet
  facet normal 0 0 1
    outer loop
      vertex 82.6765 50.2965 10.4
      vertex 82.6765 47.5035 10.4
      vertex 82.8067 47.6471 10.4
    endloop
  endfacet
  facet normal 0 0 1
    outer loop
      vertex 82.5329 50.4267 10.4
      vertex 82.6765 47.5035 10.4
      vertex 82.6765 50.2965 10.4
    endloop
  endfacet
  facet normal 0 0 1
    outer loop
      vertex 82.5329 50.4267 10.4
      vertex 82.5329 47.3733 10.4
      vertex 82.6765 47.5035 10.4
    endloop
  endfacet
  facet normal 0 0 1
    outer loop
      vertex 82.3773 50.5422 10.4
      vertex 82.5329 47.3733 10.4
      vertex 82.5329 50.4267 10.4
    endloop
  endfacet
  facet normal 0 0 1
    outer loop
      vertex 82.3773 50.5422 10.4
      vertex 82.3773 47.2578 10.4
      vertex 82.5329 47.3733 10.4
    endloop
  endfacet
  facet normal 0 0 1
    outer loop
      vertex 82.211 50.6418 10.4
      vertex 82.3773 47.2578 10.4
      vertex 82.3773 50.5422 10.4
    endloop
  endfacet
  facet normal 0 0 1
    outer loop
      vertex 82.211 50.6418 10.4
      vertex 82.211 47.1582 10.4
      vertex 82.3773 47.2578 10.4
    endloop
  endfacet
  facet normal 0 0 1
    outer loop
      vertex 82.0358 50.7247 10.4
      vertex 82.211 47.1582 10.4
      vertex 82.211 50.6418 10.4
    endloop
  endfacet
  facet normal 0 0 1
    outer loop
      vertex 82.0358 50.7247 10.4
      vertex 82.0358 47.0753 10.4
      vertex 82.211 47.1582 10.4
    endloop
  endfacet
  facet normal 0 0 1
    outer loop
      vertex 81.8533 50.79 10.4
      vertex 82.0358 47.0753 10.4
      vertex 82.0358 50.7247 10.4
    endloop
  endfacet
  facet normal 0 0 1
    outer loop
      vertex 81.8533 50.79 10.4
      vertex 81.8533 47.01 10.4
      vertex 82.0358 47.0753 10.4
    endloop
  endfacet
  facet normal 0 0 1
    outer loop
      vertex 81.6653 50.8371 10.4
      vertex 81.8533 47.01 10.4
      vertex 81.8533 50.79 10.4
    endloop
  endfacet
  facet normal 0 0 1
    outer loop
      vertex 81.6653 50.8371 10.4
      vertex 81.6653 46.9629 10.4
      vertex 81.8533 47.01 10.4
    endloop
  endfacet
  facet normal 0 0 1
    outer loop
      vertex 81.4736 50.8655 10.4
      vertex 81.6653 46.9629 10.4
      vertex 81.6653 50.8371 10.4
    endloop
  endfacet
  facet normal 0 0 1
    outer loop
      vertex 81.4736 50.8655 10.4
      vertex 81.4736 46.9345 10.4
      vertex 81.6653 46.9629 10.4
    endloop
  endfacet
  facet normal 0 0 1
    outer loop
      vertex 81.28 50.875 10.4
      vertex 81.4736 46.9345 10.4
      vertex 81.4736 50.8655 10.4
    endloop
  endfacet
  facet normal 0 0 1
    outer loop
      vertex 81.28 50.875 10.4
      vertex 81.28 46.925 10.4
      vertex 81.4736 46.9345 10.4
    endloop
  endfacet
  facet normal -0 0 1
    outer loop
      vertex 81.0864 50.8655 10.4
      vertex 81.28 46.925 10.4
      vertex 81.28 50.875 10.4
    endloop
  endfacet
  facet normal 0 0 1
    outer loop
      vertex 81.0864 50.8655 10.4
      vertex 81.0864 46.9345 10.4
      vertex 81.28 46.925 10.4
    endloop
  endfacet
  facet normal -0 0 1
    outer loop
      vertex 80.8947 50.8371 10.4
      vertex 81.0864 46.9345 10.4
      vertex 81.0864 50.8655 10.4
    endloop
  endfacet
  facet normal 0 0 1
    outer loop
      vertex 80.8947 50.8371 10.4
      vertex 80.8947 46.9629 10.4
      vertex 81.0864 46.9345 10.4
    endloop
  endfacet
  facet normal -0 0 1
    outer loop
      vertex 80.7067 50.79 10.4
      vertex 80.8947 46.9629 10.4
      vertex 80.8947 50.8371 10.4
    endloop
  endfacet
  facet normal 0 0 1
    outer loop
      vertex 80.7067 50.79 10.4
      vertex 80.7067 47.01 10.4
      vertex 80.8947 46.9629 10.4
    endloop
  endfacet
  facet normal -0 0 1
    outer loop
      vertex 80.5242 50.7247 10.4
      vertex 80.7067 47.01 10.4
      vertex 80.7067 50.79 10.4
    endloop
  endfacet
  facet normal 0 0 1
    outer loop
      vertex 80.5242 50.7247 10.4
      vertex 80.5242 47.0753 10.4
      vertex 80.7067 47.01 10.4
    endloop
  endfacet
  facet normal -0 0 1
    outer loop
      vertex 80.349 50.6418 10.4
      vertex 80.5242 47.0753 10.4
      vertex 80.5242 50.7247 10.4
    endloop
  endfacet
  facet normal 0 0 1
    outer loop
      vertex 80.349 50.6418 10.4
      vertex 80.349 47.1582 10.4
      vertex 80.5242 47.0753 10.4
    endloop
  endfacet
  facet normal -0 0 1
    outer loop
      vertex 80.1827 50.5422 10.4
      vertex 80.349 47.1582 10.4
      vertex 80.349 50.6418 10.4
    endloop
  endfacet
  facet normal 0 0 1
    outer loop
      vertex 80.1827 50.5422 10.4
      vertex 80.1827 47.2578 10.4
      vertex 80.349 47.1582 10.4
    endloop
  endfacet
  facet normal -0 0 1
    outer loop
      vertex 80.0271 50.4267 10.4
      vertex 80.1827 47.2578 10.4
      vertex 80.1827 50.5422 10.4
    endloop
  endfacet
  facet normal 0 0 1
    outer loop
      vertex 80.0271 50.4267 10.4
      vertex 80.0271 47.3733 10.4
      vertex 80.1827 47.2578 10.4
    endloop
  endfacet
  facet normal -0 0 1
    outer loop
      vertex 79.8835 50.2965 10.4
      vertex 80.0271 47.3733 10.4
      vertex 80.0271 50.4267 10.4
    endloop
  endfacet
  facet normal 0 0 1
    outer loop
      vertex 79.8835 50.2965 10.4
      vertex 79.8835 47.5035 10.4
      vertex 80.0271 47.3733 10.4
    endloop
  endfacet
  facet normal -0 0 1
    outer loop
      vertex 79.7533 50.1529 10.4
      vertex 79.8835 47.5035 10.4
      vertex 79.8835 50.2965 10.4
    endloop
  endfacet
  facet normal 0 0 1
    outer loop
      vertex 79.7533 50.1529 10.4
      vertex 79.7533 47.6471 10.4
      vertex 79.8835 47.5035 10.4
    endloop
  endfacet
  facet normal -0 0 1
    outer loop
      vertex 79.6378 49.9972 10.4
      vertex 79.7533 47.6471 10.4
      vertex 79.7533 50.1529 10.4
    endloop
  endfacet
  facet normal 0 0 1
    outer loop
      vertex 79.6378 49.9972 10.4
      vertex 79.6378 47.8027 10.4
      vertex 79.7533 47.6471 10.4
    endloop
  endfacet
  facet normal -0 0 1
    outer loop
      vertex 79.5382 49.831 10.4
      vertex 79.6378 47.8027 10.4
      vertex 79.6378 49.9972 10.4
    endloop
  endfacet
  facet normal 0 0 1
    outer loop
      vertex 79.5382 49.831 10.4
      vertex 79.5382 47.969 10.4
      vertex 79.6378 47.8027 10.4
    endloop
  endfacet
  facet normal -0 0 1
    outer loop
      vertex 79.4553 49.6558 10.4
      vertex 79.5382 47.969 10.4
      vertex 79.5382 49.831 10.4
    endloop
  endfacet
  facet normal 0 0 1
    outer loop
      vertex 79.4553 49.6558 10.4
      vertex 79.4553 48.1442 10.4
      vertex 79.5382 47.969 10.4
    endloop
  endfacet
  facet normal -0 0 1
    outer loop
      vertex 79.39 49.4733 10.4
      vertex 79.4553 48.1442 10.4
      vertex 79.4553 49.6558 10.4
    endloop
  endfacet
  facet normal 0 0 1
    outer loop
      vertex 79.39 49.4733 10.4
      vertex 79.39 48.3267 10.4
      vertex 79.4553 48.1442 10.4
    endloop
  endfacet
  facet normal -0 0 1
    outer loop
      vertex 79.3429 49.2853 10.4
      vertex 79.39 48.3267 10.4
      vertex 79.39 49.4733 10.4
    endloop
  endfacet
  facet normal 0 0 1
    outer loop
      vertex 79.3429 49.2853 10.4
      vertex 79.3429 48.5147 10.4
      vertex 79.39 48.3267 10.4
    endloop
  endfacet
  facet normal -0 0 1
    outer loop
      vertex 79.3145 49.0936 10.4
      vertex 79.3429 48.5147 10.4
      vertex 79.3429 49.2853 10.4
    endloop
  endfacet
  facet normal 0 0 1
    outer loop
      vertex 79.3145 49.0936 10.4
      vertex 79.3145 48.7064 10.4
      vertex 79.3429 48.5147 10.4
    endloop
  endfacet
  facet normal 0 -0 1
    outer loop
      vertex 79.3145 48.7064 10.4
      vertex 79.3145 49.0936 10.4
      vertex 79.305 48.9 10.4
    endloop
  endfacet
  facet normal -0.639525 0.302606 0.706709
    outer loop
      vertex 79.5382 49.831 10.4
      vertex 79.0972 50.0667 9.9
      vertex 79.4553 49.6558 10.4
    endloop
  endfacet
  facet normal 0.699846 0.104015 0.70668
    outer loop
      vertex 83.7074 49.3828 9.9
      vertex 83.2455 49.0936 10.4
      vertex 83.7431 49.1426 9.9
    endloop
  endfacet
  facet normal -0.171955 0.686358 0.706643
    outer loop
      vertex 80.8947 50.8371 10.4
      vertex 80.5615 51.2684 9.9
      vertex 80.7067 50.79 10.4
    endloop
  endfacet
  facet normal 0.238387 -0.666202 0.706644
    outer loop
      vertex 82.0358 47.0753 10.4
      vertex 81.9985 46.5316 9.9
      vertex 82.2271 46.6134 9.9
    endloop
  endfacet
  facet normal 0.941537 0.33691 0
    outer loop
      vertex 83.6484 49.6185 9.9
      vertex 83.5666 49.8471 8
      vertex 83.5666 49.8471 9.9
    endloop
  endfacet
  facet normal 0.941537 0.33691 0
    outer loop
      vertex 83.5666 49.8471 8
      vertex 83.6484 49.6185 9.9
      vertex 83.6484 49.6185 8
    endloop
  endfacet
  facet normal 0.686453 0.171613 0.706634
    outer loop
      vertex 83.6484 49.6185 9.9
      vertex 83.17 49.4733 10.4
      vertex 83.217 49.2853 10.4
    endloop
  endfacet
  facet normal -0.034664 -0.706679 0.706684
    outer loop
      vertex 81.0864 46.9345 10.4
      vertex 81.0374 46.4369 9.9
      vertex 81.28 46.425 9.9
    endloop
  endfacet
  facet normal 0.606693 0.363943 0.706732
    outer loop
      vertex 83.3379 50.275 9.9
      vertex 82.9221 49.9972 10.4
      vertex 83.0218 49.831 10.4
    endloop
  endfacet
  facet normal 0.857638 0.514254 0
    outer loop
      vertex 83.4628 50.0667 9.9
      vertex 83.3379 50.275 8
      vertex 83.3379 50.275 9.9
    endloop
  endfacet
  facet normal 0.857638 0.514254 0
    outer loop
      vertex 83.3379 50.275 8
      vertex 83.4628 50.0667 9.9
      vertex 83.4628 50.0667 8
    endloop
  endfacet
  facet normal 0.147011 -0.989135 0
    outer loop
      vertex 81.5226 46.4369 8
      vertex 81.7628 46.4726 9.9
      vertex 81.5226 46.4369 9.9
    endloop
  endfacet
  facet normal 0.147011 -0.989135 0
    outer loop
      vertex 81.7628 46.4726 9.9
      vertex 81.5226 46.4369 8
      vertex 81.7628 46.4726 8
    endloop
  endfacet
  facet normal 0.171824 0.686423 0.706612
    outer loop
      vertex 81.7628 51.3274 9.9
      vertex 81.6653 50.8371 10.4
      vertex 81.9985 51.2684 9.9
    endloop
  endfacet
  facet normal 0.606789 0.36384 0.706702
    outer loop
      vertex 83.3379 50.275 9.9
      vertex 83.0218 49.831 10.4
      vertex 83.4628 50.0667 9.9
    endloop
  endfacet
  facet normal 0.475052 -0.524276 0.706725
    outer loop
      vertex 83.0301 47.1499 9.9
      vertex 82.6765 47.5035 10.4
      vertex 82.8501 46.9868 9.9
    endloop
  endfacet
  facet normal -0.048993 -0.998799 0
    outer loop
      vertex 81.0374 46.4369 8
      vertex 81.28 46.425 9.9
      vertex 81.0374 46.4369 9.9
    endloop
  endfacet
  facet normal -0.048993 -0.998799 -0
    outer loop
      vertex 81.28 46.425 9.9
      vertex 81.0374 46.4369 8
      vertex 81.28 46.425 8
    endloop
  endfacet
  facet normal -0.699966 0.103699 0.706608
    outer loop
      vertex 79.3429 49.2853 10.4
      vertex 78.8526 49.3828 9.9
      vertex 79.3145 49.0936 10.4
    endloop
  endfacet
  facet normal 0.103699 -0.699966 0.706608
    outer loop
      vertex 81.6653 46.9629 10.4
      vertex 81.4736 46.9345 10.4
      vertex 81.7628 46.4726 9.9
    endloop
  endfacet
  facet normal 0.103699 0.699966 0.706608
    outer loop
      vertex 81.7628 51.3274 9.9
      vertex 81.4736 50.8655 10.4
      vertex 81.6653 50.8371 10.4
    endloop
  endfacet
  facet normal 0.33691 -0.941537 0
    outer loop
      vertex 81.9985 46.5316 8
      vertex 82.2271 46.6134 9.9
      vertex 81.9985 46.5316 9.9
    endloop
  endfacet
  facet normal 0.33691 -0.941537 0
    outer loop
      vertex 82.2271 46.6134 9.9
      vertex 81.9985 46.5316 8
      vertex 82.2271 46.6134 8
    endloop
  endfacet
  facet normal 0.706682 0.034677 0.706682
    outer loop
      vertex 83.755 48.9 9.9
      vertex 83.2455 49.0936 10.4
      vertex 83.255 48.9 10.4
    endloop
  endfacet
  facet normal 0.568387 0.421271 0.706729
    outer loop
      vertex 83.3379 50.275 9.9
      vertex 82.8067 50.1529 10.4
      vertex 82.9221 49.9972 10.4
    endloop
  endfacet
  facet normal -0.302606 0.639525 0.706709
    outer loop
      vertex 80.5242 50.7247 10.4
      vertex 80.1133 51.0828 9.9
      vertex 80.349 50.6418 10.4
    endloop
  endfacet
  facet normal 0.427343 0.90409 -0
    outer loop
      vertex 82.4467 51.0828 8
      vertex 82.2271 51.1866 9.9
      vertex 82.4467 51.0828 9.9
    endloop
  endfacet
  facet normal 0.427343 0.90409 0
    outer loop
      vertex 82.2271 51.1866 9.9
      vertex 82.4467 51.0828 8
      vertex 82.2271 51.1866 8
    endloop
  endfacet
  facet normal -0.427343 -0.90409 0
    outer loop
      vertex 80.1133 46.7172 8
      vertex 80.3329 46.6134 9.9
      vertex 80.1133 46.7172 9.9
    endloop
  endfacet
  facet normal -0.427343 -0.90409 -0
    outer loop
      vertex 80.3329 46.6134 9.9
      vertex 80.1133 46.7172 8
      vertex 80.3329 46.6134 8
    endloop
  endfacet
  facet normal 0.47525 0.524162 0.706676
    outer loop
      vertex 82.8501 50.8132 9.9
      vertex 82.5329 50.4267 10.4
      vertex 82.6765 50.2965 10.4
    endloop
  endfacet
  facet normal -0.998799 0.048993 0
    outer loop
      vertex 78.805 48.9 8
      vertex 78.8169 49.1426 9.9
      vertex 78.8169 49.1426 8
    endloop
  endfacet
  facet normal -0.998799 0.048993 0
    outer loop
      vertex 78.8169 49.1426 9.9
      vertex 78.805 48.9 8
      vertex 78.805 48.9 9.9
    endloop
  endfacet
  facet normal 0.666202 0.238387 0.706644
    outer loop
      vertex 83.5666 49.8471 9.9
      vertex 83.1047 49.6558 10.4
      vertex 83.6484 49.6185 9.9
    endloop
  endfacet
  facet normal 0.238387 0.666202 0.706644
    outer loop
      vertex 82.2271 51.1866 9.9
      vertex 81.9985 51.2684 9.9
      vertex 82.0358 50.7247 10.4
    endloop
  endfacet
  facet normal 0.238373 0.666204 0.706647
    outer loop
      vertex 81.9985 51.2684 9.9
      vertex 81.8533 50.79 10.4
      vertex 82.0358 50.7247 10.4
    endloop
  endfacet
  facet normal 0.639525 0.302606 0.706709
    outer loop
      vertex 83.4628 50.0667 9.9
      vertex 83.0218 49.831 10.4
      vertex 83.1047 49.6558 10.4
    endloop
  endfacet
  facet normal 0.639704 0.302374 0.706646
    outer loop
      vertex 83.4628 50.0667 9.9
      vertex 83.1047 49.6558 10.4
      vertex 83.5666 49.8471 9.9
    endloop
  endfacet
  facet normal 0.36384 0.606789 0.706702
    outer loop
      vertex 82.4467 51.0828 9.9
      vertex 82.211 50.6418 10.4
      vertex 82.655 50.9579 9.9
    endloop
  endfacet
  facet normal 0.666202 -0.238387 0.706644
    outer loop
      vertex 83.6484 48.1815 9.9
      vertex 83.1047 48.1442 10.4
      vertex 83.5666 47.9529 9.9
    endloop
  endfacet
  facet normal -0.47525 -0.524162 0.706676
    outer loop
      vertex 79.8835 47.5035 10.4
      vertex 79.7099 46.9868 9.9
      vertex 80.0271 47.3733 10.4
    endloop
  endfacet
  facet normal 0.857638 -0.514254 0
    outer loop
      vertex 83.3379 47.525 9.9
      vertex 83.4628 47.7333 8
      vertex 83.4628 47.7333 9.9
    endloop
  endfacet
  facet normal 0.857638 -0.514254 0
    outer loop
      vertex 83.4628 47.7333 8
      vertex 83.3379 47.525 9.9
      vertex 83.3379 47.525 8
    endloop
  endfacet
  facet normal 0.686453 -0.171613 0.706634
    outer loop
      vertex 83.217 48.5147 10.4
      vertex 83.17 48.3267 10.4
      vertex 83.6484 48.1815 9.9
    endloop
  endfacet
  facet normal -0.171955 -0.686358 0.706643
    outer loop
      vertex 80.7067 47.01 10.4
      vertex 80.5615 46.5316 9.9
      vertex 80.8947 46.9629 10.4
    endloop
  endfacet
  facet normal 0.048993 -0.998799 0
    outer loop
      vertex 81.28 46.425 8
      vertex 81.5226 46.4369 9.9
      vertex 81.28 46.425 9.9
    endloop
  endfacet
  facet normal 0.048993 -0.998799 0
    outer loop
      vertex 81.5226 46.4369 9.9
      vertex 81.28 46.425 8
      vertex 81.5226 46.4369 8
    endloop
  endfacet
  facet normal -0.238387 -0.666202 0.706644
    outer loop
      vertex 80.5242 47.0753 10.4
      vertex 80.3329 46.6134 9.9
      vertex 80.5615 46.5316 9.9
    endloop
  endfacet
  facet normal 0.36384 -0.606789 0.706702
    outer loop
      vertex 82.655 46.8421 9.9
      vertex 82.211 47.1582 10.4
      vertex 82.4467 46.7172 9.9
    endloop
  endfacet
  facet normal 0.302606 0.639525 0.706709
    outer loop
      vertex 82.4467 51.0828 9.9
      vertex 82.0358 50.7247 10.4
      vertex 82.211 50.6418 10.4
    endloop
  endfacet
  facet normal 0.034664 -0.706679 0.706684
    outer loop
      vertex 81.4736 46.9345 10.4
      vertex 81.28 46.425 9.9
      vertex 81.5226 46.4369 9.9
    endloop
  endfacet
  facet normal 0.686356 0.171807 0.706681
    outer loop
      vertex 83.6484 49.6185 9.9
      vertex 83.217 49.2853 10.4
      vertex 83.7074 49.3828 9.9
    endloop
  endfacet
  facet normal 0.666204 -0.238373 0.706647
    outer loop
      vertex 83.17 48.3267 10.4
      vertex 83.1047 48.1442 10.4
      vertex 83.6484 48.1815 9.9
    endloop
  endfacet
  facet normal -0.238373 -0.666204 0.706647
    outer loop
      vertex 80.7067 47.01 10.4
      vertex 80.5242 47.0753 10.4
      vertex 80.5615 46.5316 9.9
    endloop
  endfacet
  facet normal -0.242923 -0.970046 0
    outer loop
      vertex 80.5615 46.5316 8
      vertex 80.7971 46.4726 9.9
      vertex 80.5615 46.5316 9.9
    endloop
  endfacet
  facet normal -0.242923 -0.970046 -0
    outer loop
      vertex 80.7971 46.4726 9.9
      vertex 80.5615 46.5316 8
      vertex 80.7971 46.4726 8
    endloop
  endfacet
  facet normal -0.146951 -0.989144 0
    outer loop
      vertex 80.7971 46.4726 8
      vertex 81.0374 46.4369 9.9
      vertex 80.7971 46.4726 9.9
    endloop
  endfacet
  facet normal -0.146951 -0.989144 -0
    outer loop
      vertex 81.0374 46.4369 9.9
      vertex 80.7971 46.4726 8
      vertex 81.0374 46.4369 8
    endloop
  endfacet
  facet normal 0.421485 -0.568291 0.706679
    outer loop
      vertex 82.8501 46.9868 9.9
      vertex 82.5329 47.3733 10.4
      vertex 82.655 46.8421 9.9
    endloop
  endfacet
  facet normal 0.47525 -0.524162 0.706676
    outer loop
      vertex 82.6765 47.5035 10.4
      vertex 82.5329 47.3733 10.4
      vertex 82.8501 46.9868 9.9
    endloop
  endfacet
  facet normal 0.989176 0.146735 0
    outer loop
      vertex 8.31435 4.76855 8
      vertex 8.26755 5.08404 2
      vertex 8.26755 5.08404 8
    endloop
  endfacet
  facet normal 0.989176 0.146735 0
    outer loop
      vertex 8.26755 5.08404 2
      vertex 8.31435 4.76855 8
      vertex 8.31435 4.76855 2
    endloop
  endfacet
  facet normal 0.998795 0.0490697 0
    outer loop
      vertex 8.33 4.45 8
      vertex 8.31435 4.76855 2
      vertex 8.31435 4.76855 8
    endloop
  endfacet
  facet normal 0.998795 0.0490697 0
    outer loop
      vertex 8.31435 4.76855 2
      vertex 8.33 4.45 8
      vertex 8.33 4.45 2
    endloop
  endfacet
  facet normal 0.970035 0.242963 0
    outer loop
      vertex 8.26755 5.08404 8
      vertex 8.19006 5.39342 2
      vertex 8.19006 5.39342 8
    endloop
  endfacet
  facet normal 0.970035 0.242963 0
    outer loop
      vertex 8.19006 5.39342 2
      vertex 8.26755 5.08404 8
      vertex 8.26755 5.08404 2
    endloop
  endfacet
  facet normal 0.671545 0.740964 -0
    outer loop
      vertex 7.3781 6.7481 2
      vertex 7.14178 6.96228 8
      vertex 7.3781 6.7481 8
    endloop
  endfacet
  facet normal 0.671545 0.740964 0
    outer loop
      vertex 7.14178 6.96228 8
      vertex 7.3781 6.7481 2
      vertex 7.14178 6.96228 2
    endloop
  endfacet
  facet normal -0.857736 0.51409 0
    outer loop
      vertex 2.21376 5.98204 2
      vertex 2.37772 6.2556 8
      vertex 2.37772 6.2556 2
    endloop
  endfacet
  facet normal -0.857736 0.51409 0
    outer loop
      vertex 2.37772 6.2556 8
      vertex 2.21376 5.98204 2
      vertex 2.21376 5.98204 8
    endloop
  endfacet
  facet normal 0.941543 0.336892 0
    outer loop
      vertex 8.19006 5.39342 8
      vertex 8.08261 5.69372 2
      vertex 8.08261 5.69372 8
    endloop
  endfacet
  facet normal 0.941543 0.336892 0
    outer loop
      vertex 8.08261 5.69372 2
      vertex 8.19006 5.39342 8
      vertex 8.19006 5.39342 2
    endloop
  endfacet
  facet normal -0.0490697 0.998795 0
    outer loop
      vertex 5.08 7.7 2
      vertex 4.76145 7.68435 8
      vertex 5.08 7.7 8
    endloop
  endfacet
  facet normal -0.0490697 0.998795 0
    outer loop
      vertex 4.76145 7.68435 8
      vertex 5.08 7.7 2
      vertex 4.76145 7.68435 2
    endloop
  endfacet
  facet normal -0.803202 0.595707 0
    outer loop
      vertex 2.37772 6.2556 2
      vertex 2.56772 6.51178 8
      vertex 2.56772 6.51178 2
    endloop
  endfacet
  facet normal -0.803202 0.595707 0
    outer loop
      vertex 2.56772 6.51178 8
      vertex 2.37772 6.2556 2
      vertex 2.37772 6.2556 8
    endloop
  endfacet
  facet normal 0.970037 -0.242956 0
    outer loop
      vertex 8.19006 3.50657 8
      vertex 8.26755 3.81596 2
      vertex 8.26755 3.81596 8
    endloop
  endfacet
  facet normal 0.970037 -0.242956 0
    outer loop
      vertex 8.26755 3.81596 2
      vertex 8.19006 3.50657 8
      vertex 8.19006 3.50657 2
    endloop
  endfacet
  facet normal 0.857736 0.51409 0
    outer loop
      vertex 7.94624 5.98204 8
      vertex 7.78228 6.2556 2
      vertex 7.78228 6.2556 8
    endloop
  endfacet
  facet normal 0.857736 0.51409 0
    outer loop
      vertex 7.78228 6.2556 2
      vertex 7.94624 5.98204 8
      vertex 7.94624 5.98204 2
    endloop
  endfacet
  facet normal 0.903983 0.427567 0
    outer loop
      vertex 8.08261 5.69372 8
      vertex 7.94624 5.98204 2
      vertex 7.94624 5.98204 8
    endloop
  endfacet
  facet normal 0.903983 0.427567 0
    outer loop
      vertex 7.94624 5.98204 2
      vertex 8.08261 5.69372 8
      vertex 8.08261 5.69372 2
    endloop
  endfacet
  facet normal 0.94154 -0.336902 0
    outer loop
      vertex 8.08261 3.20628 8
      vertex 8.19006 3.50657 2
      vertex 8.19006 3.50657 8
    endloop
  endfacet
  facet normal 0.94154 -0.336902 0
    outer loop
      vertex 8.19006 3.50657 2
      vertex 8.08261 3.20628 8
      vertex 8.08261 3.20628 2
    endloop
  endfacet
  facet normal -0.740964 0.671545 0
    outer loop
      vertex 2.56772 6.51178 2
      vertex 2.7819 6.7481 8
      vertex 2.7819 6.7481 2
    endloop
  endfacet
  facet normal -0.740964 0.671545 0
    outer loop
      vertex 2.7819 6.7481 8
      vertex 2.56772 6.51178 2
      vertex 2.56772 6.51178 8
    endloop
  endfacet
  facet normal -0.51409 0.857736 0
    outer loop
      vertex 3.54796 7.31624 2
      vertex 3.2744 7.15228 8
      vertex 3.54796 7.31624 8
    endloop
  endfacet
  facet normal -0.51409 0.857736 0
    outer loop
      vertex 3.2744 7.15228 8
      vertex 3.54796 7.31624 2
      vertex 3.2744 7.15228 2
    endloop
  endfacet
  facet normal 0.803202 0.595707 0
    outer loop
      vertex 7.78228 6.2556 8
      vertex 7.59228 6.51178 2
      vertex 7.59228 6.51178 8
    endloop
  endfacet
  facet normal 0.803202 0.595707 0
    outer loop
      vertex 7.59228 6.51178 2
      vertex 7.78228 6.2556 8
      vertex 7.78228 6.2556 2
    endloop
  endfacet
  facet normal -0.146735 0.989176 0
    outer loop
      vertex 4.76145 7.68435 2
      vertex 4.44596 7.63755 8
      vertex 4.76145 7.68435 8
    endloop
  endfacet
  facet normal -0.146735 0.989176 0
    outer loop
      vertex 4.44596 7.63755 8
      vertex 4.76145 7.68435 2
      vertex 4.44596 7.63755 2
    endloop
  endfacet
  facet normal -0.671545 0.740964 0
    outer loop
      vertex 3.01822 6.96228 2
      vertex 2.7819 6.7481 8
      vertex 3.01822 6.96228 8
    endloop
  endfacet
  facet normal -0.671545 0.740964 0
    outer loop
      vertex 2.7819 6.7481 8
      vertex 3.01822 6.96228 2
      vertex 2.7819 6.7481 2
    endloop
  endfacet
  facet normal 0.857736 -0.51409 0
    outer loop
      vertex 7.78228 2.6444 8
      vertex 7.94624 2.91796 2
      vertex 7.94624 2.91796 8
    endloop
  endfacet
  facet normal 0.857736 -0.51409 0
    outer loop
      vertex 7.94624 2.91796 2
      vertex 7.78228 2.6444 8
      vertex 7.78228 2.6444 2
    endloop
  endfacet
  facet normal -0.595707 0.803202 0
    outer loop
      vertex 3.2744 7.15228 2
      vertex 3.01822 6.96228 8
      vertex 3.2744 7.15228 8
    endloop
  endfacet
  facet normal -0.595707 0.803202 0
    outer loop
      vertex 3.01822 6.96228 8
      vertex 3.2744 7.15228 2
      vertex 3.01822 6.96228 2
    endloop
  endfacet
  facet normal 0.336902 0.94154 -0
    outer loop
      vertex 6.32372 7.45261 2
      vertex 6.02343 7.56006 8
      vertex 6.32372 7.45261 8
    endloop
  endfacet
  facet normal 0.336902 0.94154 0
    outer loop
      vertex 6.02343 7.56006 8
      vertex 6.32372 7.45261 2
      vertex 6.02343 7.56006 2
    endloop
  endfacet
  facet normal 0.998795 -0.0490681 0
    outer loop
      vertex 8.31435 4.13144 8
      vertex 8.33 4.45 2
      vertex 8.33 4.45 8
    endloop
  endfacet
  facet normal 0.998795 -0.0490681 0
    outer loop
      vertex 8.33 4.45 2
      vertex 8.31435 4.13144 8
      vertex 8.31435 4.13144 2
    endloop
  endfacet
  facet normal 0.51409 0.857736 -0
    outer loop
      vertex 6.8856 7.15228 2
      vertex 6.61204 7.31624 8
      vertex 6.8856 7.15228 8
    endloop
  endfacet
  facet normal 0.51409 0.857736 0
    outer loop
      vertex 6.61204 7.31624 8
      vertex 6.8856 7.15228 2
      vertex 6.61204 7.31624 2
    endloop
  endfacet
  facet normal 0.595707 0.803202 -0
    outer loop
      vertex 7.14178 6.96228 2
      vertex 6.8856 7.15228 8
      vertex 7.14178 6.96228 8
    endloop
  endfacet
  facet normal 0.595707 0.803202 0
    outer loop
      vertex 6.8856 7.15228 8
      vertex 7.14178 6.96228 2
      vertex 6.8856 7.15228 2
    endloop
  endfacet
  facet normal 0.740964 -0.671545 0
    outer loop
      vertex 7.3781 2.1519 8
      vertex 7.59228 2.38822 2
      vertex 7.59228 2.38822 8
    endloop
  endfacet
  facet normal 0.740964 -0.671545 0
    outer loop
      vertex 7.59228 2.38822 2
      vertex 7.3781 2.1519 8
      vertex 7.3781 2.1519 2
    endloop
  endfacet
  facet normal 0.803202 -0.595707 0
    outer loop
      vertex 7.59228 2.38822 8
      vertex 7.78228 2.6444 2
      vertex 7.78228 2.6444 8
    endloop
  endfacet
  facet normal 0.803202 -0.595707 0
    outer loop
      vertex 7.78228 2.6444 2
      vertex 7.59228 2.38822 8
      vertex 7.59228 2.38822 2
    endloop
  endfacet
  facet normal 0.903983 -0.427567 0
    outer loop
      vertex 7.94624 2.91796 8
      vertex 8.08261 3.20628 2
      vertex 8.08261 3.20628 8
    endloop
  endfacet
  facet normal 0.903983 -0.427567 0
    outer loop
      vertex 8.08261 3.20628 2
      vertex 7.94624 2.91796 8
      vertex 7.94624 2.91796 2
    endloop
  endfacet
  facet normal -0.242956 0.970037 0
    outer loop
      vertex 4.44596 7.63755 2
      vertex 4.13657 7.56006 8
      vertex 4.44596 7.63755 8
    endloop
  endfacet
  facet normal -0.242956 0.970037 0
    outer loop
      vertex 4.13657 7.56006 8
      vertex 4.44596 7.63755 2
      vertex 4.13657 7.56006 2
    endloop
  endfacet
  facet normal -0.941544 0.336891 0
    outer loop
      vertex 2 5.47743 2
      vertex 2.07739 5.69372 8
      vertex 2.07739 5.69372 2
    endloop
  endfacet
  facet normal -0.941544 0.336891 0
    outer loop
      vertex 2.07739 5.69372 8
      vertex 2 5.47743 2
      vertex 2 5.47743 8
    endloop
  endfacet
  facet normal -0.427567 0.903983 0
    outer loop
      vertex 3.83628 7.45261 2
      vertex 3.54796 7.31624 8
      vertex 3.83628 7.45261 8
    endloop
  endfacet
  facet normal -0.427567 0.903983 0
    outer loop
      vertex 3.54796 7.31624 8
      vertex 3.83628 7.45261 2
      vertex 3.54796 7.31624 2
    endloop
  endfacet
  facet normal 0.427567 0.903983 -0
    outer loop
      vertex 6.61204 7.31624 2
      vertex 6.32372 7.45261 8
      vertex 6.61204 7.31624 8
    endloop
  endfacet
  facet normal 0.427567 0.903983 0
    outer loop
      vertex 6.32372 7.45261 8
      vertex 6.61204 7.31624 2
      vertex 6.32372 7.45261 2
    endloop
  endfacet
  facet normal 0.989175 -0.14674 0
    outer loop
      vertex 8.26755 3.81596 8
      vertex 8.31435 4.13144 2
      vertex 8.31435 4.13144 8
    endloop
  endfacet
  facet normal 0.989175 -0.14674 0
    outer loop
      vertex 8.31435 4.13144 2
      vertex 8.26755 3.81596 8
      vertex 8.26755 3.81596 2
    endloop
  endfacet
  facet normal 0.146735 0.989176 -0
    outer loop
      vertex 5.71404 7.63755 2
      vertex 5.39855 7.68435 8
      vertex 5.71404 7.63755 8
    endloop
  endfacet
  facet normal 0.146735 0.989176 0
    outer loop
      vertex 5.39855 7.68435 8
      vertex 5.71404 7.63755 2
      vertex 5.39855 7.68435 2
    endloop
  endfacet
  facet normal 0.0490697 0.998795 -0
    outer loop
      vertex 5.39855 7.68435 2
      vertex 5.08 7.7 8
      vertex 5.39855 7.68435 8
    endloop
  endfacet
  facet normal 0.0490697 0.998795 0
    outer loop
      vertex 5.08 7.7 8
      vertex 5.39855 7.68435 2
      vertex 5.08 7.7 2
    endloop
  endfacet
  facet normal -0.336902 0.94154 0
    outer loop
      vertex 4.13657 7.56006 2
      vertex 3.83628 7.45261 8
      vertex 4.13657 7.56006 8
    endloop
  endfacet
  facet normal -0.336902 0.94154 0
    outer loop
      vertex 3.83628 7.45261 8
      vertex 4.13657 7.56006 2
      vertex 3.83628 7.45261 2
    endloop
  endfacet
  facet normal -0.903983 0.427567 0
    outer loop
      vertex 2.07739 5.69372 2
      vertex 2.21376 5.98204 8
      vertex 2.21376 5.98204 2
    endloop
  endfacet
  facet normal -0.903983 0.427567 0
    outer loop
      vertex 2.21376 5.98204 8
      vertex 2.07739 5.69372 2
      vertex 2.07739 5.69372 8
    endloop
  endfacet
  facet normal 0.740964 0.671545 0
    outer loop
      vertex 7.59228 6.51178 8
      vertex 7.3781 6.7481 2
      vertex 7.3781 6.7481 8
    endloop
  endfacet
  facet normal 0.740964 0.671545 0
    outer loop
      vertex 7.3781 6.7481 2
      vertex 7.59228 6.51178 8
      vertex 7.59228 6.51178 2
    endloop
  endfacet
  facet normal 0.242956 0.970037 -0
    outer loop
      vertex 6.02343 7.56006 2
      vertex 5.71404 7.63755 8
      vertex 6.02343 7.56006 8
    endloop
  endfacet
  facet normal 0.242956 0.970037 0
    outer loop
      vertex 5.71404 7.63755 8
      vertex 6.02343 7.56006 2
      vertex 5.71404 7.63755 2
    endloop
  endfacet
  facet normal 0.67155 -0.740959 0
    outer loop
      vertex 7.2105 2 2
      vertex 7.3781 2.1519 8
      vertex 7.2105 2 8
    endloop
  endfacet
  facet normal 0.67155 -0.740959 0
    outer loop
      vertex 7.3781 2.1519 8
      vertex 7.2105 2 2
      vertex 7.3781 2.1519 2
    endloop
  endfacet
  facet normal -0.998795 0.0490772 0
    outer loop
      vertex 2.605 4.45 8
      vertex 2.61692 4.69259 9.9
      vertex 2.61692 4.69259 8
    endloop
  endfacet
  facet normal -0.998795 0.0490772 0
    outer loop
      vertex 2.61692 4.69259 9.9
      vertex 2.605 4.45 8
      vertex 2.605 4.45 9.9
    endloop
  endfacet
  facet normal -0.857743 0.514078 0
    outer loop
      vertex 2.89725 5.61671 8
      vertex 3.02211 5.82504 9.9
      vertex 3.02211 5.82504 8
    endloop
  endfacet
  facet normal -0.857743 0.514078 0
    outer loop
      vertex 3.02211 5.82504 9.9
      vertex 2.89725 5.61671 8
      vertex 2.89725 5.61671 9.9
    endloop
  endfacet
  facet normal -0.10382 -0.699876 0.706679
    outer loop
      vertex 4.6947 2.51295 10.4
      vertex 4.59715 2.02256 9.9
      vertex 4.88642 2.48451 10.4
    endloop
  endfacet
  facet normal -0.66617 -0.238369 0.706681
    outer loop
      vertex 3.25534 3.6942 10.4
      vertex 2.71157 3.73155 9.9
      vertex 2.7934 3.50286 9.9
    endloop
  endfacet
  facet normal -0.0347238 0.706682 0.706679
    outer loop
      vertex 5.08 6.925 9.9
      vertex 4.83741 6.91308 9.9
      vertex 4.88642 6.41549 10.4
    endloop
  endfacet
  facet normal -0.970036 0.242962 0
    outer loop
      vertex 2.65256 4.93285 8
      vertex 2.71157 5.16845 9.9
      vertex 2.71157 5.16845 8
    endloop
  endfacet
  facet normal -0.970036 0.242962 0
    outer loop
      vertex 2.71157 5.16845 9.9
      vertex 2.65256 4.93285 8
      vertex 2.65256 4.93285 9.9
    endloop
  endfacet
  facet normal 0.0347238 0.706682 0.706679
    outer loop
      vertex 5.32259 6.91308 9.9
      vertex 5.08 6.925 9.9
      vertex 5.27358 6.41549 10.4
    endloop
  endfacet
  facet normal -0.903988 -0.427559 0
    outer loop
      vertex 2.89725 3.28329 8
      vertex 2.7934 3.50286 9.9
      vertex 2.7934 3.50286 8
    endloop
  endfacet
  facet normal -0.903988 -0.427559 0
    outer loop
      vertex 2.7934 3.50286 9.9
      vertex 2.89725 3.28329 8
      vertex 2.89725 3.28329 9.9
    endloop
  endfacet
  facet normal 0.171903 -0.686333 0.70668
    outer loop
      vertex 5.65331 2.56004 10.4
      vertex 5.4653 2.51295 10.4
      vertex 5.79845 2.08157 9.9
    endloop
  endfacet
  facet normal -0.242962 0.970036 0
    outer loop
      vertex 4.59715 6.87744 8
      vertex 4.36155 6.81843 9.9
      vertex 4.59715 6.87744 9.9
    endloop
  endfacet
  facet normal -0.242962 0.970036 0
    outer loop
      vertex 4.36155 6.81843 9.9
      vertex 4.59715 6.87744 8
      vertex 4.36155 6.81843 8
    endloop
  endfacet
  facet normal -0.671547 -0.740962 0
    outer loop
      vertex 3.32991 2.69991 8
      vertex 3.50988 2.5368 9.9
      vertex 3.32991 2.69991 9.9
    endloop
  endfacet
  facet normal -0.671547 -0.740962 -0
    outer loop
      vertex 3.50988 2.5368 9.9
      vertex 3.32991 2.69991 8
      vertex 3.50988 2.5368 8
    endloop
  endfacet
  facet normal -0.606881 0.363727 0.706681
    outer loop
      vertex 3.02211 5.82504 9.9
      vertex 2.89725 5.61671 9.9
      vertex 3.33821 5.38101 10.4
    endloop
  endfacet
  facet normal 0.524252 0.475153 0.706675
    outer loop
      vertex 6.9932 6.02012 9.9
      vertex 6.47654 5.84654 10.4
      vertex 6.6067 5.70293 10.4
    endloop
  endfacet
  facet normal -0.514078 0.857743 0
    outer loop
      vertex 3.91329 6.63275 8
      vertex 3.70496 6.50789 9.9
      vertex 3.91329 6.63275 9.9
    endloop
  endfacet
  facet normal -0.514078 0.857743 0
    outer loop
      vertex 3.70496 6.50789 9.9
      vertex 3.91329 6.63275 8
      vertex 3.70496 6.50789 8
    endloop
  endfacet
  facet normal -0.686333 -0.171903 0.70668
    outer loop
      vertex 3.14295 4.0647 10.4
      vertex 2.71157 3.73155 9.9
      vertex 3.19004 3.87669 10.4
    endloop
  endfacet
  facet normal 0.639601 0.302512 0.70668
    outer loop
      vertex 7.26275 5.61671 9.9
      vertex 6.90466 5.2058 10.4
      vertex 7.3666 5.39714 9.9
    endloop
  endfacet
  facet normal -0.606868 -0.363741 0.706685
    outer loop
      vertex 3.33821 3.51899 10.4
      vertex 3.02211 3.07496 9.9
      vertex 3.43785 3.35275 10.4
    endloop
  endfacet
  facet normal 0.103819 -0.699876 0.706679
    outer loop
      vertex 5.56285 2.02256 9.9
      vertex 5.27358 2.48451 10.4
      vertex 5.32259 1.98692 9.9
    endloop
  endfacet
  facet normal 0.475144 -0.524258 0.706677
    outer loop
      vertex 6.83009 2.69991 9.9
      vertex 6.47654 3.05346 10.4
      vertex 6.65012 2.5368 9.9
    endloop
  endfacet
  facet normal -0.238374 -0.66617 0.70668
    outer loop
      vertex 4.50669 2.56004 10.4
      vertex 4.3242 2.62534 10.4
      vertex 4.36155 2.08157 9.9
    endloop
  endfacet
  facet normal 0.427559 0.903988 -0
    outer loop
      vertex 6.24671 6.63275 8
      vertex 6.02714 6.7366 9.9
      vertex 6.24671 6.63275 9.9
    endloop
  endfacet
  facet normal 0.427559 0.903988 0
    outer loop
      vertex 6.02714 6.7366 9.9
      vertex 6.24671 6.63275 8
      vertex 6.02714 6.7366 8
    endloop
  endfacet
  facet normal -0.80319 0.595723 0
    outer loop
      vertex 3.02211 5.82504 8
      vertex 3.1668 6.02012 9.9
      vertex 3.1668 6.02012 8
    endloop
  endfacet
  facet normal -0.80319 0.595723 0
    outer loop
      vertex 3.1668 6.02012 9.9
      vertex 3.02211 5.82504 8
      vertex 3.02211 5.82504 9.9
    endloop
  endfacet
  facet normal -0.475144 -0.524258 0.706677
    outer loop
      vertex 3.68346 3.05346 10.4
      vertex 3.32991 2.69991 9.9
      vertex 3.50988 2.5368 9.9
    endloop
  endfacet
  facet normal 0.0347238 -0.706682 0.706679
    outer loop
      vertex 5.27358 2.48451 10.4
      vertex 5.08 1.975 9.9
      vertex 5.32259 1.98692 9.9
    endloop
  endfacet
  facet normal 0 0 1
    outer loop
      vertex 7.04549 4.64358 10.4
      vertex 7.04549 4.25642 10.4
      vertex 7.055 4.45 10.4
    endloop
  endfacet
  facet normal 0 0 1
    outer loop
      vertex 7.01705 4.8353 10.4
      vertex 7.04549 4.25642 10.4
      vertex 7.04549 4.64358 10.4
    endloop
  endfacet
  facet normal 0 0 1
    outer loop
      vertex 7.01705 4.8353 10.4
      vertex 7.01705 4.0647 10.4
      vertex 7.04549 4.25642 10.4
    endloop
  endfacet
  facet normal 0 0 1
    outer loop
      vertex 6.96996 5.02331 10.4
      vertex 7.01705 4.0647 10.4
      vertex 7.01705 4.8353 10.4
    endloop
  endfacet
  facet normal 0 0 1
    outer loop
      vertex 6.96996 5.02331 10.4
      vertex 6.96996 3.87669 10.4
      vertex 7.01705 4.0647 10.4
    endloop
  endfacet
  facet normal 0 0 1
    outer loop
      vertex 6.90466 5.2058 10.4
      vertex 6.96996 3.87669 10.4
      vertex 6.96996 5.02331 10.4
    endloop
  endfacet
  facet normal 0 0 1
    outer loop
      vertex 6.90466 5.2058 10.4
      vertex 6.90466 3.6942 10.4
      vertex 6.96996 3.87669 10.4
    endloop
  endfacet
  facet normal 0 0 1
    outer loop
      vertex 6.82179 5.38101 10.4
      vertex 6.90466 3.6942 10.4
      vertex 6.90466 5.2058 10.4
    endloop
  endfacet
  facet normal 0 0 1
    outer loop
      vertex 6.82179 5.38101 10.4
      vertex 6.82179 3.51899 10.4
      vertex 6.90466 3.6942 10.4
    endloop
  endfacet
  facet normal 0 0 1
    outer loop
      vertex 6.72215 5.54725 10.4
      vertex 6.82179 3.51899 10.4
      vertex 6.82179 5.38101 10.4
    endloop
  endfacet
  facet normal 0 0 1
    outer loop
      vertex 6.72215 5.54725 10.4
      vertex 6.72215 3.35275 10.4
      vertex 6.82179 3.51899 10.4
    endloop
  endfacet
  facet normal 0 0 1
    outer loop
      vertex 6.6067 5.70293 10.4
      vertex 6.72215 3.35275 10.4
      vertex 6.72215 5.54725 10.4
    endloop
  endfacet
  facet normal 0 0 1
    outer loop
      vertex 6.6067 5.70293 10.4
      vertex 6.6067 3.19707 10.4
      vertex 6.72215 3.35275 10.4
    endloop
  endfacet
  facet normal 0 0 1
    outer loop
      vertex 6.47654 5.84654 10.4
      vertex 6.6067 3.19707 10.4
      vertex 6.6067 5.70293 10.4
    endloop
  endfacet
  facet normal 0 0 1
    outer loop
      vertex 6.47654 5.84654 10.4
      vertex 6.47654 3.05346 10.4
      vertex 6.6067 3.19707 10.4
    endloop
  endfacet
  facet normal 0 0 1
    outer loop
      vertex 6.33293 5.9767 10.4
      vertex 6.47654 3.05346 10.4
      vertex 6.47654 5.84654 10.4
    endloop
  endfacet
  facet normal 0 0 1
    outer loop
      vertex 6.33293 5.9767 10.4
      vertex 6.33293 2.9233 10.4
      vertex 6.47654 3.05346 10.4
    endloop
  endfacet
  facet normal 0 0 1
    outer loop
      vertex 6.17725 6.09215 10.4
      vertex 6.33293 2.9233 10.4
      vertex 6.33293 5.9767 10.4
    endloop
  endfacet
  facet normal 0 0 1
    outer loop
      vertex 6.17725 6.09215 10.4
      vertex 6.17725 2.80785 10.4
      vertex 6.33293 2.9233 10.4
    endloop
  endfacet
  facet normal 0 0 1
    outer loop
      vertex 6.01101 6.19179 10.4
      vertex 6.17725 2.80785 10.4
      vertex 6.17725 6.09215 10.4
    endloop
  endfacet
  facet normal 0 0 1
    outer loop
      vertex 6.01101 6.19179 10.4
      vertex 6.01101 2.70821 10.4
      vertex 6.17725 2.80785 10.4
    endloop
  endfacet
  facet normal 0 0 1
    outer loop
      vertex 5.8358 6.27466 10.4
      vertex 6.01101 2.70821 10.4
      vertex 6.01101 6.19179 10.4
    endloop
  endfacet
  facet normal 0 0 1
    outer loop
      vertex 5.8358 6.27466 10.4
      vertex 5.8358 2.62534 10.4
      vertex 6.01101 2.70821 10.4
    endloop
  endfacet
  facet normal 0 0 1
    outer loop
      vertex 5.65331 6.33996 10.4
      vertex 5.8358 2.62534 10.4
      vertex 5.8358 6.27466 10.4
    endloop
  endfacet
  facet normal 0 0 1
    outer loop
      vertex 5.65331 6.33996 10.4
      vertex 5.65331 2.56004 10.4
      vertex 5.8358 2.62534 10.4
    endloop
  endfacet
  facet normal 0 0 1
    outer loop
      vertex 5.4653 6.38705 10.4
      vertex 5.65331 2.56004 10.4
      vertex 5.65331 6.33996 10.4
    endloop
  endfacet
  facet normal 0 0 1
    outer loop
      vertex 5.4653 6.38705 10.4
      vertex 5.4653 2.51295 10.4
      vertex 5.65331 2.56004 10.4
    endloop
  endfacet
  facet normal 0 0 1
    outer loop
      vertex 5.27358 6.41549 10.4
      vertex 5.4653 2.51295 10.4
      vertex 5.4653 6.38705 10.4
    endloop
  endfacet
  facet normal 0 0 1
    outer loop
      vertex 5.27358 6.41549 10.4
      vertex 5.27358 2.48451 10.4
      vertex 5.4653 2.51295 10.4
    endloop
  endfacet
  facet normal 0 0 1
    outer loop
      vertex 5.08 6.425 10.4
      vertex 5.27358 2.48451 10.4
      vertex 5.27358 6.41549 10.4
    endloop
  endfacet
  facet normal 0 0 1
    outer loop
      vertex 5.08 6.425 10.4
      vertex 5.08 2.475 10.4
      vertex 5.27358 2.48451 10.4
    endloop
  endfacet
  facet normal -0 0 1
    outer loop
      vertex 4.88642 6.41549 10.4
      vertex 5.08 2.475 10.4
      vertex 5.08 6.425 10.4
    endloop
  endfacet
  facet normal 0 0 1
    outer loop
      vertex 4.88642 6.41549 10.4
      vertex 4.88642 2.48451 10.4
      vertex 5.08 2.475 10.4
    endloop
  endfacet
  facet normal -0 0 1
    outer loop
      vertex 4.6947 6.38705 10.4
      vertex 4.88642 2.48451 10.4
      vertex 4.88642 6.41549 10.4
    endloop
  endfacet
  facet normal 0 0 1
    outer loop
      vertex 4.6947 6.38705 10.4
      vertex 4.6947 2.51295 10.4
      vertex 4.88642 2.48451 10.4
    endloop
  endfacet
  facet normal -0 0 1
    outer loop
      vertex 4.50669 6.33996 10.4
      vertex 4.6947 2.51295 10.4
      vertex 4.6947 6.38705 10.4
    endloop
  endfacet
  facet normal 0 0 1
    outer loop
      vertex 4.50669 6.33996 10.4
      vertex 4.50669 2.56004 10.4
      vertex 4.6947 2.51295 10.4
    endloop
  endfacet
  facet normal -0 0 1
    outer loop
      vertex 4.3242 6.27466 10.4
      vertex 4.50669 2.56004 10.4
      vertex 4.50669 6.33996 10.4
    endloop
  endfacet
  facet normal 0 0 1
    outer loop
      vertex 4.3242 6.27466 10.4
      vertex 4.3242 2.62534 10.4
      vertex 4.50669 2.56004 10.4
    endloop
  endfacet
  facet normal -0 0 1
    outer loop
      vertex 4.14899 6.19179 10.4
      vertex 4.3242 2.62534 10.4
      vertex 4.3242 6.27466 10.4
    endloop
  endfacet
  facet normal 0 0 1
    outer loop
      vertex 4.14899 6.19179 10.4
      vertex 4.14899 2.70821 10.4
      vertex 4.3242 2.62534 10.4
    endloop
  endfacet
  facet normal -0 0 1
    outer loop
      vertex 3.98275 6.09215 10.4
      vertex 4.14899 2.70821 10.4
      vertex 4.14899 6.19179 10.4
    endloop
  endfacet
  facet normal 0 0 1
    outer loop
      vertex 3.98275 6.09215 10.4
      vertex 3.98275 2.80785 10.4
      vertex 4.14899 2.70821 10.4
    endloop
  endfacet
  facet normal -0 0 1
    outer loop
      vertex 3.82707 5.9767 10.4
      vertex 3.98275 2.80785 10.4
      vertex 3.98275 6.09215 10.4
    endloop
  endfacet
  facet normal 0 0 1
    outer loop
      vertex 3.82707 5.9767 10.4
      vertex 3.82707 2.9233 10.4
      vertex 3.98275 2.80785 10.4
    endloop
  endfacet
  facet normal -0 0 1
    outer loop
      vertex 3.68346 5.84654 10.4
      vertex 3.82707 2.9233 10.4
      vertex 3.82707 5.9767 10.4
    endloop
  endfacet
  facet normal 0 0 1
    outer loop
      vertex 3.68346 5.84654 10.4
      vertex 3.68346 3.05346 10.4
      vertex 3.82707 2.9233 10.4
    endloop
  endfacet
  facet normal -0 0 1
    outer loop
      vertex 3.5533 5.70293 10.4
      vertex 3.68346 3.05346 10.4
      vertex 3.68346 5.84654 10.4
    endloop
  endfacet
  facet normal 0 0 1
    outer loop
      vertex 3.5533 5.70293 10.4
      vertex 3.5533 3.19707 10.4
      vertex 3.68346 3.05346 10.4
    endloop
  endfacet
  facet normal -0 0 1
    outer loop
      vertex 3.43785 5.54725 10.4
      vertex 3.5533 3.19707 10.4
      vertex 3.5533 5.70293 10.4
    endloop
  endfacet
  facet normal 0 0 1
    outer loop
      vertex 3.43785 5.54725 10.4
      vertex 3.43785 3.35275 10.4
      vertex 3.5533 3.19707 10.4
    endloop
  endfacet
  facet normal -0 0 1
    outer loop
      vertex 3.33821 5.38101 10.4
      vertex 3.43785 3.35275 10.4
      vertex 3.43785 5.54725 10.4
    endloop
  endfacet
  facet normal 0 0 1
    outer loop
      vertex 3.33821 5.38101 10.4
      vertex 3.33821 3.51899 10.4
      vertex 3.43785 3.35275 10.4
    endloop
  endfacet
  facet normal -0 0 1
    outer loop
      vertex 3.25534 5.2058 10.4
      vertex 3.33821 3.51899 10.4
      vertex 3.33821 5.38101 10.4
    endloop
  endfacet
  facet normal 0 0 1
    outer loop
      vertex 3.25534 5.2058 10.4
      vertex 3.25534 3.6942 10.4
      vertex 3.33821 3.51899 10.4
    endloop
  endfacet
  facet normal -0 0 1
    outer loop
      vertex 3.19004 5.02331 10.4
      vertex 3.25534 3.6942 10.4
      vertex 3.25534 5.2058 10.4
    endloop
  endfacet
  facet normal 0 0 1
    outer loop
      vertex 3.19004 5.02331 10.4
      vertex 3.19004 3.87669 10.4
      vertex 3.25534 3.6942 10.4
    endloop
  endfacet
  facet normal -0 0 1
    outer loop
      vertex 3.14295 4.8353 10.4
      vertex 3.19004 3.87669 10.4
      vertex 3.19004 5.02331 10.4
    endloop
  endfacet
  facet normal 0 0 1
    outer loop
      vertex 3.14295 4.8353 10.4
      vertex 3.14295 4.0647 10.4
      vertex 3.19004 3.87669 10.4
    endloop
  endfacet
  facet normal -0 0 1
    outer loop
      vertex 3.11451 4.64358 10.4
      vertex 3.14295 4.0647 10.4
      vertex 3.14295 4.8353 10.4
    endloop
  endfacet
  facet normal 0 0 1
    outer loop
      vertex 3.11451 4.64358 10.4
      vertex 3.11451 4.25642 10.4
      vertex 3.14295 4.0647 10.4
    endloop
  endfacet
  facet normal 0 -0 1
    outer loop
      vertex 3.11451 4.25642 10.4
      vertex 3.11451 4.64358 10.4
      vertex 3.105 4.45 10.4
    endloop
  endfacet
  facet normal 0.10382 -0.699876 0.706679
    outer loop
      vertex 5.4653 2.51295 10.4
      vertex 5.27358 2.48451 10.4
      vertex 5.56285 2.02256 9.9
    endloop
  endfacet
  facet normal 0.989176 -0.146734 0
    outer loop
      vertex 7.50744 3.96715 9.9
      vertex 7.54308 4.20741 8
      vertex 7.54308 4.20741 9.9
    endloop
  endfacet
  facet normal 0.989176 -0.146734 0
    outer loop
      vertex 7.54308 4.20741 8
      vertex 7.50744 3.96715 9.9
      vertex 7.50744 3.96715 8
    endloop
  endfacet
  facet normal -0.989176 0.146734 0
    outer loop
      vertex 2.61692 4.69259 8
      vertex 2.65256 4.93285 9.9
      vertex 2.65256 4.93285 8
    endloop
  endfacet
  facet normal -0.989176 0.146734 0
    outer loop
      vertex 2.65256 4.93285 9.9
      vertex 2.61692 4.69259 8
      vertex 2.61692 4.69259 9.9
    endloop
  endfacet
  facet normal -0.639599 0.302515 0.706681
    outer loop
      vertex 3.33821 5.38101 10.4
      vertex 2.89725 5.61671 9.9
      vertex 3.25534 5.2058 10.4
    endloop
  endfacet
  facet normal -0.706682 -0.0347238 0.706679
    outer loop
      vertex 3.11451 4.25642 10.4
      vertex 2.605 4.45 9.9
      vertex 2.61692 4.20741 9.9
    endloop
  endfacet
  facet normal 0.524258 0.475144 0.706677
    outer loop
      vertex 6.83009 6.20009 9.9
      vertex 6.47654 5.84654 10.4
      vertex 6.9932 6.02012 9.9
    endloop
  endfacet
  facet normal -0.475144 0.524258 0.706677
    outer loop
      vertex 3.50988 6.3632 9.9
      vertex 3.32991 6.20009 9.9
      vertex 3.68346 5.84654 10.4
    endloop
  endfacet
  facet normal -0.336902 0.94154 0
    outer loop
      vertex 4.36155 6.81843 8
      vertex 4.13286 6.7366 9.9
      vertex 4.36155 6.81843 9.9
    endloop
  endfacet
  facet normal -0.336902 0.94154 0
    outer loop
      vertex 4.13286 6.7366 9.9
      vertex 4.36155 6.81843 8
      vertex 4.13286 6.7366 8
    endloop
  endfacet
  facet normal -0.524252 -0.475153 0.706675
    outer loop
      vertex 3.5533 3.19707 10.4
      vertex 3.1668 2.87988 9.9
      vertex 3.68346 3.05346 10.4
    endloop
  endfacet
  facet normal -0.336902 -0.94154 0
    outer loop
      vertex 4.13286 2.1634 8
      vertex 4.36155 2.08157 9.9
      vertex 4.13286 2.1634 9.9
    endloop
  endfacet
  facet normal -0.336902 -0.94154 -0
    outer loop
      vertex 4.36155 2.08157 9.9
      vertex 4.13286 2.1634 8
      vertex 4.36155 2.08157 8
    endloop
  endfacet
  facet normal -0.595723 0.80319 0
    outer loop
      vertex 3.70496 6.50789 8
      vertex 3.50988 6.3632 9.9
      vertex 3.70496 6.50789 9.9
    endloop
  endfacet
  facet normal -0.595723 0.80319 0
    outer loop
      vertex 3.50988 6.3632 9.9
      vertex 3.70496 6.50789 8
      vertex 3.50988 6.3632 8
    endloop
  endfacet
  facet normal -0.671547 0.740962 0
    outer loop
      vertex 3.50988 6.3632 8
      vertex 3.32991 6.20009 9.9
      vertex 3.50988 6.3632 9.9
    endloop
  endfacet
  facet normal -0.671547 0.740962 0
    outer loop
      vertex 3.32991 6.20009 9.9
      vertex 3.50988 6.3632 8
      vertex 3.32991 6.20009 8
    endloop
  endfacet
  facet normal -0.639601 0.302512 0.70668
    outer loop
      vertex 2.89725 5.61671 9.9
      vertex 2.7934 5.39714 9.9
      vertex 3.25534 5.2058 10.4
    endloop
  endfacet
  facet normal 0.903988 0.427559 0
    outer loop
      vertex 7.3666 5.39714 9.9
      vertex 7.26275 5.61671 8
      vertex 7.26275 5.61671 9.9
    endloop
  endfacet
  facet normal 0.903988 0.427559 0
    outer loop
      vertex 7.26275 5.61671 8
      vertex 7.3666 5.39714 9.9
      vertex 7.3666 5.39714 8
    endloop
  endfacet
  facet normal 0.0490772 0.998795 -0
    outer loop
      vertex 5.32259 6.91308 8
      vertex 5.08 6.925 9.9
      vertex 5.32259 6.91308 9.9
    endloop
  endfacet
  facet normal 0.0490772 0.998795 0
    outer loop
      vertex 5.08 6.925 9.9
      vertex 5.32259 6.91308 8
      vertex 5.08 6.925 8
    endloop
  endfacet
  facet normal -0.66617 -0.238374 0.70668
    outer loop
      vertex 3.19004 3.87669 10.4
      vertex 2.71157 3.73155 9.9
      vertex 3.25534 3.6942 10.4
    endloop
  endfacet
  facet normal 0.970036 0.242962 0
    outer loop
      vertex 7.50744 4.93285 9.9
      vertex 7.44843 5.16845 8
      vertex 7.44843 5.16845 9.9
    endloop
  endfacet
  facet normal 0.970036 0.242962 0
    outer loop
      vertex 7.44843 5.16845 8
      vertex 7.50744 4.93285 9.9
      vertex 7.50744 4.93285 8
    endloop
  endfacet
  facet normal 0.475144 0.524258 0.706677
    outer loop
      vertex 6.65012 6.3632 9.9
      vertex 6.47654 5.84654 10.4
      vertex 6.83009 6.20009 9.9
    endloop
  endfacet
  facet normal 0.595723 -0.80319 0
    outer loop
      vertex 6.45504 2.39211 8
      vertex 6.65012 2.5368 9.9
      vertex 6.45504 2.39211 9.9
    endloop
  endfacet
  facet normal 0.595723 -0.80319 0
    outer loop
      vertex 6.65012 2.5368 9.9
      vertex 6.45504 2.39211 8
      vertex 6.65012 2.5368 8
    endloop
  endfacet
  facet normal 0.568309 0.421449 0.706686
    outer loop
      vertex 7.13789 5.82504 9.9
      vertex 6.6067 5.70293 10.4
      vertex 6.72215 5.54725 10.4
    endloop
  endfacet
  facet normal -0.238369 -0.66617 0.706681
    outer loop
      vertex 4.3242 2.62534 10.4
      vertex 4.13286 2.1634 9.9
      vertex 4.36155 2.08157 9.9
    endloop
  endfacet
  facet normal 0.238369 -0.66617 0.706681
    outer loop
      vertex 5.8358 2.62534 10.4
      vertex 5.79845 2.08157 9.9
      vertex 6.02714 2.1634 9.9
    endloop
  endfacet
  facet normal -0.427559 0.903988 0
    outer loop
      vertex 4.13286 6.7366 8
      vertex 3.91329 6.63275 9.9
      vertex 4.13286 6.7366 9.9
    endloop
  endfacet
  facet normal -0.427559 0.903988 0
    outer loop
      vertex 3.91329 6.63275 9.9
      vertex 4.13286 6.7366 8
      vertex 3.91329 6.63275 8
    endloop
  endfacet
  facet normal -0.0347171 0.706681 0.706681
    outer loop
      vertex 5.08 6.925 9.9
      vertex 4.88642 6.41549 10.4
      vertex 5.08 6.425 10.4
    endloop
  endfacet
  facet normal -0.427559 -0.903988 0
    outer loop
      vertex 3.91329 2.26725 8
      vertex 4.13286 2.1634 9.9
      vertex 3.91329 2.26725 9.9
    endloop
  endfacet
  facet normal -0.427559 -0.903988 -0
    outer loop
      vertex 4.13286 2.1634 9.9
      vertex 3.91329 2.26725 8
      vertex 4.13286 2.1634 8
    endloop
  endfacet
  facet normal 0.686333 -0.171904 0.70668
    outer loop
      vertex 7.50744 3.96715 9.9
      vertex 7.01705 4.0647 10.4
      vertex 7.44843 3.73155 9.9
    endloop
  endfacet
  facet normal -0.80319 -0.595723 0
    outer loop
      vertex 3.1668 2.87988 8
      vertex 3.02211 3.07496 9.9
      vertex 3.02211 3.07496 8
    endloop
  endfacet
  facet normal -0.80319 -0.595723 0
    outer loop
      vertex 3.02211 3.07496 9.9
      vertex 3.1668 2.87988 8
      vertex 3.1668 2.87988 9.9
    endloop
  endfacet
  facet normal -0.146734 0.989176 0
    outer loop
      vertex 4.83741 6.91308 8
      vertex 4.59715 6.87744 9.9
      vertex 4.83741 6.91308 9.9
    endloop
  endfacet
  facet normal -0.146734 0.989176 0
    outer loop
      vertex 4.59715 6.87744 9.9
      vertex 4.83741 6.91308 8
      vertex 4.59715 6.87744 8
    endloop
  endfacet
  facet normal 0.903988 -0.427559 0
    outer loop
      vertex 7.26275 3.28329 9.9
      vertex 7.3666 3.50286 8
      vertex 7.3666 3.50286 9.9
    endloop
  endfacet
  facet normal 0.903988 -0.427559 0
    outer loop
      vertex 7.3666 3.50286 8
      vertex 7.26275 3.28329 9.9
      vertex 7.26275 3.28329 8
    endloop
  endfacet
  facet normal -0.606868 0.363741 0.706685
    outer loop
      vertex 3.43785 5.54725 10.4
      vertex 3.02211 5.82504 9.9
      vertex 3.33821 5.38101 10.4
    endloop
  endfacet
  facet normal -0.363741 -0.606868 0.706685
    outer loop
      vertex 3.98275 2.80785 10.4
      vertex 3.70496 2.39211 9.9
      vertex 4.14899 2.70821 10.4
    endloop
  endfacet
  facet normal -0.686333 0.171904 0.70668
    outer loop
      vertex 2.71157 5.16845 9.9
      vertex 2.65256 4.93285 9.9
      vertex 3.14295 4.8353 10.4
    endloop
  endfacet
  facet normal -0.66617 0.238369 0.706681
    outer loop
      vertex 2.7934 5.39714 9.9
      vertex 2.71157 5.16845 9.9
      vertex 3.25534 5.2058 10.4
    endloop
  endfacet
  facet normal -0.970036 -0.242962 0
    outer loop
      vertex 2.71157 3.73155 8
      vertex 2.65256 3.96715 9.9
      vertex 2.65256 3.96715 8
    endloop
  endfacet
  facet normal -0.970036 -0.242962 0
    outer loop
      vertex 2.65256 3.96715 9.9
      vertex 2.71157 3.73155 8
      vertex 2.71157 3.73155 9.9
    endloop
  endfacet
  facet normal 0.857743 0.514078 0
    outer loop
      vertex 7.26275 5.61671 9.9
      vertex 7.13789 5.82504 8
      vertex 7.13789 5.82504 9.9
    endloop
  endfacet
  facet normal 0.857743 0.514078 0
    outer loop
      vertex 7.13789 5.82504 8
      vertex 7.26275 5.61671 9.9
      vertex 7.26275 5.61671 8
    endloop
  endfacet
  facet normal 0.989176 0.146734 0
    outer loop
      vertex 7.54308 4.69259 9.9
      vertex 7.50744 4.93285 8
      vertex 7.50744 4.93285 9.9
    endloop
  endfacet
  facet normal 0.989176 0.146734 0
    outer loop
      vertex 7.50744 4.93285 8
      vertex 7.54308 4.69259 9.9
      vertex 7.54308 4.69259 8
    endloop
  endfacet
  facet normal -0.0490772 0.998795 0
    outer loop
      vertex 5.08 6.925 8
      vertex 4.83741 6.91308 9.9
      vertex 5.08 6.925 9.9
    endloop
  endfacet
  facet normal -0.0490772 0.998795 0
    outer loop
      vertex 4.83741 6.91308 9.9
      vertex 5.08 6.925 8
      vertex 4.83741 6.91308 8
    endloop
  endfacet
  facet normal -0.302512 -0.639601 0.70668
    outer loop
      vertex 4.3242 2.62534 10.4
      vertex 3.91329 2.26725 9.9
      vertex 4.13286 2.1634 9.9
    endloop
  endfacet
  facet normal -0.857743 -0.514078 0
    outer loop
      vertex 3.02211 3.07496 8
      vertex 2.89725 3.28329 9.9
      vertex 2.89725 3.28329 8
    endloop
  endfacet
  facet normal -0.857743 -0.514078 0
    outer loop
      vertex 2.89725 3.28329 9.9
      vertex 3.02211 3.07496 8
      vertex 3.02211 3.07496 9.9
    endloop
  endfacet
  facet normal -0.639601 -0.302512 0.70668
    outer loop
      vertex 3.25534 3.6942 10.4
      vertex 2.7934 3.50286 9.9
      vertex 2.89725 3.28329 9.9
    endloop
  endfacet
  facet normal -0.740962 0.671547 0
    outer loop
      vertex 3.1668 6.02012 8
      vertex 3.32991 6.20009 9.9
      vertex 3.32991 6.20009 8
    endloop
  endfacet
  facet normal -0.740962 0.671547 0
    outer loop
      vertex 3.32991 6.20009 9.9
      vertex 3.1668 6.02012 8
      vertex 3.1668 6.02012 9.9
    endloop
  endfacet
  facet normal 0.66617 -0.238369 0.706681
    outer loop
      vertex 7.44843 3.73155 9.9
      vertex 6.90466 3.6942 10.4
      vertex 7.3666 3.50286 9.9
    endloop
  endfacet
  facet normal 0.94154 -0.336902 0
    outer loop
      vertex 7.3666 3.50286 9.9
      vertex 7.44843 3.73155 8
      vertex 7.44843 3.73155 9.9
    endloop
  endfacet
  facet normal 0.94154 -0.336902 0
    outer loop
      vertex 7.44843 3.73155 8
      vertex 7.3666 3.50286 9.9
      vertex 7.3666 3.50286 8
    endloop
  endfacet
  facet normal 0.740962 0.671547 0
    outer loop
      vertex 6.9932 6.02012 9.9
      vertex 6.83009 6.20009 8
      vertex 6.83009 6.20009 9.9
    endloop
  endfacet
  facet normal 0.740962 0.671547 0
    outer loop
      vertex 6.83009 6.20009 8
      vertex 6.9932 6.02012 9.9
      vertex 6.9932 6.02012 8
    endloop
  endfacet
  facet normal 0.699876 -0.103819 0.706679
    outer loop
      vertex 7.54308 4.20741 9.9
      vertex 7.04549 4.25642 10.4
      vertex 7.50744 3.96715 9.9
    endloop
  endfacet
  facet normal 0.998795 0.0490772 0
    outer loop
      vertex 7.555 4.45 9.9
      vertex 7.54308 4.69259 8
      vertex 7.54308 4.69259 9.9
    endloop
  endfacet
  facet normal 0.998795 0.0490772 0
    outer loop
      vertex 7.54308 4.69259 8
      vertex 7.555 4.45 9.9
      vertex 7.555 4.45 8
    endloop
  endfacet
  facet normal 0.103819 0.699876 0.706679
    outer loop
      vertex 5.32259 6.91308 9.9
      vertex 5.27358 6.41549 10.4
      vertex 5.56285 6.87744 9.9
    endloop
  endfacet
  facet normal 0.171904 0.686333 0.70668
    outer loop
      vertex 5.56285 6.87744 9.9
      vertex 5.4653 6.38705 10.4
      vertex 5.79845 6.81843 9.9
    endloop
  endfacet
  facet normal -0.998795 -0.0490772 0
    outer loop
      vertex 2.61692 4.20741 8
      vertex 2.605 4.45 9.9
      vertex 2.605 4.45 8
    endloop
  endfacet
  facet normal -0.998795 -0.0490772 0
    outer loop
      vertex 2.605 4.45 9.9
      vertex 2.61692 4.20741 8
      vertex 2.61692 4.20741 9.9
    endloop
  endfacet
  facet normal -0.103819 0.699876 0.706679
    outer loop
      vertex 4.83741 6.91308 9.9
      vertex 4.59715 6.87744 9.9
      vertex 4.88642 6.41549 10.4
    endloop
  endfacet
  facet normal 0.0347171 0.706681 0.706681
    outer loop
      vertex 5.08 6.925 9.9
      vertex 5.08 6.425 10.4
      vertex 5.27358 6.41549 10.4
    endloop
  endfacet
  facet normal -0.989176 -0.146734 0
    outer loop
      vertex 2.65256 3.96715 8
      vertex 2.61692 4.20741 9.9
      vertex 2.61692 4.20741 8
    endloop
  endfacet
  facet normal -0.989176 -0.146734 0
    outer loop
      vertex 2.61692 4.20741 9.9
      vertex 2.65256 3.96715 8
      vertex 2.65256 3.96715 9.9
    endloop
  endfacet
  facet normal -0.0347238 -0.706682 0.706679
    outer loop
      vertex 4.88642 2.48451 10.4
      vertex 4.83741 1.98692 9.9
      vertex 5.08 1.975 9.9
    endloop
  endfacet
  facet normal 0.740962 -0.671547 0
    outer loop
      vertex 6.83009 2.69991 9.9
      vertex 6.9932 2.87988 8
      vertex 6.9932 2.87988 9.9
    endloop
  endfacet
  facet normal 0.740962 -0.671547 0
    outer loop
      vertex 6.9932 2.87988 8
      vertex 6.83009 2.69991 9.9
      vertex 6.83009 2.69991 8
    endloop
  endfacet
  facet normal 0.363727 -0.606881 0.706681
    outer loop
      vertex 6.45504 2.39211 9.9
      vertex 6.01101 2.70821 10.4
      vertex 6.24671 2.26725 9.9
    endloop
  endfacet
  facet normal 0.606868 -0.363741 0.706685
    outer loop
      vertex 6.82179 3.51899 10.4
      vertex 6.72215 3.35275 10.4
      vertex 7.13789 3.07496 9.9
    endloop
  endfacet
  facet normal -0.699876 -0.103819 0.706679
    outer loop
      vertex 3.11451 4.25642 10.4
      vertex 2.61692 4.20741 9.9
      vertex 2.65256 3.96715 9.9
    endloop
  endfacet
  facet normal 0.10382 0.699876 0.706679
    outer loop
      vertex 5.56285 6.87744 9.9
      vertex 5.27358 6.41549 10.4
      vertex 5.4653 6.38705 10.4
    endloop
  endfacet
  facet normal -0.706682 0.0347238 0.706679
    outer loop
      vertex 2.61692 4.69259 9.9
      vertex 2.605 4.45 9.9
      vertex 3.11451 4.64358 10.4
    endloop
  endfacet
  facet normal -0.524258 0.475144 0.706677
    outer loop
      vertex 3.32991 6.20009 9.9
      vertex 3.1668 6.02012 9.9
      vertex 3.68346 5.84654 10.4
    endloop
  endfacet
  facet normal 0.514078 0.857743 -0
    outer loop
      vertex 6.45504 6.50789 8
      vertex 6.24671 6.63275 9.9
      vertex 6.45504 6.50789 9.9
    endloop
  endfacet
  facet normal 0.514078 0.857743 0
    outer loop
      vertex 6.24671 6.63275 9.9
      vertex 6.45504 6.50789 8
      vertex 6.24671 6.63275 8
    endloop
  endfacet
  facet normal 0.80319 0.595723 0
    outer loop
      vertex 7.13789 5.82504 9.9
      vertex 6.9932 6.02012 8
      vertex 6.9932 6.02012 9.9
    endloop
  endfacet
  facet normal 0.80319 0.595723 0
    outer loop
      vertex 6.9932 6.02012 8
      vertex 7.13789 5.82504 9.9
      vertex 7.13789 5.82504 8
    endloop
  endfacet
  facet normal 0.639601 -0.302512 0.70668
    outer loop
      vertex 7.3666 3.50286 9.9
      vertex 6.90466 3.6942 10.4
      vertex 7.26275 3.28329 9.9
    endloop
  endfacet
  facet normal -0.242962 -0.970036 0
    outer loop
      vertex 4.36155 2.08157 8
      vertex 4.59715 2.02256 9.9
      vertex 4.36155 2.08157 9.9
    endloop
  endfacet
  facet normal -0.242962 -0.970036 -0
    outer loop
      vertex 4.59715 2.02256 9.9
      vertex 4.36155 2.08157 8
      vertex 4.59715 2.02256 8
    endloop
  endfacet
  facet normal -0.740962 -0.671547 0
    outer loop
      vertex 3.32991 2.69991 8
      vertex 3.1668 2.87988 9.9
      vertex 3.1668 2.87988 8
    endloop
  endfacet
  facet normal -0.740962 -0.671547 0
    outer loop
      vertex 3.1668 2.87988 9.9
      vertex 3.32991 2.69991 8
      vertex 3.32991 2.69991 9.9
    endloop
  endfacet
  facet normal -0.903988 0.427559 0
    outer loop
      vertex 2.7934 5.39714 8
      vertex 2.89725 5.61671 9.9
      vertex 2.89725 5.61671 8
    endloop
  endfacet
  facet normal -0.903988 0.427559 0
    outer loop
      vertex 2.89725 5.61671 9.9
      vertex 2.7934 5.39714 8
      vertex 2.7934 5.39714 9.9
    endloop
  endfacet
  facet normal 0.94154 0.336902 0
    outer loop
      vertex 7.44843 5.16845 9.9
      vertex 7.3666 5.39714 8
      vertex 7.3666 5.39714 9.9
    endloop
  endfacet
  facet normal 0.94154 0.336902 0
    outer loop
      vertex 7.3666 5.39714 8
      vertex 7.44843 5.16845 9.9
      vertex 7.44843 5.16845 8
    endloop
  endfacet
  facet normal 0.699876 0.10382 0.706679
    outer loop
      vertex 7.50744 4.93285 9.9
      vertex 7.01705 4.8353 10.4
      vertex 7.04549 4.64358 10.4
    endloop
  endfacet
  facet normal -0.421496 -0.568288 0.706675
    outer loop
      vertex 3.82707 2.9233 10.4
      vertex 3.50988 2.5368 9.9
      vertex 3.70496 2.39211 9.9
    endloop
  endfacet
  facet normal -0.94154 0.336902 0
    outer loop
      vertex 2.71157 5.16845 8
      vertex 2.7934 5.39714 9.9
      vertex 2.7934 5.39714 8
    endloop
  endfacet
  facet normal -0.94154 0.336902 0
    outer loop
      vertex 2.7934 5.39714 9.9
      vertex 2.71157 5.16845 8
      vertex 2.71157 5.16845 9.9
    endloop
  endfacet
  facet normal 0.568309 -0.421449 0.706686
    outer loop
      vertex 6.72215 3.35275 10.4
      vertex 6.6067 3.19707 10.4
      vertex 7.13789 3.07496 9.9
    endloop
  endfacet
  facet normal 0.706682 -0.0347238 0.706679
    outer loop
      vertex 7.555 4.45 9.9
      vertex 7.04549 4.25642 10.4
      vertex 7.54308 4.20741 9.9
    endloop
  endfacet
  facet normal -0.94154 -0.336902 0
    outer loop
      vertex 2.7934 3.50286 8
      vertex 2.71157 3.73155 9.9
      vertex 2.71157 3.73155 8
    endloop
  endfacet
  facet normal -0.94154 -0.336902 0
    outer loop
      vertex 2.71157 3.73155 9.9
      vertex 2.7934 3.50286 8
      vertex 2.7934 3.50286 9.9
    endloop
  endfacet
  facet normal 0.302512 -0.639601 0.70668
    outer loop
      vertex 6.24671 2.26725 9.9
      vertex 5.8358 2.62534 10.4
      vertex 6.02714 2.1634 9.9
    endloop
  endfacet
  facet normal -0.606881 -0.363727 0.706681
    outer loop
      vertex 3.33821 3.51899 10.4
      vertex 2.89725 3.28329 9.9
      vertex 3.02211 3.07496 9.9
    endloop
  endfacet
  facet normal 0.363741 0.606868 0.706685
    outer loop
      vertex 6.45504 6.50789 9.9
      vertex 6.01101 6.19179 10.4
      vertex 6.17725 6.09215 10.4
    endloop
  endfacet
  facet normal 0.706682 0.0347238 0.706679
    outer loop
      vertex 7.54308 4.69259 9.9
      vertex 7.04549 4.64358 10.4
      vertex 7.555 4.45 9.9
    endloop
  endfacet
  facet normal 0.699876 0.103819 0.706679
    outer loop
      vertex 7.50744 4.93285 9.9
      vertex 7.04549 4.64358 10.4
      vertex 7.54308 4.69259 9.9
    endloop
  endfacet
  facet normal 0.66617 0.238369 0.706681
    outer loop
      vertex 7.3666 5.39714 9.9
      vertex 6.90466 5.2058 10.4
      vertex 7.44843 5.16845 9.9
    endloop
  endfacet
  facet normal 0.639599 0.302515 0.706681
    outer loop
      vertex 7.26275 5.61671 9.9
      vertex 6.82179 5.38101 10.4
      vertex 6.90466 5.2058 10.4
    endloop
  endfacet
  facet normal -0.639599 -0.302515 0.706681
    outer loop
      vertex 3.25534 3.6942 10.4
      vertex 2.89725 3.28329 9.9
      vertex 3.33821 3.51899 10.4
    endloop
  endfacet
  facet normal 0.639599 -0.302515 0.706681
    outer loop
      vertex 6.90466 3.6942 10.4
      vertex 6.82179 3.51899 10.4
      vertex 7.26275 3.28329 9.9
    endloop
  endfacet
  facet normal 0.302515 -0.639599 0.706681
    outer loop
      vertex 6.01101 2.70821 10.4
      vertex 5.8358 2.62534 10.4
      vertex 6.24671 2.26725 9.9
    endloop
  endfacet
  facet normal -0.0347171 -0.706681 0.706681
    outer loop
      vertex 5.08 2.475 10.4
      vertex 4.88642 2.48451 10.4
      vertex 5.08 1.975 9.9
    endloop
  endfacet
  facet normal 0.242962 -0.970036 0
    outer loop
      vertex 5.56285 2.02256 8
      vertex 5.79845 2.08157 9.9
      vertex 5.56285 2.02256 9.9
    endloop
  endfacet
  facet normal 0.242962 -0.970036 0
    outer loop
      vertex 5.79845 2.08157 9.9
      vertex 5.56285 2.02256 8
      vertex 5.79845 2.08157 8
    endloop
  endfacet
  facet normal -0.171904 0.686333 0.70668
    outer loop
      vertex 4.59715 6.87744 9.9
      vertex 4.36155 6.81843 9.9
      vertex 4.6947 6.38705 10.4
    endloop
  endfacet
  facet normal -0.699876 -0.10382 0.706679
    outer loop
      vertex 3.11451 4.25642 10.4
      vertex 2.65256 3.96715 9.9
      vertex 3.14295 4.0647 10.4
    endloop
  endfacet
  facet normal -0.686333 -0.171904 0.70668
    outer loop
      vertex 3.14295 4.0647 10.4
      vertex 2.65256 3.96715 9.9
      vertex 2.71157 3.73155 9.9
    endloop
  endfacet
  facet normal -0.421496 0.568288 0.706675
    outer loop
      vertex 3.70496 6.50789 9.9
      vertex 3.50988 6.3632 9.9
      vertex 3.82707 5.9767 10.4
    endloop
  endfacet
  facet normal -0.421449 0.568309 0.706686
    outer loop
      vertex 3.98275 6.09215 10.4
      vertex 3.70496 6.50789 9.9
      vertex 3.82707 5.9767 10.4
    endloop
  endfacet
  facet normal -0.524258 -0.475144 0.706677
    outer loop
      vertex 3.68346 3.05346 10.4
      vertex 3.1668 2.87988 9.9
      vertex 3.32991 2.69991 9.9
    endloop
  endfacet
  facet normal -0.706681 0.0347171 0.706681
    outer loop
      vertex 3.11451 4.64358 10.4
      vertex 2.605 4.45 9.9
      vertex 3.105 4.45 10.4
    endloop
  endfacet
  facet normal -0.595723 -0.80319 0
    outer loop
      vertex 3.50988 2.5368 8
      vertex 3.70496 2.39211 9.9
      vertex 3.50988 2.5368 9.9
    endloop
  endfacet
  facet normal -0.595723 -0.80319 -0
    outer loop
      vertex 3.70496 2.39211 9.9
      vertex 3.50988 2.5368 8
      vertex 3.70496 2.39211 8
    endloop
  endfacet
  facet normal 0.0347171 -0.706681 0.706681
    outer loop
      vertex 5.08 2.475 10.4
      vertex 5.08 1.975 9.9
      vertex 5.27358 2.48451 10.4
    endloop
  endfacet
  facet normal -0.514078 -0.857743 0
    outer loop
      vertex 3.70496 2.39211 8
      vertex 3.91329 2.26725 9.9
      vertex 3.70496 2.39211 9.9
    endloop
  endfacet
  facet normal -0.514078 -0.857743 -0
    outer loop
      vertex 3.91329 2.26725 9.9
      vertex 3.70496 2.39211 8
      vertex 3.91329 2.26725 8
    endloop
  endfacet
  facet normal 0.524258 -0.475144 0.706677
    outer loop
      vertex 6.9932 2.87988 9.9
      vertex 6.47654 3.05346 10.4
      vertex 6.83009 2.69991 9.9
    endloop
  endfacet
  facet normal 0.671547 -0.740962 0
    outer loop
      vertex 6.65012 2.5368 8
      vertex 6.83009 2.69991 9.9
      vertex 6.65012 2.5368 9.9
    endloop
  endfacet
  facet normal 0.671547 -0.740962 0
    outer loop
      vertex 6.83009 2.69991 9.9
      vertex 6.65012 2.5368 8
      vertex 6.83009 2.69991 8
    endloop
  endfacet
  facet normal 0.80319 -0.595723 0
    outer loop
      vertex 6.9932 2.87988 9.9
      vertex 7.13789 3.07496 8
      vertex 7.13789 3.07496 9.9
    endloop
  endfacet
  facet normal 0.80319 -0.595723 0
    outer loop
      vertex 7.13789 3.07496 8
      vertex 6.9932 2.87988 9.9
      vertex 6.9932 2.87988 8
    endloop
  endfacet
  facet normal -0.171903 -0.686333 0.70668
    outer loop
      vertex 4.50669 2.56004 10.4
      vertex 4.36155 2.08157 9.9
      vertex 4.6947 2.51295 10.4
    endloop
  endfacet
  facet normal -0.686333 0.171903 0.70668
    outer loop
      vertex 3.19004 5.02331 10.4
      vertex 2.71157 5.16845 9.9
      vertex 3.14295 4.8353 10.4
    endloop
  endfacet
  facet normal 0.242962 0.970036 -0
    outer loop
      vertex 5.79845 6.81843 8
      vertex 5.56285 6.87744 9.9
      vertex 5.79845 6.81843 9.9
    endloop
  endfacet
  facet normal 0.242962 0.970036 0
    outer loop
      vertex 5.56285 6.87744 9.9
      vertex 5.79845 6.81843 8
      vertex 5.56285 6.87744 8
    endloop
  endfacet
  facet normal 0.146734 0.989176 -0
    outer loop
      vertex 5.56285 6.87744 8
      vertex 5.32259 6.91308 9.9
      vertex 5.56285 6.87744 9.9
    endloop
  endfacet
  facet normal 0.146734 0.989176 0
    outer loop
      vertex 5.32259 6.91308 9.9
      vertex 5.56285 6.87744 8
      vertex 5.32259 6.91308 8
    endloop
  endfacet
  facet normal 0.171904 -0.686333 0.70668
    outer loop
      vertex 5.79845 2.08157 9.9
      vertex 5.4653 2.51295 10.4
      vertex 5.56285 2.02256 9.9
    endloop
  endfacet
  facet normal -0.475153 0.524252 0.706675
    outer loop
      vertex 3.82707 5.9767 10.4
      vertex 3.50988 6.3632 9.9
      vertex 3.68346 5.84654 10.4
    endloop
  endfacet
  facet normal 0.475153 0.524252 0.706675
    outer loop
      vertex 6.65012 6.3632 9.9
      vertex 6.33293 5.9767 10.4
      vertex 6.47654 5.84654 10.4
    endloop
  endfacet
  facet normal 0.171903 0.686333 0.70668
    outer loop
      vertex 5.79845 6.81843 9.9
      vertex 5.4653 6.38705 10.4
      vertex 5.65331 6.33996 10.4
    endloop
  endfacet
  facet normal -0.524252 0.475153 0.706675
    outer loop
      vertex 3.68346 5.84654 10.4
      vertex 3.1668 6.02012 9.9
      vertex 3.5533 5.70293 10.4
    endloop
  endfacet
  facet normal 0.706681 0.0347171 0.706681
    outer loop
      vertex 7.555 4.45 9.9
      vertex 7.04549 4.64358 10.4
      vertex 7.055 4.45 10.4
    endloop
  endfacet
  facet normal 0.606881 0.363727 0.706681
    outer loop
      vertex 7.13789 5.82504 9.9
      vertex 6.82179 5.38101 10.4
      vertex 7.26275 5.61671 9.9
    endloop
  endfacet
  facet normal 0.606868 0.363741 0.706685
    outer loop
      vertex 7.13789 5.82504 9.9
      vertex 6.72215 5.54725 10.4
      vertex 6.82179 5.38101 10.4
    endloop
  endfacet
  facet normal 0.568288 -0.421496 0.706675
    outer loop
      vertex 7.13789 3.07496 9.9
      vertex 6.6067 3.19707 10.4
      vertex 6.9932 2.87988 9.9
    endloop
  endfacet
  facet normal 0.671547 0.740962 -0
    outer loop
      vertex 6.83009 6.20009 8
      vertex 6.65012 6.3632 9.9
      vertex 6.83009 6.20009 9.9
    endloop
  endfacet
  facet normal 0.671547 0.740962 0
    outer loop
      vertex 6.65012 6.3632 9.9
      vertex 6.83009 6.20009 8
      vertex 6.65012 6.3632 8
    endloop
  endfacet
  facet normal 0.595723 0.80319 -0
    outer loop
      vertex 6.65012 6.3632 8
      vertex 6.45504 6.50789 9.9
      vertex 6.65012 6.3632 9.9
    endloop
  endfacet
  facet normal 0.595723 0.80319 0
    outer loop
      vertex 6.45504 6.50789 9.9
      vertex 6.65012 6.3632 8
      vertex 6.45504 6.50789 8
    endloop
  endfacet
  facet normal -0.66617 0.238374 0.70668
    outer loop
      vertex 3.25534 5.2058 10.4
      vertex 2.71157 5.16845 9.9
      vertex 3.19004 5.02331 10.4
    endloop
  endfacet
  facet normal 0.363741 -0.606868 0.706685
    outer loop
      vertex 6.17725 2.80785 10.4
      vertex 6.01101 2.70821 10.4
      vertex 6.45504 2.39211 9.9
    endloop
  endfacet
  facet normal -0.421449 -0.568309 0.706686
    outer loop
      vertex 3.82707 2.9233 10.4
      vertex 3.70496 2.39211 9.9
      vertex 3.98275 2.80785 10.4
    endloop
  endfacet
  facet normal 0.238374 -0.66617 0.70668
    outer loop
      vertex 5.8358 2.62534 10.4
      vertex 5.65331 2.56004 10.4
      vertex 5.79845 2.08157 9.9
    endloop
  endfacet
  facet normal 0.427559 -0.903988 0
    outer loop
      vertex 6.02714 2.1634 8
      vertex 6.24671 2.26725 9.9
      vertex 6.02714 2.1634 9.9
    endloop
  endfacet
  facet normal 0.427559 -0.903988 0
    outer loop
      vertex 6.24671 2.26725 9.9
      vertex 6.02714 2.1634 8
      vertex 6.24671 2.26725 8
    endloop
  endfacet
  facet normal -0.146734 -0.989176 0
    outer loop
      vertex 4.59715 2.02256 8
      vertex 4.83741 1.98692 9.9
      vertex 4.59715 2.02256 9.9
    endloop
  endfacet
  facet normal -0.146734 -0.989176 -0
    outer loop
      vertex 4.83741 1.98692 9.9
      vertex 4.59715 2.02256 8
      vertex 4.83741 1.98692 8
    endloop
  endfacet
  facet normal -0.568309 -0.421449 0.706686
    outer loop
      vertex 3.43785 3.35275 10.4
      vertex 3.02211 3.07496 9.9
      vertex 3.5533 3.19707 10.4
    endloop
  endfacet
  facet normal -0.568309 0.421449 0.706686
    outer loop
      vertex 3.5533 5.70293 10.4
      vertex 3.02211 5.82504 9.9
      vertex 3.43785 5.54725 10.4
    endloop
  endfacet
  facet normal -0.171903 0.686333 0.70668
    outer loop
      vertex 4.6947 6.38705 10.4
      vertex 4.36155 6.81843 9.9
      vertex 4.50669 6.33996 10.4
    endloop
  endfacet
  facet normal -0.568288 0.421496 0.706675
    outer loop
      vertex 3.1668 6.02012 9.9
      vertex 3.02211 5.82504 9.9
      vertex 3.5533 5.70293 10.4
    endloop
  endfacet
  facet normal 0.568288 0.421496 0.706675
    outer loop
      vertex 6.9932 6.02012 9.9
      vertex 6.6067 5.70293 10.4
      vertex 7.13789 5.82504 9.9
    endloop
  endfacet
  facet normal -0.699876 0.103819 0.706679
    outer loop
      vertex 2.65256 4.93285 9.9
      vertex 2.61692 4.69259 9.9
      vertex 3.11451 4.64358 10.4
    endloop
  endfacet
  facet normal 0.686333 -0.171903 0.70668
    outer loop
      vertex 7.01705 4.0647 10.4
      vertex 6.96996 3.87669 10.4
      vertex 7.44843 3.73155 9.9
    endloop
  endfacet
  facet normal -0.0490772 -0.998795 0
    outer loop
      vertex 4.83741 1.98692 8
      vertex 5.08 1.975 9.9
      vertex 4.83741 1.98692 9.9
    endloop
  endfacet
  facet normal -0.0490772 -0.998795 -0
    outer loop
      vertex 5.08 1.975 9.9
      vertex 4.83741 1.98692 8
      vertex 5.08 1.975 8
    endloop
  endfacet
  facet normal -0.706681 -0.0347171 0.706681
    outer loop
      vertex 3.105 4.45 10.4
      vertex 2.605 4.45 9.9
      vertex 3.11451 4.25642 10.4
    endloop
  endfacet
  facet normal -0.363741 0.606868 0.706685
    outer loop
      vertex 4.14899 6.19179 10.4
      vertex 3.70496 6.50789 9.9
      vertex 3.98275 6.09215 10.4
    endloop
  endfacet
  facet normal -0.568288 -0.421496 0.706675
    outer loop
      vertex 3.5533 3.19707 10.4
      vertex 3.02211 3.07496 9.9
      vertex 3.1668 2.87988 9.9
    endloop
  endfacet
  facet normal 0.421496 -0.568288 0.706675
    outer loop
      vertex 6.65012 2.5368 9.9
      vertex 6.33293 2.9233 10.4
      vertex 6.45504 2.39211 9.9
    endloop
  endfacet
  facet normal 0.475153 -0.524252 0.706675
    outer loop
      vertex 6.47654 3.05346 10.4
      vertex 6.33293 2.9233 10.4
      vertex 6.65012 2.5368 9.9
    endloop
  endfacet
  facet normal -0.475153 -0.524252 0.706675
    outer loop
      vertex 3.68346 3.05346 10.4
      vertex 3.50988 2.5368 9.9
      vertex 3.82707 2.9233 10.4
    endloop
  endfacet
  facet normal 0.857743 -0.514078 0
    outer loop
      vertex 7.13789 3.07496 9.9
      vertex 7.26275 3.28329 8
      vertex 7.26275 3.28329 9.9
    endloop
  endfacet
  facet normal 0.857743 -0.514078 0
    outer loop
      vertex 7.26275 3.28329 8
      vertex 7.13789 3.07496 9.9
      vertex 7.13789 3.07496 8
    endloop
  endfacet
  facet normal -0.10382 0.699876 0.706679
    outer loop
      vertex 4.88642 6.41549 10.4
      vertex 4.59715 6.87744 9.9
      vertex 4.6947 6.38705 10.4
    endloop
  endfacet
  facet normal 0.970036 -0.242962 0
    outer loop
      vertex 7.44843 3.73155 9.9
      vertex 7.50744 3.96715 8
      vertex 7.50744 3.96715 9.9
    endloop
  endfacet
  facet normal 0.970036 -0.242962 0
    outer loop
      vertex 7.50744 3.96715 8
      vertex 7.44843 3.73155 9.9
      vertex 7.44843 3.73155 8
    endloop
  endfacet
  facet normal 0.998795 -0.0490772 0
    outer loop
      vertex 7.54308 4.20741 9.9
      vertex 7.555 4.45 8
      vertex 7.555 4.45 9.9
    endloop
  endfacet
  facet normal 0.998795 -0.0490772 0
    outer loop
      vertex 7.555 4.45 8
      vertex 7.54308 4.20741 9.9
      vertex 7.54308 4.20741 8
    endloop
  endfacet
  facet normal -0.302515 -0.639599 0.706681
    outer loop
      vertex 4.14899 2.70821 10.4
      vertex 3.91329 2.26725 9.9
      vertex 4.3242 2.62534 10.4
    endloop
  endfacet
  facet normal 0.699876 -0.10382 0.706679
    outer loop
      vertex 7.04549 4.25642 10.4
      vertex 7.01705 4.0647 10.4
      vertex 7.50744 3.96715 9.9
    endloop
  endfacet
  facet normal 0.606881 -0.363727 0.706681
    outer loop
      vertex 7.26275 3.28329 9.9
      vertex 6.82179 3.51899 10.4
      vertex 7.13789 3.07496 9.9
    endloop
  endfacet
  facet normal 0.524252 -0.475153 0.706675
    outer loop
      vertex 6.6067 3.19707 10.4
      vertex 6.47654 3.05346 10.4
      vertex 6.9932 2.87988 9.9
    endloop
  endfacet
  facet normal 0.336902 0.94154 -0
    outer loop
      vertex 6.02714 6.7366 8
      vertex 5.79845 6.81843 9.9
      vertex 6.02714 6.7366 9.9
    endloop
  endfacet
  facet normal 0.336902 0.94154 0
    outer loop
      vertex 5.79845 6.81843 9.9
      vertex 6.02714 6.7366 8
      vertex 5.79845 6.81843 8
    endloop
  endfacet
  facet normal 0.686333 0.171904 0.70668
    outer loop
      vertex 7.44843 5.16845 9.9
      vertex 7.01705 4.8353 10.4
      vertex 7.50744 4.93285 9.9
    endloop
  endfacet
  facet normal 0.302515 0.639599 0.706681
    outer loop
      vertex 6.24671 6.63275 9.9
      vertex 5.8358 6.27466 10.4
      vertex 6.01101 6.19179 10.4
    endloop
  endfacet
  facet normal 0.706681 -0.0347171 0.706681
    outer loop
      vertex 7.055 4.45 10.4
      vertex 7.04549 4.25642 10.4
      vertex 7.555 4.45 9.9
    endloop
  endfacet
  facet normal -0.363727 -0.606881 0.706681
    outer loop
      vertex 4.14899 2.70821 10.4
      vertex 3.70496 2.39211 9.9
      vertex 3.91329 2.26725 9.9
    endloop
  endfacet
  facet normal -0.699876 0.10382 0.706679
    outer loop
      vertex 3.14295 4.8353 10.4
      vertex 2.65256 4.93285 9.9
      vertex 3.11451 4.64358 10.4
    endloop
  endfacet
  facet normal -0.238374 0.66617 0.70668
    outer loop
      vertex 4.36155 6.81843 9.9
      vertex 4.3242 6.27466 10.4
      vertex 4.50669 6.33996 10.4
    endloop
  endfacet
  facet normal 0.514078 -0.857743 0
    outer loop
      vertex 6.24671 2.26725 8
      vertex 6.45504 2.39211 9.9
      vertex 6.24671 2.26725 9.9
    endloop
  endfacet
  facet normal 0.514078 -0.857743 0
    outer loop
      vertex 6.45504 2.39211 9.9
      vertex 6.24671 2.26725 8
      vertex 6.45504 2.39211 8
    endloop
  endfacet
  facet normal 0.146734 -0.989176 0
    outer loop
      vertex 5.32259 1.98692 8
      vertex 5.56285 2.02256 9.9
      vertex 5.32259 1.98692 9.9
    endloop
  endfacet
  facet normal 0.146734 -0.989176 0
    outer loop
      vertex 5.56285 2.02256 9.9
      vertex 5.32259 1.98692 8
      vertex 5.56285 2.02256 8
    endloop
  endfacet
  facet normal -0.171904 -0.686333 0.70668
    outer loop
      vertex 4.6947 2.51295 10.4
      vertex 4.36155 2.08157 9.9
      vertex 4.59715 2.02256 9.9
    endloop
  endfacet
  facet normal -0.103819 -0.699876 0.706679
    outer loop
      vertex 4.88642 2.48451 10.4
      vertex 4.59715 2.02256 9.9
      vertex 4.83741 1.98692 9.9
    endloop
  endfacet
  facet normal 0.363727 0.606881 0.706681
    outer loop
      vertex 6.24671 6.63275 9.9
      vertex 6.01101 6.19179 10.4
      vertex 6.45504 6.50789 9.9
    endloop
  endfacet
  facet normal 0.421449 0.568309 0.706686
    outer loop
      vertex 6.45504 6.50789 9.9
      vertex 6.17725 6.09215 10.4
      vertex 6.33293 5.9767 10.4
    endloop
  endfacet
  facet normal 0.421449 -0.568309 0.706686
    outer loop
      vertex 6.33293 2.9233 10.4
      vertex 6.17725 2.80785 10.4
      vertex 6.45504 2.39211 9.9
    endloop
  endfacet
  facet normal -0.238369 0.66617 0.706681
    outer loop
      vertex 4.36155 6.81843 9.9
      vertex 4.13286 6.7366 9.9
      vertex 4.3242 6.27466 10.4
    endloop
  endfacet
  facet normal -0.302512 0.639601 0.70668
    outer loop
      vertex 4.13286 6.7366 9.9
      vertex 3.91329 6.63275 9.9
      vertex 4.3242 6.27466 10.4
    endloop
  endfacet
  facet normal 0.66617 -0.238374 0.70668
    outer loop
      vertex 6.96996 3.87669 10.4
      vertex 6.90466 3.6942 10.4
      vertex 7.44843 3.73155 9.9
    endloop
  endfacet
  facet normal 0.302512 0.639601 0.70668
    outer loop
      vertex 6.02714 6.7366 9.9
      vertex 5.8358 6.27466 10.4
      vertex 6.24671 6.63275 9.9
    endloop
  endfacet
  facet normal 0.238369 0.66617 0.706681
    outer loop
      vertex 6.02714 6.7366 9.9
      vertex 5.79845 6.81843 9.9
      vertex 5.8358 6.27466 10.4
    endloop
  endfacet
  facet normal 0.686333 0.171903 0.70668
    outer loop
      vertex 7.44843 5.16845 9.9
      vertex 6.96996 5.02331 10.4
      vertex 7.01705 4.8353 10.4
    endloop
  endfacet
  facet normal 0.66617 0.238374 0.70668
    outer loop
      vertex 7.44843 5.16845 9.9
      vertex 6.90466 5.2058 10.4
      vertex 6.96996 5.02331 10.4
    endloop
  endfacet
  facet normal 0.336902 -0.94154 0
    outer loop
      vertex 5.79845 2.08157 8
      vertex 6.02714 2.1634 9.9
      vertex 5.79845 2.08157 9.9
    endloop
  endfacet
  facet normal 0.336902 -0.94154 0
    outer loop
      vertex 6.02714 2.1634 9.9
      vertex 5.79845 2.08157 8
      vertex 6.02714 2.1634 8
    endloop
  endfacet
  facet normal -0.302515 0.639599 0.706681
    outer loop
      vertex 4.3242 6.27466 10.4
      vertex 3.91329 6.63275 9.9
      vertex 4.14899 6.19179 10.4
    endloop
  endfacet
  facet normal 0.0490772 -0.998795 0
    outer loop
      vertex 5.08 1.975 8
      vertex 5.32259 1.98692 9.9
      vertex 5.08 1.975 9.9
    endloop
  endfacet
  facet normal 0.0490772 -0.998795 0
    outer loop
      vertex 5.32259 1.98692 9.9
      vertex 5.08 1.975 8
      vertex 5.32259 1.98692 8
    endloop
  endfacet
  facet normal -0.363727 0.606881 0.706681
    outer loop
      vertex 3.91329 6.63275 9.9
      vertex 3.70496 6.50789 9.9
      vertex 4.14899 6.19179 10.4
    endloop
  endfacet
  facet normal 0.421496 0.568288 0.706675
    outer loop
      vertex 6.45504 6.50789 9.9
      vertex 6.33293 5.9767 10.4
      vertex 6.65012 6.3632 9.9
    endloop
  endfacet
  facet normal 0.238374 0.66617 0.70668
    outer loop
      vertex 5.79845 6.81843 9.9
      vertex 5.65331 6.33996 10.4
      vertex 5.8358 6.27466 10.4
    endloop
  endfacet
  facet normal 0.671576 0.740935 -0
    outer loop
      vertex 83.5781 6.7481 2
      vertex 83.3418 6.96228 8
      vertex 83.5781 6.7481 8
    endloop
  endfacet
  facet normal 0.671576 0.740935 0
    outer loop
      vertex 83.3418 6.96228 8
      vertex 83.5781 6.7481 2
      vertex 83.3418 6.96228 2
    endloop
  endfacet
  facet normal -0.857819 0.513952 0
    outer loop
      vertex 78.4138 5.98204 2
      vertex 78.5777 6.2556 8
      vertex 78.5777 6.2556 2
    endloop
  endfacet
  facet normal -0.857819 0.513952 0
    outer loop
      vertex 78.5777 6.2556 8
      vertex 78.4138 5.98204 2
      vertex 78.4138 5.98204 8
    endloop
  endfacet
  facet normal -0.049062 0.998796 0
    outer loop
      vertex 81.28 7.7 2
      vertex 80.9614 7.68435 8
      vertex 81.28 7.7 8
    endloop
  endfacet
  facet normal -0.049062 0.998796 0
    outer loop
      vertex 80.9614 7.68435 8
      vertex 81.28 7.7 2
      vertex 80.9614 7.68435 2
    endloop
  endfacet
  facet normal -0.903947 -0.427644 0
    outer loop
      vertex 78.4138 2.91796 2
      vertex 78.2774 3.20628 8
      vertex 78.2774 3.20628 2
    endloop
  endfacet
  facet normal -0.903947 -0.427644 0
    outer loop
      vertex 78.2774 3.20628 8
      vertex 78.4138 2.91796 2
      vertex 78.4138 2.91796 8
    endloop
  endfacet
  facet normal -0.803202 0.595707 0
    outer loop
      vertex 78.5777 6.2556 2
      vertex 78.7677 6.51178 8
      vertex 78.7677 6.51178 2
    endloop
  endfacet
  facet normal -0.803202 0.595707 0
    outer loop
      vertex 78.7677 6.51178 8
      vertex 78.5777 6.2556 2
      vertex 78.5777 6.2556 8
    endloop
  endfacet
  facet normal -0.998803 -0.0489118 0
    outer loop
      vertex 78.0456 4.13144 2
      vertex 78.03 4.45 8
      vertex 78.03 4.45 2
    endloop
  endfacet
  facet normal -0.998803 -0.0489118 0
    outer loop
      vertex 78.03 4.45 8
      vertex 78.0456 4.13144 2
      vertex 78.0456 4.13144 8
    endloop
  endfacet
  facet normal -0.97003 -0.242986 0
    outer loop
      vertex 78.1699 3.50657 2
      vertex 78.0924 3.81596 8
      vertex 78.0924 3.81596 2
    endloop
  endfacet
  facet normal -0.97003 -0.242986 0
    outer loop
      vertex 78.0924 3.81596 8
      vertex 78.1699 3.50657 2
      vertex 78.1699 3.50657 8
    endloop
  endfacet
  facet normal -0.740932 0.67158 0
    outer loop
      vertex 78.7677 6.51178 2
      vertex 78.9819 6.7481 8
      vertex 78.9819 6.7481 2
    endloop
  endfacet
  facet normal -0.740932 0.67158 0
    outer loop
      vertex 78.9819 6.7481 8
      vertex 78.7677 6.51178 2
      vertex 78.7677 6.51178 8
    endloop
  endfacet
  facet normal -0.514035 0.857769 0
    outer loop
      vertex 79.748 7.31624 2
      vertex 79.4744 7.15228 8
      vertex 79.748 7.31624 8
    endloop
  endfacet
  facet normal -0.514035 0.857769 0
    outer loop
      vertex 79.4744 7.15228 8
      vertex 79.748 7.31624 2
      vertex 79.4744 7.15228 2
    endloop
  endfacet
  facet normal -0.146776 0.98917 0
    outer loop
      vertex 80.9614 7.68435 2
      vertex 80.646 7.63755 8
      vertex 80.9614 7.68435 8
    endloop
  endfacet
  facet normal -0.146776 0.98917 0
    outer loop
      vertex 80.646 7.63755 8
      vertex 80.9614 7.68435 2
      vertex 80.646 7.63755 2
    endloop
  endfacet
  facet normal -0.671576 0.740935 0
    outer loop
      vertex 79.2182 6.96228 2
      vertex 78.9819 6.7481 8
      vertex 79.2182 6.96228 8
    endloop
  endfacet
  facet normal -0.671576 0.740935 0
    outer loop
      vertex 78.9819 6.7481 8
      vertex 79.2182 6.96228 2
      vertex 78.9819 6.7481 2
    endloop
  endfacet
  facet normal -0.595677 0.803224 0
    outer loop
      vertex 79.4744 7.15228 2
      vertex 79.2182 6.96228 8
      vertex 79.4744 7.15228 8
    endloop
  endfacet
  facet normal -0.595677 0.803224 0
    outer loop
      vertex 79.2182 6.96228 8
      vertex 79.4744 7.15228 2
      vertex 79.2182 6.96228 2
    endloop
  endfacet
  facet normal 0.336892 0.941543 -0
    outer loop
      vertex 82.5237 7.45261 2
      vertex 82.2234 7.56006 8
      vertex 82.5237 7.45261 8
    endloop
  endfacet
  facet normal 0.336892 0.941543 0
    outer loop
      vertex 82.2234 7.56006 8
      vertex 82.5237 7.45261 2
      vertex 82.2234 7.56006 2
    endloop
  endfacet
  facet normal 0.740911 0.671604 0
    outer loop
      vertex 83.6 6.72394 8
      vertex 83.5781 6.7481 2
      vertex 83.5781 6.7481 8
    endloop
  endfacet
  facet normal 0.740911 0.671604 0
    outer loop
      vertex 83.5781 6.7481 2
      vertex 83.6 6.72394 8
      vertex 83.6 6.72394 2
    endloop
  endfacet
  facet normal -0.94149 -0.337041 0
    outer loop
      vertex 78.2774 3.20628 2
      vertex 78.1699 3.50657 8
      vertex 78.1699 3.50657 2
    endloop
  endfacet
  facet normal -0.94149 -0.337041 0
    outer loop
      vertex 78.1699 3.50657 8
      vertex 78.2774 3.20628 2
      vertex 78.2774 3.20628 8
    endloop
  endfacet
  facet normal 0.514035 0.857769 -0
    outer loop
      vertex 83.0856 7.15228 2
      vertex 82.812 7.31624 8
      vertex 83.0856 7.15228 8
    endloop
  endfacet
  facet normal 0.514035 0.857769 0
    outer loop
      vertex 82.812 7.31624 8
      vertex 83.0856 7.15228 2
      vertex 82.812 7.31624 2
    endloop
  endfacet
  facet normal 0.595677 0.803224 -0
    outer loop
      vertex 83.3418 6.96228 2
      vertex 83.0856 7.15228 8
      vertex 83.3418 6.96228 8
    endloop
  endfacet
  facet normal 0.595677 0.803224 0
    outer loop
      vertex 83.0856 7.15228 8
      vertex 83.3418 6.96228 2
      vertex 83.0856 7.15228 2
    endloop
  endfacet
  facet normal -0.242949 0.970039 0
    outer loop
      vertex 80.646 7.63755 2
      vertex 80.3366 7.56006 8
      vertex 80.646 7.63755 8
    endloop
  endfacet
  facet normal -0.242949 0.970039 0
    outer loop
      vertex 80.3366 7.56006 8
      vertex 80.646 7.63755 2
      vertex 80.3366 7.56006 2
    endloop
  endfacet
  facet normal -0.941493 0.337031 0
    outer loop
      vertex 78.1699 5.39342 2
      vertex 78.2774 5.69372 8
      vertex 78.2774 5.69372 2
    endloop
  endfacet
  facet normal -0.941493 0.337031 0
    outer loop
      vertex 78.2774 5.69372 8
      vertex 78.1699 5.39342 2
      vertex 78.1699 5.39342 8
    endloop
  endfacet
  facet normal -0.427592 0.903972 0
    outer loop
      vertex 80.0363 7.45261 2
      vertex 79.748 7.31624 8
      vertex 80.0363 7.45261 8
    endloop
  endfacet
  facet normal -0.427592 0.903972 0
    outer loop
      vertex 79.748 7.31624 8
      vertex 80.0363 7.45261 2
      vertex 79.748 7.31624 2
    endloop
  endfacet
  facet normal -0.989176 0.146735 0
    outer loop
      vertex 78.0456 4.76855 2
      vertex 78.0924 5.08404 8
      vertex 78.0924 5.08404 2
    endloop
  endfacet
  facet normal -0.989176 0.146735 0
    outer loop
      vertex 78.0924 5.08404 8
      vertex 78.0456 4.76855 2
      vertex 78.0456 4.76855 8
    endloop
  endfacet
  facet normal -0.970028 0.242993 0
    outer loop
      vertex 78.0924 5.08404 2
      vertex 78.1699 5.39342 8
      vertex 78.1699 5.39342 2
    endloop
  endfacet
  facet normal -0.970028 0.242993 0
    outer loop
      vertex 78.1699 5.39342 8
      vertex 78.0924 5.08404 2
      vertex 78.0924 5.08404 8
    endloop
  endfacet
  facet normal 0.427592 0.903972 -0
    outer loop
      vertex 82.812 7.31624 2
      vertex 82.5237 7.45261 8
      vertex 82.812 7.31624 8
    endloop
  endfacet
  facet normal 0.427592 0.903972 0
    outer loop
      vertex 82.5237 7.45261 8
      vertex 82.812 7.31624 2
      vertex 82.5237 7.45261 2
    endloop
  endfacet
  facet normal 0.146776 0.98917 -0
    outer loop
      vertex 81.914 7.63755 2
      vertex 81.5986 7.68435 8
      vertex 81.914 7.63755 8
    endloop
  endfacet
  facet normal 0.146776 0.98917 0
    outer loop
      vertex 81.5986 7.68435 8
      vertex 81.914 7.63755 2
      vertex 81.5986 7.68435 2
    endloop
  endfacet
  facet normal 0.049062 0.998796 -0
    outer loop
      vertex 81.5986 7.68435 2
      vertex 81.28 7.7 8
      vertex 81.5986 7.68435 8
    endloop
  endfacet
  facet normal 0.049062 0.998796 0
    outer loop
      vertex 81.28 7.7 8
      vertex 81.5986 7.68435 2
      vertex 81.28 7.7 2
    endloop
  endfacet
  facet normal -0.740932 -0.67158 0
    outer loop
      vertex 78.9819 2.1519 2
      vertex 78.7677 2.38822 8
      vertex 78.7677 2.38822 2
    endloop
  endfacet
  facet normal -0.740932 -0.67158 0
    outer loop
      vertex 78.7677 2.38822 8
      vertex 78.9819 2.1519 2
      vertex 78.9819 2.1519 8
    endloop
  endfacet
  facet normal -0.857819 -0.513952 0
    outer loop
      vertex 78.5777 2.6444 2
      vertex 78.4138 2.91796 8
      vertex 78.4138 2.91796 2
    endloop
  endfacet
  facet normal -0.857819 -0.513952 0
    outer loop
      vertex 78.4138 2.91796 8
      vertex 78.5777 2.6444 2
      vertex 78.5777 2.6444 8
    endloop
  endfacet
  facet normal -0.336892 0.941543 0
    outer loop
      vertex 80.3366 7.56006 2
      vertex 80.0363 7.45261 8
      vertex 80.3366 7.56006 8
    endloop
  endfacet
  facet normal -0.336892 0.941543 0
    outer loop
      vertex 80.0363 7.45261 8
      vertex 80.3366 7.56006 2
      vertex 80.0363 7.45261 2
    endloop
  endfacet
  facet normal -0.803202 -0.595707 0
    outer loop
      vertex 78.7677 2.38822 2
      vertex 78.5777 2.6444 8
      vertex 78.5777 2.6444 2
    endloop
  endfacet
  facet normal -0.803202 -0.595707 0
    outer loop
      vertex 78.5777 2.6444 8
      vertex 78.7677 2.38822 2
      vertex 78.7677 2.38822 8
    endloop
  endfacet
  facet normal -0.903947 0.427644 0
    outer loop
      vertex 78.2774 5.69372 2
      vertex 78.4138 5.98204 8
      vertex 78.4138 5.98204 2
    endloop
  endfacet
  facet normal -0.903947 0.427644 0
    outer loop
      vertex 78.4138 5.98204 8
      vertex 78.2774 5.69372 2
      vertex 78.2774 5.69372 8
    endloop
  endfacet
  facet normal -0.989175 -0.14674 0
    outer loop
      vertex 78.0924 3.81596 2
      vertex 78.0456 4.13144 8
      vertex 78.0456 4.13144 2
    endloop
  endfacet
  facet normal -0.989175 -0.14674 0
    outer loop
      vertex 78.0456 4.13144 8
      vertex 78.0924 3.81596 2
      vertex 78.0924 3.81596 8
    endloop
  endfacet
  facet normal 0.242949 0.970039 -0
    outer loop
      vertex 82.2234 7.56006 2
      vertex 81.914 7.63755 8
      vertex 82.2234 7.56006 8
    endloop
  endfacet
  facet normal 0.242949 0.970039 0
    outer loop
      vertex 81.914 7.63755 8
      vertex 82.2234 7.56006 2
      vertex 81.914 7.63755 2
    endloop
  endfacet
  facet normal -0.67155 -0.740959 0
    outer loop
      vertex 78.9819 2.1519 2
      vertex 79.1495 2 8
      vertex 78.9819 2.1519 8
    endloop
  endfacet
  facet normal -0.67155 -0.740959 -0
    outer loop
      vertex 79.1495 2 8
      vertex 78.9819 2.1519 2
      vertex 79.1495 2 2
    endloop
  endfacet
  facet normal -0.998803 0.0489133 0
    outer loop
      vertex 78.03 4.45 2
      vertex 78.0456 4.76855 8
      vertex 78.0456 4.76855 2
    endloop
  endfacet
  facet normal -0.998803 0.0489133 0
    outer loop
      vertex 78.0456 4.76855 8
      vertex 78.03 4.45 2
      vertex 78.03 4.45 8
    endloop
  endfacet
  facet normal -0.98914 0.146975 0
    outer loop
      vertex 78.8169 4.69259 8
      vertex 78.8526 4.93285 9.9
      vertex 78.8526 4.93285 8
    endloop
  endfacet
  facet normal -0.98914 0.146975 0
    outer loop
      vertex 78.8526 4.93285 9.9
      vertex 78.8169 4.69259 8
      vertex 78.8169 4.69259 9.9
    endloop
  endfacet
  facet normal -0.639678 0.302403 0.706658
    outer loop
      vertex 79.0972 5.61671 9.9
      vertex 78.9934 5.39714 9.9
      vertex 79.4553 5.2058 10.4
    endloop
  endfacet
  facet normal 0.242865 -0.97006 0
    outer loop
      vertex 81.7628 2.02256 8
      vertex 81.9985 2.08157 9.9
      vertex 81.7628 2.02256 9.9
    endloop
  endfacet
  facet normal 0.242865 -0.97006 0
    outer loop
      vertex 81.9985 2.08157 9.9
      vertex 81.7628 2.02256 8
      vertex 81.9985 2.08157 8
    endloop
  endfacet
  facet normal 0.699848 -0.10399 0.706682
    outer loop
      vertex 83.7431 4.20741 9.9
      vertex 83.2455 4.25642 10.4
      vertex 83.7074 3.96715 9.9
    endloop
  endfacet
  facet normal 0.33702 0.941498 -0
    outer loop
      vertex 82.2271 6.7366 8
      vertex 81.9985 6.81843 9.9
      vertex 82.2271 6.7366 9.9
    endloop
  endfacet
  facet normal 0.33702 0.941498 0
    outer loop
      vertex 81.9985 6.81843 9.9
      vertex 82.2271 6.7366 8
      vertex 81.9985 6.81843 8
    endloop
  endfacet
  facet normal -0.0347224 0.706682 0.706679
    outer loop
      vertex 81.28 6.925 9.9
      vertex 81.0374 6.91308 9.9
      vertex 81.0864 6.41549 10.4
    endloop
  endfacet
  facet normal -0.595683 0.803219 0
    outer loop
      vertex 79.905 6.50789 8
      vertex 79.7099 6.3632 9.9
      vertex 79.905 6.50789 9.9
    endloop
  endfacet
  facet normal -0.595683 0.803219 0
    outer loop
      vertex 79.7099 6.3632 9.9
      vertex 79.905 6.50789 8
      vertex 79.7099 6.3632 8
    endloop
  endfacet
  facet normal -0.666225 0.238302 0.706652
    outer loop
      vertex 78.9934 5.39714 9.9
      vertex 78.9116 5.16845 9.9
      vertex 79.4553 5.2058 10.4
    endloop
  endfacet
  facet normal 0.238358 -0.66616 0.706694
    outer loop
      vertex 82.0358 2.62534 10.4
      vertex 81.8533 2.56004 10.4
      vertex 81.9985 2.08157 9.9
    endloop
  endfacet
  facet normal 0.998799 0.048995 0
    outer loop
      vertex 83.755 4.45 9.9
      vertex 83.7431 4.69259 8
      vertex 83.7431 4.69259 9.9
    endloop
  endfacet
  facet normal 0.998799 0.048995 0
    outer loop
      vertex 83.7431 4.69259 8
      vertex 83.755 4.45 9.9
      vertex 83.755 4.45 8
    endloop
  endfacet
  facet normal -0.606955 0.363648 0.706658
    outer loop
      vertex 79.6378 5.54725 10.4
      vertex 79.2221 5.82504 9.9
      vertex 79.5382 5.38101 10.4
    endloop
  endfacet
  facet normal -0.238358 0.66616 0.706694
    outer loop
      vertex 80.5615 6.81843 9.9
      vertex 80.5242 6.27466 10.4
      vertex 80.7067 6.33996 10.4
    endloop
  endfacet
  facet normal 0.524182 0.475235 0.706672
    outer loop
      vertex 83.1932 6.02012 9.9
      vertex 82.6765 5.84654 10.4
      vertex 82.8067 5.70293 10.4
    endloop
  endfacet
  facet normal -0.0490752 0.998795 0
    outer loop
      vertex 81.28 6.925 8
      vertex 81.0374 6.91308 9.9
      vertex 81.28 6.925 9.9
    endloop
  endfacet
  facet normal -0.0490752 0.998795 0
    outer loop
      vertex 81.0374 6.91308 9.9
      vertex 81.28 6.925 8
      vertex 81.0374 6.91308 8
    endloop
  endfacet
  facet normal -0.10383 0.699869 0.706685
    outer loop
      vertex 81.0864 6.41549 10.4
      vertex 80.7971 6.87744 9.9
      vertex 80.8947 6.38705 10.4
    endloop
  endfacet
  facet normal -0.671486 -0.741018 0
    outer loop
      vertex 79.5299 2.69991 8
      vertex 79.7099 2.5368 9.9
      vertex 79.5299 2.69991 9.9
    endloop
  endfacet
  facet normal -0.671486 -0.741018 -0
    outer loop
      vertex 79.7099 2.5368 9.9
      vertex 79.5299 2.69991 8
      vertex 79.7099 2.5368 8
    endloop
  endfacet
  facet normal -0.857671 0.514199 0
    outer loop
      vertex 79.0972 5.61671 8
      vertex 79.2221 5.82504 9.9
      vertex 79.2221 5.82504 8
    endloop
  endfacet
  facet normal -0.857671 0.514199 0
    outer loop
      vertex 79.2221 5.82504 9.9
      vertex 79.0972 5.61671 8
      vertex 79.0972 5.61671 9.9
    endloop
  endfacet
  facet normal 0.421467 0.568306 0.706679
    outer loop
      vertex 82.655 6.50789 9.9
      vertex 82.5329 5.9767 10.4
      vertex 82.8501 6.3632 9.9
    endloop
  endfacet
  facet normal -0.740982 0.671524 0
    outer loop
      vertex 79.3668 6.02012 8
      vertex 79.5299 6.20009 9.9
      vertex 79.5299 6.20009 8
    endloop
  endfacet
  facet normal -0.740982 0.671524 0
    outer loop
      vertex 79.5299 6.20009 9.9
      vertex 79.3668 6.02012 8
      vertex 79.3668 6.02012 9.9
    endloop
  endfacet
  facet normal 0.686332 -0.171874 0.706687
    outer loop
      vertex 83.7074 3.96715 9.9
      vertex 83.217 4.0647 10.4
      vertex 83.6484 3.73155 9.9
    endloop
  endfacet
  facet normal -0.302483 0.639627 0.706669
    outer loop
      vertex 80.3329 6.7366 9.9
      vertex 80.1133 6.63275 9.9
      vertex 80.5242 6.27466 10.4
    endloop
  endfacet
  facet normal -0.524253 0.475111 0.706703
    outer loop
      vertex 79.5299 6.20009 9.9
      vertex 79.3668 6.02012 9.9
      vertex 79.8835 5.84654 10.4
    endloop
  endfacet
  facet normal -0.427511 0.90401 0
    outer loop
      vertex 80.3329 6.7366 8
      vertex 80.1133 6.63275 9.9
      vertex 80.3329 6.7366 9.9
    endloop
  endfacet
  facet normal -0.427511 0.90401 0
    outer loop
      vertex 80.1133 6.63275 9.9
      vertex 80.3329 6.7366 8
      vertex 80.1133 6.63275 8
    endloop
  endfacet
  facet normal 0.103845 -0.699874 0.706677
    outer loop
      vertex 81.7628 2.02256 9.9
      vertex 81.4736 2.48451 10.4
      vertex 81.5226 1.98692 9.9
    endloop
  endfacet
  facet normal -0.514132 0.857711 0
    outer loop
      vertex 80.1133 6.63275 8
      vertex 79.905 6.50789 9.9
      vertex 80.1133 6.63275 9.9
    endloop
  endfacet
  facet normal -0.514132 0.857711 0
    outer loop
      vertex 79.905 6.50789 9.9
      vertex 80.1133 6.63275 8
      vertex 79.905 6.50789 8
    endloop
  endfacet
  facet normal -0.606811 -0.363801 0.706703
    outer loop
      vertex 79.5382 3.51899 10.4
      vertex 79.0972 3.28329 9.9
      vertex 79.2221 3.07496 9.9
    endloop
  endfacet
  facet normal -0.998799 -0.048995 0
    outer loop
      vertex 78.8169 4.20741 8
      vertex 78.805 4.45 9.9
      vertex 78.805 4.45 8
    endloop
  endfacet
  facet normal -0.998799 -0.048995 0
    outer loop
      vertex 78.805 4.45 9.9
      vertex 78.8169 4.20741 8
      vertex 78.8169 4.20741 9.9
    endloop
  endfacet
  facet normal 0.671486 0.741018 -0
    outer loop
      vertex 83.0301 6.20009 8
      vertex 82.8501 6.3632 9.9
      vertex 83.0301 6.20009 9.9
    endloop
  endfacet
  facet normal 0.671486 0.741018 0
    outer loop
      vertex 82.8501 6.3632 9.9
      vertex 83.0301 6.20009 8
      vertex 82.8501 6.3632 8
    endloop
  endfacet
  facet normal -0.103802 0.699879 0.706678
    outer loop
      vertex 81.0374 6.91308 9.9
      vertex 80.7971 6.87744 9.9
      vertex 81.0864 6.41549 10.4
    endloop
  endfacet
  facet normal -0.33702 0.941498 0
    outer loop
      vertex 80.5615 6.81843 8
      vertex 80.3329 6.7366 9.9
      vertex 80.5615 6.81843 9.9
    endloop
  endfacet
  facet normal -0.33702 0.941498 0
    outer loop
      vertex 80.3329 6.7366 9.9
      vertex 80.5615 6.81843 8
      vertex 80.3329 6.7366 8
    endloop
  endfacet
  facet normal -0.33702 -0.941498 0
    outer loop
      vertex 80.3329 2.1634 8
      vertex 80.5615 2.08157 9.9
      vertex 80.3329 2.1634 9.9
    endloop
  endfacet
  facet normal -0.33702 -0.941498 -0
    outer loop
      vertex 80.5615 2.08157 9.9
      vertex 80.3329 2.1634 8
      vertex 80.5615 2.08157 8
    endloop
  endfacet
  facet normal 0.595683 0.803219 -0
    outer loop
      vertex 82.8501 6.3632 8
      vertex 82.655 6.50789 9.9
      vertex 82.8501 6.3632 9.9
    endloop
  endfacet
  facet normal 0.595683 0.803219 0
    outer loop
      vertex 82.655 6.50789 9.9
      vertex 82.8501 6.3632 8
      vertex 82.655 6.50789 8
    endloop
  endfacet
  facet normal 0.568273 0.421515 0.706676
    outer loop
      vertex 83.1932 6.02012 9.9
      vertex 82.8067 5.70293 10.4
      vertex 83.3379 5.82504 9.9
    endloop
  endfacet
  facet normal -0.595683 -0.803219 0
    outer loop
      vertex 79.7099 2.5368 8
      vertex 79.905 2.39211 9.9
      vertex 79.7099 2.5368 9.9
    endloop
  endfacet
  facet normal -0.595683 -0.803219 -0
    outer loop
      vertex 79.905 2.39211 9.9
      vertex 79.7099 2.5368 8
      vertex 79.905 2.39211 8
    endloop
  endfacet
  facet normal -0.103802 -0.699879 0.706678
    outer loop
      vertex 81.0864 2.48451 10.4
      vertex 80.7971 2.02256 9.9
      vertex 81.0374 1.98692 9.9
    endloop
  endfacet
  facet normal -0.524253 -0.475111 0.706703
    outer loop
      vertex 79.8835 3.05346 10.4
      vertex 79.3668 2.87988 9.9
      vertex 79.5299 2.69991 9.9
    endloop
  endfacet
  facet normal 0.699832 -0.104033 0.706692
    outer loop
      vertex 83.2455 4.25642 10.4
      vertex 83.217 4.0647 10.4
      vertex 83.7074 3.96715 9.9
    endloop
  endfacet
  facet normal 0.302483 -0.639627 0.706669
    outer loop
      vertex 82.4467 2.26725 9.9
      vertex 82.0358 2.62534 10.4
      vertex 82.2271 2.1634 9.9
    endloop
  endfacet
  facet normal -0.706679 -0.0346654 0.706685
    outer loop
      vertex 79.3145 4.25642 10.4
      vertex 78.805 4.45 9.9
      vertex 78.8169 4.20741 9.9
    endloop
  endfacet
  facet normal -0.568243 0.421583 0.70666
    outer loop
      vertex 79.7533 5.70293 10.4
      vertex 79.2221 5.82504 9.9
      vertex 79.6378 5.54725 10.4
    endloop
  endfacet
  facet normal -0.671486 0.741018 0
    outer loop
      vertex 79.7099 6.3632 8
      vertex 79.5299 6.20009 9.9
      vertex 79.7099 6.3632 9.9
    endloop
  endfacet
  facet normal -0.671486 0.741018 0
    outer loop
      vertex 79.5299 6.20009 9.9
      vertex 79.7099 6.3632 8
      vertex 79.5299 6.20009 8
    endloop
  endfacet
  facet normal 0.421614 0.568239 0.706644
    outer loop
      vertex 82.655 6.50789 9.9
      vertex 82.3773 6.09215 10.4
      vertex 82.5329 5.9767 10.4
    endloop
  endfacet
  facet normal 0.606811 -0.363801 0.706703
    outer loop
      vertex 83.4628 3.28329 9.9
      vertex 83.0218 3.51899 10.4
      vertex 83.3379 3.07496 9.9
    endloop
  endfacet
  facet normal 0.14677 0.989171 -0
    outer loop
      vertex 81.7628 6.87744 8
      vertex 81.5226 6.91308 9.9
      vertex 81.7628 6.87744 9.9
    endloop
  endfacet
  facet normal 0.14677 0.989171 0
    outer loop
      vertex 81.5226 6.91308 9.9
      vertex 81.7628 6.87744 8
      vertex 81.5226 6.91308 8
    endloop
  endfacet
  facet normal 0.941579 -0.336793 0
    outer loop
      vertex 83.5666 3.50286 9.9
      vertex 83.6484 3.73155 8
      vertex 83.6484 3.73155 9.9
    endloop
  endfacet
  facet normal 0.941579 -0.336793 0
    outer loop
      vertex 83.6484 3.73155 8
      vertex 83.5666 3.50286 9.9
      vertex 83.5666 3.50286 8
    endloop
  endfacet
  facet normal 0.568273 -0.421515 0.706676
    outer loop
      vertex 83.3379 3.07496 9.9
      vertex 82.8067 3.19707 10.4
      vertex 83.1932 2.87988 9.9
    endloop
  endfacet
  facet normal -0.970046 -0.242923 0
    outer loop
      vertex 78.9116 3.73155 8
      vertex 78.8526 3.96715 9.9
      vertex 78.8526 3.96715 8
    endloop
  endfacet
  facet normal -0.970046 -0.242923 0
    outer loop
      vertex 78.8526 3.96715 9.9
      vertex 78.9116 3.73155 8
      vertex 78.9116 3.73155 9.9
    endloop
  endfacet
  facet normal -0.98914 -0.146975 0
    outer loop
      vertex 78.8526 3.96715 8
      vertex 78.8169 4.20741 9.9
      vertex 78.8169 4.20741 8
    endloop
  endfacet
  facet normal -0.98914 -0.146975 0
    outer loop
      vertex 78.8169 4.20741 9.9
      vertex 78.8526 3.96715 8
      vertex 78.8526 3.96715 9.9
    endloop
  endfacet
  facet normal 0.0347135 -0.706681 0.706681
    outer loop
      vertex 81.28 2.475 10.4
      vertex 81.28 1.975 9.9
      vertex 81.4736 2.48451 10.4
    endloop
  endfacet
  facet normal 0.103845 0.699874 0.706677
    outer loop
      vertex 81.5226 6.91308 9.9
      vertex 81.4736 6.41549 10.4
      vertex 81.7628 6.87744 9.9
    endloop
  endfacet
  facet normal -0.80317 -0.595749 0
    outer loop
      vertex 79.3668 2.87988 8
      vertex 79.2221 3.07496 9.9
      vertex 79.2221 3.07496 8
    endloop
  endfacet
  facet normal -0.80317 -0.595749 0
    outer loop
      vertex 79.2221 3.07496 9.9
      vertex 79.3668 2.87988 8
      vertex 79.3668 2.87988 9.9
    endloop
  endfacet
  facet normal -0.242962 0.970036 0
    outer loop
      vertex 80.7971 6.87744 8
      vertex 80.5615 6.81843 9.9
      vertex 80.7971 6.87744 9.9
    endloop
  endfacet
  facet normal -0.242962 0.970036 0
    outer loop
      vertex 80.5615 6.81843 9.9
      vertex 80.7971 6.87744 8
      vertex 80.5615 6.81843 8
    endloop
  endfacet
  facet normal -0.363766 0.606859 0.70668
    outer loop
      vertex 80.1133 6.63275 9.9
      vertex 79.905 6.50789 9.9
      vertex 80.349 6.19179 10.4
    endloop
  endfacet
  facet normal 0.606736 -0.363881 0.706726
    outer loop
      vertex 83.0218 3.51899 10.4
      vertex 82.9221 3.35275 10.4
      vertex 83.3379 3.07496 9.9
    endloop
  endfacet
  facet normal -0.14671 0.98918 0
    outer loop
      vertex 81.0374 6.91308 8
      vertex 80.7971 6.87744 9.9
      vertex 81.0374 6.91308 9.9
    endloop
  endfacet
  facet normal -0.14671 0.98918 0
    outer loop
      vertex 80.7971 6.87744 9.9
      vertex 81.0374 6.91308 8
      vertex 80.7971 6.87744 8
    endloop
  endfacet
  facet normal -0.363663 0.606956 0.70665
    outer loop
      vertex 80.349 6.19179 10.4
      vertex 79.905 6.50789 9.9
      vertex 80.1827 6.09215 10.4
    endloop
  endfacet
  facet normal -0.666213 0.23839 0.706633
    outer loop
      vertex 79.4553 5.2058 10.4
      vertex 78.9116 5.16845 9.9
      vertex 79.39 5.02331 10.4
    endloop
  endfacet
  facet normal -0.238455 0.666147 0.706673
    outer loop
      vertex 80.5615 6.81843 9.9
      vertex 80.3329 6.7366 9.9
      vertex 80.5242 6.27466 10.4
    endloop
  endfacet
  facet normal -0.568273 0.421515 0.706676
    outer loop
      vertex 79.3668 6.02012 9.9
      vertex 79.2221 5.82504 9.9
      vertex 79.7533 5.70293 10.4
    endloop
  endfacet
  facet normal 0.706679 -0.0346654 0.706685
    outer loop
      vertex 83.755 4.45 9.9
      vertex 83.2455 4.25642 10.4
      vertex 83.7431 4.20741 9.9
    endloop
  endfacet
  facet normal 0.524182 -0.475235 0.706672
    outer loop
      vertex 82.8067 3.19707 10.4
      vertex 82.6765 3.05346 10.4
      vertex 83.1932 2.87988 9.9
    endloop
  endfacet
  facet normal 0.98914 0.146975 0
    outer loop
      vertex 83.7431 4.69259 9.9
      vertex 83.7074 4.93285 8
      vertex 83.7074 4.93285 9.9
    endloop
  endfacet
  facet normal 0.98914 0.146975 0
    outer loop
      vertex 83.7074 4.93285 8
      vertex 83.7431 4.69259 9.9
      vertex 83.7431 4.69259 8
    endloop
  endfacet
  facet normal 0.740982 0.671524 0
    outer loop
      vertex 83.1932 6.02012 9.9
      vertex 83.0301 6.20009 8
      vertex 83.0301 6.20009 9.9
    endloop
  endfacet
  facet normal 0.740982 0.671524 0
    outer loop
      vertex 83.0301 6.20009 8
      vertex 83.1932 6.02012 9.9
      vertex 83.1932 6.02012 8
    endloop
  endfacet
  facet normal -0.970046 0.242923 0
    outer loop
      vertex 78.8526 4.93285 8
      vertex 78.9116 5.16845 9.9
      vertex 78.9116 5.16845 8
    endloop
  endfacet
  facet normal -0.970046 0.242923 0
    outer loop
      vertex 78.9116 5.16845 9.9
      vertex 78.8526 4.93285 8
      vertex 78.8526 4.93285 9.9
    endloop
  endfacet
  facet normal -0.666225 -0.238302 0.706652
    outer loop
      vertex 79.4553 3.6942 10.4
      vertex 78.9116 3.73155 9.9
      vertex 78.9934 3.50286 9.9
    endloop
  endfacet
  facet normal 0.595683 -0.803219 0
    outer loop
      vertex 82.655 2.39211 8
      vertex 82.8501 2.5368 9.9
      vertex 82.655 2.39211 9.9
    endloop
  endfacet
  facet normal 0.595683 -0.803219 0
    outer loop
      vertex 82.8501 2.5368 9.9
      vertex 82.655 2.39211 8
      vertex 82.8501 2.5368 8
    endloop
  endfacet
  facet normal -0.699963 -0.103687 0.706613
    outer loop
      vertex 79.3145 4.25642 10.4
      vertex 78.8526 3.96715 9.9
      vertex 79.3429 4.0647 10.4
    endloop
  endfacet
  facet normal 0.699832 0.104033 0.706692
    outer loop
      vertex 83.7074 4.93285 9.9
      vertex 83.217 4.8353 10.4
      vertex 83.2455 4.64358 10.4
    endloop
  endfacet
  facet normal -0.686399 -0.171891 0.706619
    outer loop
      vertex 79.3429 4.0647 10.4
      vertex 78.8526 3.96715 9.9
      vertex 78.9116 3.73155 9.9
    endloop
  endfacet
  facet normal 0.970046 0.242923 0
    outer loop
      vertex 83.7074 4.93285 9.9
      vertex 83.6484 5.16845 8
      vertex 83.6484 5.16845 9.9
    endloop
  endfacet
  facet normal 0.970046 0.242923 0
    outer loop
      vertex 83.6484 5.16845 8
      vertex 83.7074 4.93285 9.9
      vertex 83.7074 4.93285 8
    endloop
  endfacet
  facet normal 0.0490752 0.998795 -0
    outer loop
      vertex 81.5226 6.91308 8
      vertex 81.28 6.925 9.9
      vertex 81.5226 6.91308 9.9
    endloop
  endfacet
  facet normal 0.0490752 0.998795 0
    outer loop
      vertex 81.28 6.925 9.9
      vertex 81.5226 6.91308 8
      vertex 81.28 6.925 8
    endloop
  endfacet
  facet normal -0.0347135 0.706681 0.706681
    outer loop
      vertex 81.28 6.925 9.9
      vertex 81.0864 6.41549 10.4
      vertex 81.28 6.425 10.4
    endloop
  endfacet
  facet normal 0.363663 -0.606956 0.70665
    outer loop
      vertex 82.3773 2.80785 10.4
      vertex 82.211 2.70821 10.4
      vertex 82.655 2.39211 9.9
    endloop
  endfacet
  facet normal 0.80317 0.595749 0
    outer loop
      vertex 83.3379 5.82504 9.9
      vertex 83.1932 6.02012 8
      vertex 83.1932 6.02012 9.9
    endloop
  endfacet
  facet normal 0.80317 0.595749 0
    outer loop
      vertex 83.1932 6.02012 8
      vertex 83.3379 5.82504 9.9
      vertex 83.3379 5.82504 8
    endloop
  endfacet
  facet normal 0.740982 -0.671524 0
    outer loop
      vertex 83.0301 2.69991 9.9
      vertex 83.1932 2.87988 8
      vertex 83.1932 2.87988 9.9
    endloop
  endfacet
  facet normal 0.740982 -0.671524 0
    outer loop
      vertex 83.1932 2.87988 8
      vertex 83.0301 2.69991 9.9
      vertex 83.0301 2.69991 8
    endloop
  endfacet
  facet normal -0.80317 0.595749 0
    outer loop
      vertex 79.2221 5.82504 8
      vertex 79.3668 6.02012 9.9
      vertex 79.3668 6.02012 8
    endloop
  endfacet
  facet normal -0.80317 0.595749 0
    outer loop
      vertex 79.3668 6.02012 9.9
      vertex 79.2221 5.82504 8
      vertex 79.2221 5.82504 9.9
    endloop
  endfacet
  facet normal 0.171837 -0.686357 0.706673
    outer loop
      vertex 81.9985 2.08157 9.9
      vertex 81.6653 2.51295 10.4
      vertex 81.7628 2.02256 9.9
    endloop
  endfacet
  facet normal 0.98914 -0.146975 0
    outer loop
      vertex 83.7074 3.96715 9.9
      vertex 83.7431 4.20741 8
      vertex 83.7431 4.20741 9.9
    endloop
  endfacet
  facet normal 0.98914 -0.146975 0
    outer loop
      vertex 83.7431 4.20741 8
      vertex 83.7074 3.96715 9.9
      vertex 83.7074 3.96715 8
    endloop
  endfacet
  facet normal -0.14671 -0.98918 0
    outer loop
      vertex 80.7971 2.02256 8
      vertex 81.0374 1.98692 9.9
      vertex 80.7971 2.02256 9.9
    endloop
  endfacet
  facet normal -0.14671 -0.98918 -0
    outer loop
      vertex 81.0374 1.98692 9.9
      vertex 80.7971 2.02256 8
      vertex 81.0374 1.98692 8
    endloop
  endfacet
  facet normal -0.302483 -0.639627 0.706669
    outer loop
      vertex 80.5242 2.62534 10.4
      vertex 80.1133 2.26725 9.9
      vertex 80.3329 2.1634 9.9
    endloop
  endfacet
  facet normal -0.666213 -0.23839 0.706633
    outer loop
      vertex 79.39 3.87669 10.4
      vertex 78.9116 3.73155 9.9
      vertex 79.4553 3.6942 10.4
    endloop
  endfacet
  facet normal -0.0347135 -0.706681 0.706681
    outer loop
      vertex 81.28 2.475 10.4
      vertex 81.0864 2.48451 10.4
      vertex 81.28 1.975 9.9
    endloop
  endfacet
  facet normal -0.904067 -0.427391 0
    outer loop
      vertex 79.0972 3.28329 8
      vertex 78.9934 3.50286 9.9
      vertex 78.9934 3.50286 8
    endloop
  endfacet
  facet normal -0.904067 -0.427391 0
    outer loop
      vertex 78.9934 3.50286 9.9
      vertex 79.0972 3.28329 8
      vertex 79.0972 3.28329 9.9
    endloop
  endfacet
  facet normal -0.706679 0.0346654 0.706685
    outer loop
      vertex 78.8169 4.69259 9.9
      vertex 78.805 4.45 9.9
      vertex 79.3145 4.64358 10.4
    endloop
  endfacet
  facet normal -0.363663 -0.606956 0.70665
    outer loop
      vertex 80.1827 2.80785 10.4
      vertex 79.905 2.39211 9.9
      vertex 80.349 2.70821 10.4
    endloop
  endfacet
  facet normal -0.524182 0.475235 0.706672
    outer loop
      vertex 79.8835 5.84654 10.4
      vertex 79.3668 6.02012 9.9
      vertex 79.7533 5.70293 10.4
    endloop
  endfacet
  facet normal 0.998799 -0.048995 0
    outer loop
      vertex 83.7431 4.20741 9.9
      vertex 83.755 4.45 8
      vertex 83.755 4.45 9.9
    endloop
  endfacet
  facet normal 0.998799 -0.048995 0
    outer loop
      vertex 83.755 4.45 8
      vertex 83.7431 4.20741 9.9
      vertex 83.7431 4.20741 8
    endloop
  endfacet
  facet normal -0.941579 -0.336793 0
    outer loop
      vertex 78.9934 3.50286 8
      vertex 78.9116 3.73155 9.9
      vertex 78.9116 3.73155 8
    endloop
  endfacet
  facet normal -0.941579 -0.336793 0
    outer loop
      vertex 78.9116 3.73155 9.9
      vertex 78.9934 3.50286 8
      vertex 78.9934 3.50286 9.9
    endloop
  endfacet
  facet normal -0.740982 -0.671524 0
    outer loop
      vertex 79.5299 2.69991 8
      vertex 79.3668 2.87988 9.9
      vertex 79.3668 2.87988 8
    endloop
  endfacet
  facet normal -0.740982 -0.671524 0
    outer loop
      vertex 79.3668 2.87988 9.9
      vertex 79.5299 2.69991 8
      vertex 79.5299 2.69991 9.9
    endloop
  endfacet
  facet normal -0.171902 0.686324 0.706688
    outer loop
      vertex 80.7971 6.87744 9.9
      vertex 80.5615 6.81843 9.9
      vertex 80.8947 6.38705 10.4
    endloop
  endfacet
  facet normal 0.639678 -0.302403 0.706658
    outer loop
      vertex 83.5666 3.50286 9.9
      vertex 83.1047 3.6942 10.4
      vertex 83.4628 3.28329 9.9
    endloop
  endfacet
  facet normal 0.970046 -0.242923 0
    outer loop
      vertex 83.6484 3.73155 9.9
      vertex 83.7074 3.96715 8
      vertex 83.7074 3.96715 9.9
    endloop
  endfacet
  facet normal 0.970046 -0.242923 0
    outer loop
      vertex 83.7074 3.96715 8
      vertex 83.6484 3.73155 9.9
      vertex 83.6484 3.73155 8
    endloop
  endfacet
  facet normal 0.671486 -0.741018 0
    outer loop
      vertex 82.8501 2.5368 8
      vertex 83.0301 2.69991 9.9
      vertex 82.8501 2.5368 9.9
    endloop
  endfacet
  facet normal 0.671486 -0.741018 0
    outer loop
      vertex 83.0301 2.69991 9.9
      vertex 82.8501 2.5368 8
      vertex 83.0301 2.69991 8
    endloop
  endfacet
  facet normal 0.427511 -0.90401 0
    outer loop
      vertex 82.2271 2.1634 8
      vertex 82.4467 2.26725 9.9
      vertex 82.2271 2.1634 9.9
    endloop
  endfacet
  facet normal 0.427511 -0.90401 0
    outer loop
      vertex 82.4467 2.26725 9.9
      vertex 82.2271 2.1634 8
      vertex 82.4467 2.26725 8
    endloop
  endfacet
  facet normal 0.568366 -0.421309 0.706724
    outer loop
      vertex 82.9221 3.35275 10.4
      vertex 82.8067 3.19707 10.4
      vertex 83.3379 3.07496 9.9
    endloop
  endfacet
  facet normal 0.904067 -0.427391 0
    outer loop
      vertex 83.4628 3.28329 9.9
      vertex 83.5666 3.50286 8
      vertex 83.5666 3.50286 9.9
    endloop
  endfacet
  facet normal 0.904067 -0.427391 0
    outer loop
      vertex 83.5666 3.50286 8
      vertex 83.4628 3.28329 9.9
      vertex 83.4628 3.28329 8
    endloop
  endfacet
  facet normal -0.941579 0.336793 0
    outer loop
      vertex 78.9116 5.16845 8
      vertex 78.9934 5.39714 9.9
      vertex 78.9934 5.39714 8
    endloop
  endfacet
  facet normal -0.941579 0.336793 0
    outer loop
      vertex 78.9934 5.39714 9.9
      vertex 78.9116 5.16845 8
      vertex 78.9116 5.16845 9.9
    endloop
  endfacet
  facet normal -0.421467 -0.568306 0.706679
    outer loop
      vertex 80.0271 2.9233 10.4
      vertex 79.7099 2.5368 9.9
      vertex 79.905 2.39211 9.9
    endloop
  endfacet
  facet normal -0.699848 -0.10399 0.706682
    outer loop
      vertex 79.3145 4.25642 10.4
      vertex 78.8169 4.20741 9.9
      vertex 78.8526 3.96715 9.9
    endloop
  endfacet
  facet normal 0.0347224 0.706682 0.706679
    outer loop
      vertex 81.5226 6.91308 9.9
      vertex 81.28 6.925 9.9
      vertex 81.4736 6.41549 10.4
    endloop
  endfacet
  facet normal -0.68637 -0.171949 0.706632
    outer loop
      vertex 79.3429 4.0647 10.4
      vertex 78.9116 3.73155 9.9
      vertex 79.39 3.87669 10.4
    endloop
  endfacet
  facet normal -0.904067 0.427391 0
    outer loop
      vertex 78.9934 5.39714 8
      vertex 79.0972 5.61671 9.9
      vertex 79.0972 5.61671 8
    endloop
  endfacet
  facet normal -0.904067 0.427391 0
    outer loop
      vertex 79.0972 5.61671 9.9
      vertex 78.9934 5.39714 8
      vertex 78.9934 5.39714 9.9
    endloop
  endfacet
  facet normal 0.514132 -0.857711 0
    outer loop
      vertex 82.4467 2.26725 8
      vertex 82.655 2.39211 9.9
      vertex 82.4467 2.26725 9.9
    endloop
  endfacet
  facet normal 0.514132 -0.857711 0
    outer loop
      vertex 82.655 2.39211 9.9
      vertex 82.4467 2.26725 8
      vertex 82.655 2.39211 8
    endloop
  endfacet
  facet normal -0.475085 -0.52428 0.706699
    outer loop
      vertex 79.8835 3.05346 10.4
      vertex 79.5299 2.69991 9.9
      vertex 79.7099 2.5368 9.9
    endloop
  endfacet
  facet normal 0.904067 0.427391 0
    outer loop
      vertex 83.5666 5.39714 9.9
      vertex 83.4628 5.61671 8
      vertex 83.4628 5.61671 9.9
    endloop
  endfacet
  facet normal 0.904067 0.427391 0
    outer loop
      vertex 83.4628 5.61671 8
      vertex 83.5666 5.39714 9.9
      vertex 83.5666 5.39714 8
    endloop
  endfacet
  facet normal -0.857671 -0.514199 0
    outer loop
      vertex 79.2221 3.07496 8
      vertex 79.0972 3.28329 9.9
      vertex 79.0972 3.28329 8
    endloop
  endfacet
  facet normal -0.857671 -0.514199 0
    outer loop
      vertex 79.0972 3.28329 9.9
      vertex 79.2221 3.07496 8
      vertex 79.2221 3.07496 9.9
    endloop
  endfacet
  facet normal -0.706681 -0.0346806 0.706681
    outer loop
      vertex 79.305 4.45 10.4
      vertex 78.805 4.45 9.9
      vertex 79.3145 4.25642 10.4
    endloop
  endfacet
  facet normal -0.686399 0.171891 0.706619
    outer loop
      vertex 78.9116 5.16845 9.9
      vertex 78.8526 4.93285 9.9
      vertex 79.3429 4.8353 10.4
    endloop
  endfacet
  facet normal 0.666213 0.23839 0.706633
    outer loop
      vertex 83.6484 5.16845 9.9
      vertex 83.1047 5.2058 10.4
      vertex 83.17 5.02331 10.4
    endloop
  endfacet
  facet normal -0.475085 0.52428 0.706699
    outer loop
      vertex 79.7099 6.3632 9.9
      vertex 79.5299 6.20009 9.9
      vertex 79.8835 5.84654 10.4
    endloop
  endfacet
  facet normal 0.171909 0.686321 0.70669
    outer loop
      vertex 81.9985 6.81843 9.9
      vertex 81.6653 6.38705 10.4
      vertex 81.8533 6.33996 10.4
    endloop
  endfacet
  facet normal 0.475085 0.52428 0.706699
    outer loop
      vertex 82.8501 6.3632 9.9
      vertex 82.6765 5.84654 10.4
      vertex 83.0301 6.20009 9.9
    endloop
  endfacet
  facet normal 0.171909 -0.686321 0.70669
    outer loop
      vertex 81.8533 2.56004 10.4
      vertex 81.6653 2.51295 10.4
      vertex 81.9985 2.08157 9.9
    endloop
  endfacet
  facet normal -0.524182 -0.475235 0.706672
    outer loop
      vertex 79.7533 3.19707 10.4
      vertex 79.3668 2.87988 9.9
      vertex 79.8835 3.05346 10.4
    endloop
  endfacet
  facet normal 0.302529 -0.639592 0.706681
    outer loop
      vertex 82.211 2.70821 10.4
      vertex 82.0358 2.62534 10.4
      vertex 82.4467 2.26725 9.9
    endloop
  endfacet
  facet normal -0.475168 0.524233 0.706679
    outer loop
      vertex 80.0271 5.9767 10.4
      vertex 79.7099 6.3632 9.9
      vertex 79.8835 5.84654 10.4
    endloop
  endfacet
  facet normal 0.421614 -0.568239 0.706644
    outer loop
      vertex 82.5329 2.9233 10.4
      vertex 82.3773 2.80785 10.4
      vertex 82.655 2.39211 9.9
    endloop
  endfacet
  facet normal -0.421467 0.568306 0.706679
    outer loop
      vertex 79.905 6.50789 9.9
      vertex 79.7099 6.3632 9.9
      vertex 80.0271 5.9767 10.4
    endloop
  endfacet
  facet normal 0.706681 -0.0346806 0.706681
    outer loop
      vertex 83.255 4.45 10.4
      vertex 83.2455 4.25642 10.4
      vertex 83.755 4.45 9.9
    endloop
  endfacet
  facet normal -0.568273 -0.421515 0.706676
    outer loop
      vertex 79.7533 3.19707 10.4
      vertex 79.2221 3.07496 9.9
      vertex 79.3668 2.87988 9.9
    endloop
  endfacet
  facet normal -0.421614 -0.568239 0.706644
    outer loop
      vertex 80.0271 2.9233 10.4
      vertex 79.905 2.39211 9.9
      vertex 80.1827 2.80785 10.4
    endloop
  endfacet
  facet normal -0.363766 -0.606859 0.70668
    outer loop
      vertex 80.349 2.70821 10.4
      vertex 79.905 2.39211 9.9
      vertex 80.1133 2.26725 9.9
    endloop
  endfacet
  facet normal 0.857671 -0.514199 0
    outer loop
      vertex 83.3379 3.07496 9.9
      vertex 83.4628 3.28329 8
      vertex 83.4628 3.28329 9.9
    endloop
  endfacet
  facet normal 0.857671 -0.514199 0
    outer loop
      vertex 83.4628 3.28329 8
      vertex 83.3379 3.07496 9.9
      vertex 83.3379 3.07496 8
    endloop
  endfacet
  facet normal 0.524253 -0.475111 0.706703
    outer loop
      vertex 83.1932 2.87988 9.9
      vertex 82.6765 3.05346 10.4
      vertex 83.0301 2.69991 9.9
    endloop
  endfacet
  facet normal 0.639532 -0.302592 0.706709
    outer loop
      vertex 83.1047 3.6942 10.4
      vertex 83.0218 3.51899 10.4
      vertex 83.4628 3.28329 9.9
    endloop
  endfacet
  facet normal -0.68637 0.171949 0.706632
    outer loop
      vertex 79.39 5.02331 10.4
      vertex 78.9116 5.16845 9.9
      vertex 79.3429 4.8353 10.4
    endloop
  endfacet
  facet normal -0.10383 -0.699869 0.706685
    outer loop
      vertex 80.8947 2.51295 10.4
      vertex 80.7971 2.02256 9.9
      vertex 81.0864 2.48451 10.4
    endloop
  endfacet
  facet normal -0.302529 -0.639592 0.706681
    outer loop
      vertex 80.349 2.70821 10.4
      vertex 80.1133 2.26725 9.9
      vertex 80.5242 2.62534 10.4
    endloop
  endfacet
  facet normal 0.706679 0.0346654 0.706685
    outer loop
      vertex 83.7431 4.69259 9.9
      vertex 83.2455 4.64358 10.4
      vertex 83.755 4.45 9.9
    endloop
  endfacet
  facet normal 0.242865 0.97006 -0
    outer loop
      vertex 81.9985 6.81843 8
      vertex 81.7628 6.87744 9.9
      vertex 81.9985 6.81843 9.9
    endloop
  endfacet
  facet normal 0.242865 0.97006 0
    outer loop
      vertex 81.7628 6.87744 9.9
      vertex 81.9985 6.81843 8
      vertex 81.7628 6.87744 8
    endloop
  endfacet
  facet normal 0.514132 0.857711 -0
    outer loop
      vertex 82.655 6.50789 8
      vertex 82.4467 6.63275 9.9
      vertex 82.655 6.50789 9.9
    endloop
  endfacet
  facet normal 0.514132 0.857711 0
    outer loop
      vertex 82.4467 6.63275 9.9
      vertex 82.655 6.50789 8
      vertex 82.4467 6.63275 8
    endloop
  endfacet
  facet normal -0.606811 0.363801 0.706703
    outer loop
      vertex 79.2221 5.82504 9.9
      vertex 79.0972 5.61671 9.9
      vertex 79.5382 5.38101 10.4
    endloop
  endfacet
  facet normal 0.524253 0.475111 0.706703
    outer loop
      vertex 83.0301 6.20009 9.9
      vertex 82.6765 5.84654 10.4
      vertex 83.1932 6.02012 9.9
    endloop
  endfacet
  facet normal -0.606955 -0.363648 0.706658
    outer loop
      vertex 79.5382 3.51899 10.4
      vertex 79.2221 3.07496 9.9
      vertex 79.6378 3.35275 10.4
    endloop
  endfacet
  facet normal 0.0347135 0.706681 0.706681
    outer loop
      vertex 81.28 6.925 9.9
      vertex 81.28 6.425 10.4
      vertex 81.4736 6.41549 10.4
    endloop
  endfacet
  facet normal 0.363663 0.606956 0.70665
    outer loop
      vertex 82.655 6.50789 9.9
      vertex 82.211 6.19179 10.4
      vertex 82.3773 6.09215 10.4
    endloop
  endfacet
  facet normal -0.514132 -0.857711 0
    outer loop
      vertex 79.905 2.39211 8
      vertex 80.1133 2.26725 9.9
      vertex 79.905 2.39211 9.9
    endloop
  endfacet
  facet normal -0.514132 -0.857711 -0
    outer loop
      vertex 80.1133 2.26725 9.9
      vertex 79.905 2.39211 8
      vertex 80.1133 2.26725 8
    endloop
  endfacet
  facet normal -0.568243 -0.421583 0.70666
    outer loop
      vertex 79.6378 3.35275 10.4
      vertex 79.2221 3.07496 9.9
      vertex 79.7533 3.19707 10.4
    endloop
  endfacet
  facet normal -0.421614 0.568239 0.706644
    outer loop
      vertex 80.1827 6.09215 10.4
      vertex 79.905 6.50789 9.9
      vertex 80.0271 5.9767 10.4
    endloop
  endfacet
  facet normal -0.639532 -0.302592 0.706709
    outer loop
      vertex 79.4553 3.6942 10.4
      vertex 79.0972 3.28329 9.9
      vertex 79.5382 3.51899 10.4
    endloop
  endfacet
  facet normal -0.639678 -0.302403 0.706658
    outer loop
      vertex 79.4553 3.6942 10.4
      vertex 78.9934 3.50286 9.9
      vertex 79.0972 3.28329 9.9
    endloop
  endfacet
  facet normal -0.706681 0.0346806 0.706681
    outer loop
      vertex 79.3145 4.64358 10.4
      vertex 78.805 4.45 9.9
      vertex 79.305 4.45 10.4
    endloop
  endfacet
  facet normal -0.699848 0.10399 0.706682
    outer loop
      vertex 78.8526 4.93285 9.9
      vertex 78.8169 4.69259 9.9
      vertex 79.3145 4.64358 10.4
    endloop
  endfacet
  facet normal 0.302483 0.639627 0.706669
    outer loop
      vertex 82.2271 6.7366 9.9
      vertex 82.0358 6.27466 10.4
      vertex 82.4467 6.63275 9.9
    endloop
  endfacet
  facet normal 0 0 1
    outer loop
      vertex 83.2455 4.64358 10.4
      vertex 83.2455 4.25642 10.4
      vertex 83.255 4.45 10.4
    endloop
  endfacet
  facet normal 0 0 1
    outer loop
      vertex 83.217 4.8353 10.4
      vertex 83.2455 4.25642 10.4
      vertex 83.2455 4.64358 10.4
    endloop
  endfacet
  facet normal 0 0 1
    outer loop
      vertex 83.217 4.8353 10.4
      vertex 83.217 4.0647 10.4
      vertex 83.2455 4.25642 10.4
    endloop
  endfacet
  facet normal 0 0 1
    outer loop
      vertex 83.17 5.02331 10.4
      vertex 83.217 4.0647 10.4
      vertex 83.217 4.8353 10.4
    endloop
  endfacet
  facet normal 0 0 1
    outer loop
      vertex 83.17 5.02331 10.4
      vertex 83.17 3.87669 10.4
      vertex 83.217 4.0647 10.4
    endloop
  endfacet
  facet normal 0 0 1
    outer loop
      vertex 83.1047 5.2058 10.4
      vertex 83.17 3.87669 10.4
      vertex 83.17 5.02331 10.4
    endloop
  endfacet
  facet normal 0 0 1
    outer loop
      vertex 83.1047 5.2058 10.4
      vertex 83.1047 3.6942 10.4
      vertex 83.17 3.87669 10.4
    endloop
  endfacet
  facet normal 0 0 1
    outer loop
      vertex 83.0218 5.38101 10.4
      vertex 83.1047 3.6942 10.4
      vertex 83.1047 5.2058 10.4
    endloop
  endfacet
  facet normal 0 0 1
    outer loop
      vertex 83.0218 5.38101 10.4
      vertex 83.0218 3.51899 10.4
      vertex 83.1047 3.6942 10.4
    endloop
  endfacet
  facet normal 0 0 1
    outer loop
      vertex 82.9221 5.54725 10.4
      vertex 83.0218 3.51899 10.4
      vertex 83.0218 5.38101 10.4
    endloop
  endfacet
  facet normal 0 0 1
    outer loop
      vertex 82.9221 5.54725 10.4
      vertex 82.9221 3.35275 10.4
      vertex 83.0218 3.51899 10.4
    endloop
  endfacet
  facet normal 0 0 1
    outer loop
      vertex 82.8067 5.70293 10.4
      vertex 82.9221 3.35275 10.4
      vertex 82.9221 5.54725 10.4
    endloop
  endfacet
  facet normal 0 0 1
    outer loop
      vertex 82.8067 5.70293 10.4
      vertex 82.8067 3.19707 10.4
      vertex 82.9221 3.35275 10.4
    endloop
  endfacet
  facet normal 0 0 1
    outer loop
      vertex 82.6765 5.84654 10.4
      vertex 82.8067 3.19707 10.4
      vertex 82.8067 5.70293 10.4
    endloop
  endfacet
  facet normal 0 0 1
    outer loop
      vertex 82.6765 5.84654 10.4
      vertex 82.6765 3.05346 10.4
      vertex 82.8067 3.19707 10.4
    endloop
  endfacet
  facet normal 0 0 1
    outer loop
      vertex 82.5329 5.9767 10.4
      vertex 82.6765 3.05346 10.4
      vertex 82.6765 5.84654 10.4
    endloop
  endfacet
  facet normal 0 0 1
    outer loop
      vertex 82.5329 5.9767 10.4
      vertex 82.5329 2.9233 10.4
      vertex 82.6765 3.05346 10.4
    endloop
  endfacet
  facet normal 0 0 1
    outer loop
      vertex 82.3773 6.09215 10.4
      vertex 82.5329 2.9233 10.4
      vertex 82.5329 5.9767 10.4
    endloop
  endfacet
  facet normal 0 0 1
    outer loop
      vertex 82.3773 6.09215 10.4
      vertex 82.3773 2.80785 10.4
      vertex 82.5329 2.9233 10.4
    endloop
  endfacet
  facet normal 0 0 1
    outer loop
      vertex 82.211 6.19179 10.4
      vertex 82.3773 2.80785 10.4
      vertex 82.3773 6.09215 10.4
    endloop
  endfacet
  facet normal 0 0 1
    outer loop
      vertex 82.211 6.19179 10.4
      vertex 82.211 2.70821 10.4
      vertex 82.3773 2.80785 10.4
    endloop
  endfacet
  facet normal 0 0 1
    outer loop
      vertex 82.0358 6.27466 10.4
      vertex 82.211 2.70821 10.4
      vertex 82.211 6.19179 10.4
    endloop
  endfacet
  facet normal 0 0 1
    outer loop
      vertex 82.0358 6.27466 10.4
      vertex 82.0358 2.62534 10.4
      vertex 82.211 2.70821 10.4
    endloop
  endfacet
  facet normal 0 0 1
    outer loop
      vertex 81.8533 6.33996 10.4
      vertex 82.0358 2.62534 10.4
      vertex 82.0358 6.27466 10.4
    endloop
  endfacet
  facet normal 0 0 1
    outer loop
      vertex 81.8533 6.33996 10.4
      vertex 81.8533 2.56004 10.4
      vertex 82.0358 2.62534 10.4
    endloop
  endfacet
  facet normal 0 0 1
    outer loop
      vertex 81.6653 6.38705 10.4
      vertex 81.8533 2.56004 10.4
      vertex 81.8533 6.33996 10.4
    endloop
  endfacet
  facet normal 0 0 1
    outer loop
      vertex 81.6653 6.38705 10.4
      vertex 81.6653 2.51295 10.4
      vertex 81.8533 2.56004 10.4
    endloop
  endfacet
  facet normal 0 0 1
    outer loop
      vertex 81.4736 6.41549 10.4
      vertex 81.6653 2.51295 10.4
      vertex 81.6653 6.38705 10.4
    endloop
  endfacet
  facet normal 0 0 1
    outer loop
      vertex 81.4736 6.41549 10.4
      vertex 81.4736 2.48451 10.4
      vertex 81.6653 2.51295 10.4
    endloop
  endfacet
  facet normal 0 0 1
    outer loop
      vertex 81.28 6.425 10.4
      vertex 81.4736 2.48451 10.4
      vertex 81.4736 6.41549 10.4
    endloop
  endfacet
  facet normal 0 0 1
    outer loop
      vertex 81.28 6.425 10.4
      vertex 81.28 2.475 10.4
      vertex 81.4736 2.48451 10.4
    endloop
  endfacet
  facet normal -0 0 1
    outer loop
      vertex 81.0864 6.41549 10.4
      vertex 81.28 2.475 10.4
      vertex 81.28 6.425 10.4
    endloop
  endfacet
  facet normal 0 0 1
    outer loop
      vertex 81.0864 6.41549 10.4
      vertex 81.0864 2.48451 10.4
      vertex 81.28 2.475 10.4
    endloop
  endfacet
  facet normal -0 0 1
    outer loop
      vertex 80.8947 6.38705 10.4
      vertex 81.0864 2.48451 10.4
      vertex 81.0864 6.41549 10.4
    endloop
  endfacet
  facet normal 0 0 1
    outer loop
      vertex 80.8947 6.38705 10.4
      vertex 80.8947 2.51295 10.4
      vertex 81.0864 2.48451 10.4
    endloop
  endfacet
  facet normal -0 0 1
    outer loop
      vertex 80.7067 6.33996 10.4
      vertex 80.8947 2.51295 10.4
      vertex 80.8947 6.38705 10.4
    endloop
  endfacet
  facet normal 0 0 1
    outer loop
      vertex 80.7067 6.33996 10.4
      vertex 80.7067 2.56004 10.4
      vertex 80.8947 2.51295 10.4
    endloop
  endfacet
  facet normal -0 0 1
    outer loop
      vertex 80.5242 6.27466 10.4
      vertex 80.7067 2.56004 10.4
      vertex 80.7067 6.33996 10.4
    endloop
  endfacet
  facet normal 0 0 1
    outer loop
      vertex 80.5242 6.27466 10.4
      vertex 80.5242 2.62534 10.4
      vertex 80.7067 2.56004 10.4
    endloop
  endfacet
  facet normal -0 0 1
    outer loop
      vertex 80.349 6.19179 10.4
      vertex 80.5242 2.62534 10.4
      vertex 80.5242 6.27466 10.4
    endloop
  endfacet
  facet normal 0 0 1
    outer loop
      vertex 80.349 6.19179 10.4
      vertex 80.349 2.70821 10.4
      vertex 80.5242 2.62534 10.4
    endloop
  endfacet
  facet normal -0 0 1
    outer loop
      vertex 80.1827 6.09215 10.4
      vertex 80.349 2.70821 10.4
      vertex 80.349 6.19179 10.4
    endloop
  endfacet
  facet normal 0 0 1
    outer loop
      vertex 80.1827 6.09215 10.4
      vertex 80.1827 2.80785 10.4
      vertex 80.349 2.70821 10.4
    endloop
  endfacet
  facet normal -0 0 1
    outer loop
      vertex 80.0271 5.9767 10.4
      vertex 80.1827 2.80785 10.4
      vertex 80.1827 6.09215 10.4
    endloop
  endfacet
  facet normal 0 0 1
    outer loop
      vertex 80.0271 5.9767 10.4
      vertex 80.0271 2.9233 10.4
      vertex 80.1827 2.80785 10.4
    endloop
  endfacet
  facet normal -0 0 1
    outer loop
      vertex 79.8835 5.84654 10.4
      vertex 80.0271 2.9233 10.4
      vertex 80.0271 5.9767 10.4
    endloop
  endfacet
  facet normal 0 0 1
    outer loop
      vertex 79.8835 5.84654 10.4
      vertex 79.8835 3.05346 10.4
      vertex 80.0271 2.9233 10.4
    endloop
  endfacet
  facet normal -0 0 1
    outer loop
      vertex 79.7533 5.70293 10.4
      vertex 79.8835 3.05346 10.4
      vertex 79.8835 5.84654 10.4
    endloop
  endfacet
  facet normal 0 0 1
    outer loop
      vertex 79.7533 5.70293 10.4
      vertex 79.7533 3.19707 10.4
      vertex 79.8835 3.05346 10.4
    endloop
  endfacet
  facet normal -0 0 1
    outer loop
      vertex 79.6378 5.54725 10.4
      vertex 79.7533 3.19707 10.4
      vertex 79.7533 5.70293 10.4
    endloop
  endfacet
  facet normal 0 0 1
    outer loop
      vertex 79.6378 5.54725 10.4
      vertex 79.6378 3.35275 10.4
      vertex 79.7533 3.19707 10.4
    endloop
  endfacet
  facet normal -0 0 1
    outer loop
      vertex 79.5382 5.38101 10.4
      vertex 79.6378 3.35275 10.4
      vertex 79.6378 5.54725 10.4
    endloop
  endfacet
  facet normal 0 0 1
    outer loop
      vertex 79.5382 5.38101 10.4
      vertex 79.5382 3.51899 10.4
      vertex 79.6378 3.35275 10.4
    endloop
  endfacet
  facet normal -0 0 1
    outer loop
      vertex 79.4553 5.2058 10.4
      vertex 79.5382 3.51899 10.4
      vertex 79.5382 5.38101 10.4
    endloop
  endfacet
  facet normal 0 0 1
    outer loop
      vertex 79.4553 5.2058 10.4
      vertex 79.4553 3.6942 10.4
      vertex 79.5382 3.51899 10.4
    endloop
  endfacet
  facet normal -0 0 1
    outer loop
      vertex 79.39 5.02331 10.4
      vertex 79.4553 3.6942 10.4
      vertex 79.4553 5.2058 10.4
    endloop
  endfacet
  facet normal 0 0 1
    outer loop
      vertex 79.39 5.02331 10.4
      vertex 79.39 3.87669 10.4
      vertex 79.4553 3.6942 10.4
    endloop
  endfacet
  facet normal -0 0 1
    outer loop
      vertex 79.3429 4.8353 10.4
      vertex 79.39 3.87669 10.4
      vertex 79.39 5.02331 10.4
    endloop
  endfacet
  facet normal 0 0 1
    outer loop
      vertex 79.3429 4.8353 10.4
      vertex 79.3429 4.0647 10.4
      vertex 79.39 3.87669 10.4
    endloop
  endfacet
  facet normal -0 0 1
    outer loop
      vertex 79.3145 4.64358 10.4
      vertex 79.3429 4.0647 10.4
      vertex 79.3429 4.8353 10.4
    endloop
  endfacet
  facet normal 0 0 1
    outer loop
      vertex 79.3145 4.64358 10.4
      vertex 79.3145 4.25642 10.4
      vertex 79.3429 4.0647 10.4
    endloop
  endfacet
  facet normal 0 -0 1
    outer loop
      vertex 79.3145 4.25642 10.4
      vertex 79.3145 4.64358 10.4
      vertex 79.305 4.45 10.4
    endloop
  endfacet
  facet normal -0.639532 0.302592 0.706709
    outer loop
      vertex 79.5382 5.38101 10.4
      vertex 79.0972 5.61671 9.9
      vertex 79.4553 5.2058 10.4
    endloop
  endfacet
  facet normal 0.699848 0.10399 0.706682
    outer loop
      vertex 83.7074 4.93285 9.9
      vertex 83.2455 4.64358 10.4
      vertex 83.7431 4.69259 9.9
    endloop
  endfacet
  facet normal -0.171909 0.686321 0.70669
    outer loop
      vertex 80.8947 6.38705 10.4
      vertex 80.5615 6.81843 9.9
      vertex 80.7067 6.33996 10.4
    endloop
  endfacet
  facet normal 0.238455 -0.666147 0.706673
    outer loop
      vertex 82.0358 2.62534 10.4
      vertex 81.9985 2.08157 9.9
      vertex 82.2271 2.1634 9.9
    endloop
  endfacet
  facet normal 0.941579 0.336793 0
    outer loop
      vertex 83.6484 5.16845 9.9
      vertex 83.5666 5.39714 8
      vertex 83.5666 5.39714 9.9
    endloop
  endfacet
  facet normal 0.941579 0.336793 0
    outer loop
      vertex 83.5666 5.39714 8
      vertex 83.6484 5.16845 9.9
      vertex 83.6484 5.16845 8
    endloop
  endfacet
  facet normal 0.686465 0.171607 0.706624
    outer loop
      vertex 83.6484 5.16845 9.9
      vertex 83.17 5.02331 10.4
      vertex 83.217 4.8353 10.4
    endloop
  endfacet
  facet normal -0.0347224 -0.706682 0.706679
    outer loop
      vertex 81.0864 2.48451 10.4
      vertex 81.0374 1.98692 9.9
      vertex 81.28 1.975 9.9
    endloop
  endfacet
  facet normal 0.606736 0.363881 0.706726
    outer loop
      vertex 83.3379 5.82504 9.9
      vertex 82.9221 5.54725 10.4
      vertex 83.0218 5.38101 10.4
    endloop
  endfacet
  facet normal 0.857671 0.514199 0
    outer loop
      vertex 83.4628 5.61671 9.9
      vertex 83.3379 5.82504 8
      vertex 83.3379 5.82504 9.9
    endloop
  endfacet
  facet normal 0.857671 0.514199 0
    outer loop
      vertex 83.3379 5.82504 8
      vertex 83.4628 5.61671 9.9
      vertex 83.4628 5.61671 8
    endloop
  endfacet
  facet normal 0.14677 -0.989171 0
    outer loop
      vertex 81.5226 1.98692 8
      vertex 81.7628 2.02256 9.9
      vertex 81.5226 1.98692 9.9
    endloop
  endfacet
  facet normal 0.14677 -0.989171 0
    outer loop
      vertex 81.7628 2.02256 9.9
      vertex 81.5226 1.98692 8
      vertex 81.7628 2.02256 8
    endloop
  endfacet
  facet normal 0.171837 0.686357 0.706673
    outer loop
      vertex 81.7628 6.87744 9.9
      vertex 81.6653 6.38705 10.4
      vertex 81.9985 6.81843 9.9
    endloop
  endfacet
  facet normal 0.606811 0.363801 0.706703
    outer loop
      vertex 83.3379 5.82504 9.9
      vertex 83.0218 5.38101 10.4
      vertex 83.4628 5.61671 9.9
    endloop
  endfacet
  facet normal 0.475085 -0.52428 0.706699
    outer loop
      vertex 83.0301 2.69991 9.9
      vertex 82.6765 3.05346 10.4
      vertex 82.8501 2.5368 9.9
    endloop
  endfacet
  facet normal -0.0490752 -0.998795 0
    outer loop
      vertex 81.0374 1.98692 8
      vertex 81.28 1.975 9.9
      vertex 81.0374 1.98692 9.9
    endloop
  endfacet
  facet normal -0.0490752 -0.998795 -0
    outer loop
      vertex 81.28 1.975 9.9
      vertex 81.0374 1.98692 8
      vertex 81.28 1.975 8
    endloop
  endfacet
  facet normal -0.699963 0.103687 0.706613
    outer loop
      vertex 79.3429 4.8353 10.4
      vertex 78.8526 4.93285 9.9
      vertex 79.3145 4.64358 10.4
    endloop
  endfacet
  facet normal 0.103832 -0.699879 0.706674
    outer loop
      vertex 81.6653 2.51295 10.4
      vertex 81.4736 2.48451 10.4
      vertex 81.7628 2.02256 9.9
    endloop
  endfacet
  facet normal 0.103832 0.699879 0.706674
    outer loop
      vertex 81.7628 6.87744 9.9
      vertex 81.4736 6.41549 10.4
      vertex 81.6653 6.38705 10.4
    endloop
  endfacet
  facet normal 0.33702 -0.941498 0
    outer loop
      vertex 81.9985 2.08157 8
      vertex 82.2271 2.1634 9.9
      vertex 81.9985 2.08157 9.9
    endloop
  endfacet
  facet normal 0.33702 -0.941498 0
    outer loop
      vertex 82.2271 2.1634 9.9
      vertex 81.9985 2.08157 8
      vertex 82.2271 2.1634 8
    endloop
  endfacet
  facet normal 0.706681 0.0346806 0.706681
    outer loop
      vertex 83.755 4.45 9.9
      vertex 83.2455 4.64358 10.4
      vertex 83.255 4.45 10.4
    endloop
  endfacet
  facet normal 0.568366 0.421309 0.706724
    outer loop
      vertex 83.3379 5.82504 9.9
      vertex 82.8067 5.70293 10.4
      vertex 82.9221 5.54725 10.4
    endloop
  endfacet
  facet normal -0.302529 0.639592 0.706681
    outer loop
      vertex 80.5242 6.27466 10.4
      vertex 80.1133 6.63275 9.9
      vertex 80.349 6.19179 10.4
    endloop
  endfacet
  facet normal 0.427511 0.90401 -0
    outer loop
      vertex 82.4467 6.63275 8
      vertex 82.2271 6.7366 9.9
      vertex 82.4467 6.63275 9.9
    endloop
  endfacet
  facet normal 0.427511 0.90401 0
    outer loop
      vertex 82.2271 6.7366 9.9
      vertex 82.4467 6.63275 8
      vertex 82.2271 6.7366 8
    endloop
  endfacet
  facet normal -0.427511 -0.90401 0
    outer loop
      vertex 80.1133 2.26725 8
      vertex 80.3329 2.1634 9.9
      vertex 80.1133 2.26725 9.9
    endloop
  endfacet
  facet normal -0.427511 -0.90401 -0
    outer loop
      vertex 80.3329 2.1634 9.9
      vertex 80.1133 2.26725 8
      vertex 80.3329 2.1634 8
    endloop
  endfacet
  facet normal -0.171902 -0.686324 0.706688
    outer loop
      vertex 80.8947 2.51295 10.4
      vertex 80.5615 2.08157 9.9
      vertex 80.7971 2.02256 9.9
    endloop
  endfacet
  facet normal 0.475168 0.524233 0.706679
    outer loop
      vertex 82.8501 6.3632 9.9
      vertex 82.5329 5.9767 10.4
      vertex 82.6765 5.84654 10.4
    endloop
  endfacet
  facet normal -0.998799 0.048995 0
    outer loop
      vertex 78.805 4.45 8
      vertex 78.8169 4.69259 9.9
      vertex 78.8169 4.69259 8
    endloop
  endfacet
  facet normal -0.998799 0.048995 0
    outer loop
      vertex 78.8169 4.69259 9.9
      vertex 78.805 4.45 8
      vertex 78.805 4.45 9.9
    endloop
  endfacet
  facet normal 0.666225 0.238302 0.706652
    outer loop
      vertex 83.5666 5.39714 9.9
      vertex 83.1047 5.2058 10.4
      vertex 83.6484 5.16845 9.9
    endloop
  endfacet
  facet normal 0.238455 0.666147 0.706673
    outer loop
      vertex 82.2271 6.7366 9.9
      vertex 81.9985 6.81843 9.9
      vertex 82.0358 6.27466 10.4
    endloop
  endfacet
  facet normal 0.238358 0.66616 0.706694
    outer loop
      vertex 81.9985 6.81843 9.9
      vertex 81.8533 6.33996 10.4
      vertex 82.0358 6.27466 10.4
    endloop
  endfacet
  facet normal 0.639532 0.302592 0.706709
    outer loop
      vertex 83.4628 5.61671 9.9
      vertex 83.0218 5.38101 10.4
      vertex 83.1047 5.2058 10.4
    endloop
  endfacet
  facet normal 0.639678 0.302403 0.706658
    outer loop
      vertex 83.4628 5.61671 9.9
      vertex 83.1047 5.2058 10.4
      vertex 83.5666 5.39714 9.9
    endloop
  endfacet
  facet normal 0.363766 0.606859 0.70668
    outer loop
      vertex 82.4467 6.63275 9.9
      vertex 82.211 6.19179 10.4
      vertex 82.655 6.50789 9.9
    endloop
  endfacet
  facet normal 0.666225 -0.238302 0.706652
    outer loop
      vertex 83.6484 3.73155 9.9
      vertex 83.1047 3.6942 10.4
      vertex 83.5666 3.50286 9.9
    endloop
  endfacet
  facet normal -0.475168 -0.524233 0.706679
    outer loop
      vertex 79.8835 3.05346 10.4
      vertex 79.7099 2.5368 9.9
      vertex 80.0271 2.9233 10.4
    endloop
  endfacet
  facet normal 0.80317 -0.595749 0
    outer loop
      vertex 83.1932 2.87988 9.9
      vertex 83.3379 3.07496 8
      vertex 83.3379 3.07496 9.9
    endloop
  endfacet
  facet normal 0.80317 -0.595749 0
    outer loop
      vertex 83.3379 3.07496 8
      vertex 83.1932 2.87988 9.9
      vertex 83.1932 2.87988 8
    endloop
  endfacet
  facet normal 0.686465 -0.171607 0.706624
    outer loop
      vertex 83.217 4.0647 10.4
      vertex 83.17 3.87669 10.4
      vertex 83.6484 3.73155 9.9
    endloop
  endfacet
  facet normal -0.171909 -0.686321 0.70669
    outer loop
      vertex 80.7067 2.56004 10.4
      vertex 80.5615 2.08157 9.9
      vertex 80.8947 2.51295 10.4
    endloop
  endfacet
  facet normal 0.0490752 -0.998795 0
    outer loop
      vertex 81.28 1.975 8
      vertex 81.5226 1.98692 9.9
      vertex 81.28 1.975 9.9
    endloop
  endfacet
  facet normal 0.0490752 -0.998795 0
    outer loop
      vertex 81.5226 1.98692 9.9
      vertex 81.28 1.975 8
      vertex 81.5226 1.98692 8
    endloop
  endfacet
  facet normal -0.238455 -0.666147 0.706673
    outer loop
      vertex 80.5242 2.62534 10.4
      vertex 80.3329 2.1634 9.9
      vertex 80.5615 2.08157 9.9
    endloop
  endfacet
  facet normal 0.363766 -0.606859 0.70668
    outer loop
      vertex 82.655 2.39211 9.9
      vertex 82.211 2.70821 10.4
      vertex 82.4467 2.26725 9.9
    endloop
  endfacet
  facet normal 0.302529 0.639592 0.706681
    outer loop
      vertex 82.4467 6.63275 9.9
      vertex 82.0358 6.27466 10.4
      vertex 82.211 6.19179 10.4
    endloop
  endfacet
  facet normal 0.0347224 -0.706682 0.706679
    outer loop
      vertex 81.4736 2.48451 10.4
      vertex 81.28 1.975 9.9
      vertex 81.5226 1.98692 9.9
    endloop
  endfacet
  facet normal 0.686332 0.171874 0.706687
    outer loop
      vertex 83.6484 5.16845 9.9
      vertex 83.217 4.8353 10.4
      vertex 83.7074 4.93285 9.9
    endloop
  endfacet
  facet normal 0.666213 -0.23839 0.706633
    outer loop
      vertex 83.17 3.87669 10.4
      vertex 83.1047 3.6942 10.4
      vertex 83.6484 3.73155 9.9
    endloop
  endfacet
  facet normal -0.238358 -0.66616 0.706694
    outer loop
      vertex 80.7067 2.56004 10.4
      vertex 80.5242 2.62534 10.4
      vertex 80.5615 2.08157 9.9
    endloop
  endfacet
  facet normal -0.242962 -0.970036 0
    outer loop
      vertex 80.5615 2.08157 8
      vertex 80.7971 2.02256 9.9
      vertex 80.5615 2.08157 9.9
    endloop
  endfacet
  facet normal -0.242962 -0.970036 -0
    outer loop
      vertex 80.7971 2.02256 9.9
      vertex 80.5615 2.08157 8
      vertex 80.7971 2.02256 8
    endloop
  endfacet
  facet normal 0.421467 -0.568306 0.706679
    outer loop
      vertex 82.8501 2.5368 9.9
      vertex 82.5329 2.9233 10.4
      vertex 82.655 2.39211 9.9
    endloop
  endfacet
  facet normal 0.475168 -0.524233 0.706679
    outer loop
      vertex 82.6765 3.05346 10.4
      vertex 82.5329 2.9233 10.4
      vertex 82.8501 2.5368 9.9
    endloop
  endfacet
endsolid OpenSCAD_Model
